{
"type": "FeatureCollection",
"name": "PVZ",
"crs": { "type": "name", "properties": { "name": "urn:ogc:def:crs:EPSG::3857" } },
"features": [
{ "type": "Feature", "properties": { "id": 72, "address": "г. Москва, м Площадь Ильича, Николоямская улица, д. 62", "workTime": "Ежедневно 10:00-21:00", "pickupType": 4, "fittingRooms": null, "status": 3 }, "geometry": { "type": "Point", "coordinates": [ 4193107.556432083714753, 7508101.44047166313976 ] } },
{ "type": "Feature", "properties": { "id": 73, "address": "г. Москва, м Жулебино, ул. Генерала Кузнецова, 14 корп. 1", "workTime": "Ежедневно 08:00-22:00", "pickupType": 4, "fittingRooms": null, "status": null }, "geometry": { "type": "Point", "coordinates": [ 4214392.314843759872019, 7496965.057898314669728 ] } },
{ "type": "Feature", "properties": { "id": 119, "address": "г. Москва, Симферопольский проезд д. 18", "workTime": "Ежедневно 10:00-21:00", "pickupType": null, "fittingRooms": null, "status": null }, "geometry": { "type": "Point", "coordinates": [ 4187147.888713364023715, 7492040.463779498822987 ] } },
{ "type": "Feature", "properties": { "id": 191, "address": "г. Москва, м. Бибирево, ул. Пришвина, 3Г", "workTime": "Ежедневно 10:00-21:00", "pickupType": 4, "fittingRooms": null, "status": null }, "geometry": { "type": "Point", "coordinates": [ 4184971.987518589012325, 7536528.214335199445486 ] } },
{ "type": "Feature", "properties": { "id": 429, "address": "г. Москва, м. Бабушкинская, проезд. Ясный, 19 стр. 2", "workTime": "Ежедневно 08:00-22:00", "pickupType": 4, "fittingRooms": 2, "status": null }, "geometry": { "type": "Point", "coordinates": [ 4187644.991131517104805, 7533803.598461208865047 ] } },
{ "type": "Feature", "properties": { "id": 493, "address": "г. Москва, м Первомайская, Измайловский бульвар, д. 43", "workTime": "Ежедневно 10:00-21:00", "pickupType": 4, "fittingRooms": null, "status": null }, "geometry": { "type": "Point", "coordinates": [ 4207635.56884678080678, 7518152.106315538287163 ] } },
{ "type": "Feature", "properties": { "id": 495, "address": "г. Москва, м. Спортивная, ул. Доватора, 6/6 корп. 8", "workTime": "Ежедневно 08:00-22:00", "pickupType": 4, "fittingRooms": null, "status": 3 }, "geometry": { "type": "Point", "coordinates": [ 4182096.04847394535318, 7503659.406471479684114 ] } },
{ "type": "Feature", "properties": { "id": 768, "address": "г. Москва, улица Судакова д. 4", "workTime": "Ежедневно 10:00-21:00", "pickupType": null, "fittingRooms": null, "status": null }, "geometry": { "type": "Point", "coordinates": [ 4201393.94266149867326, 7493460.714442108757794 ] } },
{ "type": "Feature", "properties": { "id": 770, "address": "г. Москва, м. Тушинская, ул. Свободы, 23", "workTime": "Ежедневно 08:00-22:00", "pickupType": 4, "fittingRooms": null, "status": null }, "geometry": { "type": "Point", "coordinates": [ 4169232.969993291888386, 7525357.618476293981075 ] } },
{ "type": "Feature", "properties": { "id": 771, "address": "г. Москва, м. Отрадное, ул. Каргопольская, 18 стр. 1", "workTime": "Ежедневно 08:00-22:00", "pickupType": 4, "fittingRooms": null, "status": null }, "geometry": { "type": "Point", "coordinates": [ 4184938.035073897335678, 7531484.623461096547544 ] } },
{ "type": "Feature", "properties": { "id": 954, "address": "г. Москва, м Скобелевская, Изюмская улица, д. 45", "workTime": "Ежедневно 10:00-21:00", "pickupType": 4, "fittingRooms": 4, "status": null }, "geometry": { "type": "Point", "coordinates": [ 4181964.300743396393955, 7468991.543004060164094 ] } },
{ "type": "Feature", "properties": { "id": 956, "address": "г. Москва, ул. Авиаконструктора Петлякова д. 9", "workTime": "Ежедневно 08:00-22:00", "pickupType": 4, "fittingRooms": null, "status": null }, "geometry": { "type": "Point", "coordinates": [ 4152516.459804201032966, 7483581.800837706774473 ] } },
{ "type": "Feature", "properties": { "id": 957, "address": "г. Москва, шоссе Энтузиастов д. 55", "workTime": "Ежедневно 10:00-21:00", "pickupType": null, "fittingRooms": null, "status": null }, "geometry": { "type": "Point", "coordinates": [ 4211011.397526988759637, 7513577.547534082084894 ] } },
{ "type": "Feature", "properties": { "id": 962, "address": "г. Москва, м Рязанский проспект, улица Паперника, д. 9", "workTime": "Ежедневно 08:00-22:00", "pickupType": 4, "fittingRooms": null, "status": null }, "geometry": { "type": "Point", "coordinates": [ 4206453.878499565646052, 7503120.890087372623384 ] } },
{ "type": "Feature", "properties": { "id": 967, "address": "г. Москва, м Текстильщики, 8-я улица Текстильщиков, д. 10", "workTime": "Ежедневно 10:00-21:00", "pickupType": 4, "fittingRooms": null, "status": null }, "geometry": { "type": "Point", "coordinates": [ 4201458.404105072841048, 7499668.650407183915377 ] } },
{ "type": "Feature", "properties": { "id": 969, "address": "г. Москва, Профсоюзная улица д. 104", "workTime": "Ежедневно 08:00-22:00", "pickupType": null, "fittingRooms": null, "status": null }, "geometry": { "type": "Point", "coordinates": [ 4177015.876310924999416, 7487490.03288368973881 ] } },
{ "type": "Feature", "properties": { "id": 973, "address": "г. Москва, 6-я Радиальная улица д. 5к3", "workTime": "Ежедневно 08:00-22:00", "pickupType": null, "fittingRooms": null, "status": null }, "geometry": { "type": "Point", "coordinates": [ 4192344.749974135775119, 7480307.112790402024984 ] } },
{ "type": "Feature", "properties": { "id": 977, "address": "г. Москва, Ленинский проспект д. 86", "workTime": "пн - пт 10:00-21:00 сб 10:00-19:00", "pickupType": null, "fittingRooms": null, "status": null }, "geometry": { "type": "Point", "coordinates": [ 4177589.642458636779338, 7494637.638002233579755 ] } },
{ "type": "Feature", "properties": { "id": 978, "address": "г. Москва, м Боровское шоссе, Боровское шоссе, д. 20", "workTime": "Ежедневно 08:00-22:00", "pickupType": 4, "fittingRooms": null, "status": null }, "geometry": { "type": "Point", "coordinates": [ 4159904.221113978419453, 7488812.570701528340578 ] } },
{ "type": "Feature", "properties": { "id": 980, "address": "г. Москва, м Выхино, Сормовская улица, д. 6", "workTime": "Ежедневно 09:00-22:00", "pickupType": 4, "fittingRooms": null, "status": null }, "geometry": { "type": "Point", "coordinates": [ 4209193.238436441868544, 7501046.923725481145084 ] } },
{ "type": "Feature", "properties": { "id": 981, "address": "г. Москва, Ленинский проспект д. 62/1", "workTime": "Ежедневно 08:00-22:00", "pickupType": null, "fittingRooms": null, "status": null }, "geometry": { "type": "Point", "coordinates": [ 4180379.407193026505411, 7497681.488838508725166 ] } },
{ "type": "Feature", "properties": { "id": 1016, "address": "г. Москва, м. Алтуфьево, ул. Клязьминская, 15", "workTime": "Ежедневно 08:00-22:00", "pickupType": 4, "fittingRooms": null, "status": null }, "geometry": { "type": "Point", "coordinates": [ 4177334.023296790197492, 7536346.781497090123594 ] } },
{ "type": "Feature", "properties": { "id": 1018, "address": "г. Москва, м. Петровско-Разумовская, ул. Дубнинская, 1", "workTime": "Ежедневно 08:00-22:00", "pickupType": 4, "fittingRooms": null, "status": null }, "geometry": { "type": "Point", "coordinates": [ 4181826.989264697302133, 7529708.762110426090658 ] } },
{ "type": "Feature", "properties": { "id": 1030, "address": "г. Москва, м. Каширская, ш. Каширское, 26 корп. 2", "workTime": "Ежедневно 10:00-21:00", "pickupType": 4, "fittingRooms": null, "status": null }, "geometry": { "type": "Point", "coordinates": [ 4191003.633863459341228, 7489750.824005422182381 ] } },
{ "type": "Feature", "properties": { "id": 1065, "address": "г. Москва, м. Выхино, ул. Татьяны Макаровой, 3", "workTime": "Ежедневно 08:00-22:00", "pickupType": 4, "fittingRooms": null, "status": null }, "geometry": { "type": "Point", "coordinates": [ 4217249.8531105350703, 7501196.533270975574851 ] } },
{ "type": "Feature", "properties": { "id": 1066, "address": "г. Москва, м. Медведково, ул. Челюскинская, 11", "workTime": "Ежедневно 10:00-21:00", "pickupType": 4, "fittingRooms": null, "status": null }, "geometry": { "type": "Point", "coordinates": [ 4197372.978792959824204, 7535183.64839936979115 ] } },
{ "type": "Feature", "properties": { "id": 1076, "address": "г. Москва, м Семеновская, проспект Будённого, д. 25", "workTime": "Ежедневно 08:00-22:00", "pickupType": 4, "fittingRooms": null, "status": null }, "geometry": { "type": "Point", "coordinates": [ 4199970.730430112220347, 7512755.446558687835932 ] } },
{ "type": "Feature", "properties": { "id": 1086, "address": "г. Москва, мкр. Чертаново Северное д. 4к407", "workTime": "Ежедневно 08:00-22:00", "pickupType": null, "fittingRooms": null, "status": null }, "geometry": { "type": "Point", "coordinates": [ 4184921.692816052120179, 7487078.735816013999283 ] } },
{ "type": "Feature", "properties": { "id": 1089, "address": "г. Москва, м. Бабушкинская, ул. Лётчика Бабушкина, 6", "workTime": "Ежедневно 08:00-22:00", "pickupType": 4, "fittingRooms": null, "status": null }, "geometry": { "type": "Point", "coordinates": [ 4193889.012689603026956, 7530437.266020894050598 ] } },
{ "type": "Feature", "properties": { "id": 1090, "address": "г. Москва, м Красносельская, Краснопрудная улица, д. 28", "workTime": "Ежедневно 10:00-21:00", "pickupType": 4, "fittingRooms": null, "status": null }, "geometry": { "type": "Point", "coordinates": [ 4193118.347854841034859, 7514646.172269020229578 ] } },
{ "type": "Feature", "properties": { "id": 1091, "address": "г. Москва, улица Главмосстроя д. 7", "workTime": "Ежедневно 08:00-22:00", "pickupType": null, "fittingRooms": null, "status": null }, "geometry": { "type": "Point", "coordinates": [ 4163945.75226031569764, 7489865.161586795002222 ] } },
{ "type": "Feature", "properties": { "id": 1104, "address": "г. Москва, м Бунинская Аллея, Чечёрский проезд, д. 56к2", "workTime": "Ежедневно 10:00-21:00", "pickupType": 4, "fittingRooms": null, "status": null }, "geometry": { "type": "Point", "coordinates": [ 4177650.587987414095551, 7466118.648743931204081 ] } },
{ "type": "Feature", "properties": { "id": 1110, "address": "г. Москва, м Баррикадная, Большая Грузинская улица, д. 20", "workTime": "Ежедневно 08:00-22:00", "pickupType": 4, "fittingRooms": null, "status": null }, "geometry": { "type": "Point", "coordinates": [ 4183302.863073634915054, 7511935.016177163459361 ] } },
{ "type": "Feature", "properties": { "id": 1143, "address": "г. Москва, м Новокосино, Новокосинская улица, д. 11к2", "workTime": "Ежедневно 10:00-21:00", "pickupType": 4, "fittingRooms": null, "status": null }, "geometry": { "type": "Point", "coordinates": [ 4213776.684997784905136, 7505722.880171135999262 ] } },
{ "type": "Feature", "properties": { "id": 1150, "address": "г. Москва, м. Октябрьское поле, наб. Карамышевская, 48 корп. 3", "workTime": "Ежедневно 10:00-21:00", "pickupType": 4, "fittingRooms": null, "status": null }, "geometry": { "type": "Point", "coordinates": [ 4170545.98338719829917, 7513360.04046177957207 ] } },
{ "type": "Feature", "properties": { "id": 1180, "address": "г. Москва, м Бауманская, пер. Денисовский, 22", "workTime": "Ежедневно 10:00-21:00", "pickupType": 4, "fittingRooms": null, "status": null }, "geometry": { "type": "Point", "coordinates": [ 4194009.404718895442784, 7512072.215308850631118 ] } },
{ "type": "Feature", "properties": { "id": 1190, "address": "г. Москва, м Бунинская Аллея, ул.Адмирала Лазарева, д. 63к3", "workTime": "Ежедневно 08:00-22:00", "pickupType": 4, "fittingRooms": null, "status": null }, "geometry": { "type": "Point", "coordinates": [ 4175114.980567317456007, 7466727.292516694404185 ] } },
{ "type": "Feature", "properties": { "id": 1220, "address": "г. Москва, Россошанский проезд д. 3", "workTime": "Ежедневно 10:00-21:00", "pickupType": 4, "fittingRooms": null, "status": 3 }, "geometry": { "type": "Point", "coordinates": [ 4186572.772037589922547, 7479375.888421304523945 ] } },
{ "type": "Feature", "properties": { "id": 1221, "address": "г. Москва, м Планерная, ул. Вилиса Лациса, д. 21, корп. 2 ", "workTime": "Ежедневно 10:00-21:00", "pickupType": 4, "fittingRooms": null, "status": null }, "geometry": { "type": "Point", "coordinates": [ 4165916.094445615075529, 7531114.46155558526516 ] } },
{ "type": "Feature", "properties": { "id": 1252, "address": "г. Москва, м Красные ворота, ул. Машкова, 16", "workTime": "Ежедневно 08:00-22:00", "pickupType": 4, "fittingRooms": null, "status": null }, "geometry": { "type": "Point", "coordinates": [ 4191446.68721792800352, 7511546.547104275785387 ] } },
{ "type": "Feature", "properties": { "id": 1257, "address": "г. Москва, м Сходненская, ул. Аэродромная, 18", "workTime": "Ежедневно 10:00-21:00", "pickupType": 4, "fittingRooms": null, "status": null }, "geometry": { "type": "Point", "coordinates": [ 4167002.016078304033726, 7528417.141053818166256 ] } },
{ "type": "Feature", "properties": { "id": 1274, "address": "г. Москва, м Академическая, пр-кт 60-летия Октября, 21к1", "workTime": "Ежедневно 10:00-21:00", "pickupType": 4, "fittingRooms": null, "status": null }, "geometry": { "type": "Point", "coordinates": [ 4183024.75770860677585, 7497466.283853176981211 ] } },
{ "type": "Feature", "properties": { "id": 1276, "address": "г. Москва, м Белорусская, ул. 1-я Тверская-Ямская, д. 28", "workTime": "Ежедневно 10:00-21:00", "pickupType": 4, "fittingRooms": null, "status": null }, "geometry": { "type": "Point", "coordinates": [ 4184336.776017585769296, 7513730.865601404570043 ] } },
{ "type": "Feature", "properties": { "id": 1306, "address": "г. Москва, м Семеновская, ул. Мироновская, д. 25", "workTime": "Ежедневно 08:00-22:00", "pickupType": 4, "fittingRooms": null, "status": null }, "geometry": { "type": "Point", "coordinates": [ 4200305.421273422427475, 7516307.047187079675496 ] } },
{ "type": "Feature", "properties": { "id": 1307, "address": "г. Москва, м Бабушкинская, Ярославское шоссе, 130к1", "workTime": "Ежедневно 10:00-21:00", "pickupType": 4, "fittingRooms": 2, "status": null }, "geometry": { "type": "Point", "coordinates": [ 4198487.954812745563686, 7533222.201905665919185 ] } },
{ "type": "Feature", "properties": { "id": 1320, "address": "г. Москва, м Пролетарская, проезд Иерусалимский , д. 4", "workTime": "Ежедневно 10:00-21:00", "pickupType": 4, "fittingRooms": null, "status": null }, "geometry": { "type": "Point", "coordinates": [ 4193974.519416871480644, 7505369.121506118215621 ] } },
{ "type": "Feature", "properties": { "id": 1326, "address": "г. Москва, м Нахимовский проспект, Севастопольский проспект, 51к2", "workTime": "Ежедневно 08:00-22:00", "pickupType": 4, "fittingRooms": null, "status": null }, "geometry": { "type": "Point", "coordinates": [ 4183760.280761237256229, 7492428.200544840656221 ] } },
{ "type": "Feature", "properties": { "id": 1330, "address": "г. Москва, м Бульвар Рокоссовского, Ивантеевская улица, д. 25А", "workTime": "Ежедневно 10:00-21:00", "pickupType": 4, "fittingRooms": null, "status": null }, "geometry": { "type": "Point", "coordinates": [ 4200708.265137260779738, 7522097.779839294962585 ] } },
{ "type": "Feature", "properties": { "id": 1333, "address": "г. Москва, м Речной вокзал, Ангарская улица, 57к1", "workTime": "Ежедневно 10:00-21:00", "pickupType": 4, "fittingRooms": null, "status": null }, "geometry": { "type": "Point", "coordinates": [ 4177574.840417264960706, 7535223.874787799082696 ] } },
{ "type": "Feature", "properties": { "id": 1338, "address": "г. Москва, м Проспект Мира, улица Щепкина, 60/2с2", "workTime": "Ежедневно 10:00-21:00", "pickupType": 4, "fittingRooms": null, "status": null }, "geometry": { "type": "Point", "coordinates": [ 4188929.666145292110741, 7515796.680514120496809 ] } },
{ "type": "Feature", "properties": { "id": 1380, "address": "г. Москва, Ленинский проспект д. 92", "workTime": "Ежедневно 08:00-22:00", "pickupType": 4, "fittingRooms": null, "status": null }, "geometry": { "type": "Point", "coordinates": [ 4176442.523937760386616, 7493050.651640974916518 ] } },
{ "type": "Feature", "properties": { "id": 11717, "address": "г. Москва, м Люблино, улица Верхние Поля, д. 37к2", "workTime": "Ежедневно 08:00-22:00", "pickupType": 4, "fittingRooms": null, "status": null }, "geometry": { "type": "Point", "coordinates": [ 4203554.995394674129784, 7492714.891097200103104 ] } },
{ "type": "Feature", "properties": { "id": 11719, "address": "г. Москва, м. Некрасовка, улица Льва Яшина, д. 1", "workTime": "Ежедневно 10:00-21:00", "pickupType": 4, "fittingRooms": null, "status": null }, "geometry": { "type": "Point", "coordinates": [ 4221390.93816804420203, 7498707.185627686791122 ] } },
{ "type": "Feature", "properties": { "id": 11841, "address": "г. Москва, м Перово, 1-я Владимирская улица, д. 4", "workTime": "Ежедневно 10:00-21:00", "pickupType": 4, "fittingRooms": null, "status": null }, "geometry": { "type": "Point", "coordinates": [ 4204862.596657576970756, 7510822.287299955263734 ] } },
{ "type": "Feature", "properties": { "id": 11858, "address": "г. Москва, улица Генерала Белова д. 43к2", "workTime": "пн - пт 10:00-21:00 сб, вс 10:00-20:00", "pickupType": null, "fittingRooms": null, "status": null }, "geometry": { "type": "Point", "coordinates": [ 4199479.948176047764719, 7480616.025819091126323 ] } },
{ "type": "Feature", "properties": { "id": 11882, "address": "г. Москва, м Новогиреево, улица Молостовых, д. 1Б", "workTime": "Ежедневно 10:00-21:00", "pickupType": 4, "fittingRooms": null, "status": null }, "geometry": { "type": "Point", "coordinates": [ 4211589.489550112746656, 7511725.651608072221279 ] } },
{ "type": "Feature", "properties": { "id": 11884, "address": "г. Москва, м Автозаводская, улица Мастеркова, д. 1", "workTime": "Ежедневно 10:00-21:00", "pickupType": 4, "fittingRooms": null, "status": null }, "geometry": { "type": "Point", "coordinates": [ 4192269.067191930487752, 7501009.410744118504226 ] } },
{ "type": "Feature", "properties": { "id": 11903, "address": "г. Москва, м Добрынинская, Пятницкая улица, д. 54с2", "workTime": "Ежедневно 08:00-22:00", "pickupType": 4, "fittingRooms": null, "status": null }, "geometry": { "type": "Point", "coordinates": [ 4188663.459275356959552, 7505633.058949654921889 ] } },
{ "type": "Feature", "properties": { "id": 11907, "address": "г. Москва, м Кунцевская, Можайское шоссе, д. 45к1", "workTime": "Ежедневно 08:00-22:00", "pickupType": 4, "fittingRooms": null, "status": null }, "geometry": { "type": "Point", "coordinates": [ 4164093.571742347907275, 7502106.530895664356649 ] } },
{ "type": "Feature", "properties": { "id": 11975, "address": "г. Москва, улица Бутлерова д. 17Б", "workTime": "Ежедневно 08:00-22:00", "pickupType": null, "fittingRooms": null, "status": null }, "geometry": { "type": "Point", "coordinates": [ 4179017.962696177419275, 7488674.690196301788092 ] } },
{ "type": "Feature", "properties": { "id": 11977, "address": "г. Москва, Ленинский проспект д. 74", "workTime": "Ежедневно 10:00-21:00", "pickupType": null, "fittingRooms": null, "status": null }, "geometry": { "type": "Point", "coordinates": [ 4178734.548949911724776, 7495803.971013685688376 ] } },
{ "type": "Feature", "properties": { "id": 12025, "address": "г. Москва, м Щелковская, Щёлковское шоссе, д. 29", "workTime": "Ежедневно 10:00-21:00", "pickupType": 4, "fittingRooms": null, "status": null }, "geometry": { "type": "Point", "coordinates": [ 4205755.732747080735862, 7520762.81808758340776 ] } },
{ "type": "Feature", "properties": { "id": 12090, "address": "г. Москва, ул. Генерала Белобородова, 35/2", "workTime": "Ежедневно 10:00-21:00", "pickupType": 4, "fittingRooms": null, "status": null }, "geometry": { "type": "Point", "coordinates": [ 4158552.229979607276618, 7524784.691938444972038 ] } },
{ "type": "Feature", "properties": { "id": 12285, "address": "г. Москва, м Шипиловская, Шипиловская улица, д. 48к2А", "workTime": "Ежедневно 08:00-22:00", "pickupType": 4, "fittingRooms": null, "status": null }, "geometry": { "type": "Point", "coordinates": [ 4200680.331848754547536, 7483253.136383098550141 ] } },
{ "type": "Feature", "properties": { "id": 12379, "address": "г. Москва, м Речной вокзал, улица Лавочкина, д. 18", "workTime": "Ежедневно 08:00-22:00", "pickupType": 4, "fittingRooms": null, "status": null }, "geometry": { "type": "Point", "coordinates": [ 4174532.073085661046207, 7528762.662290657870471 ] } },
{ "type": "Feature", "properties": { "id": 12386, "address": "г. Москва, м Тушинская, проезд Стратонавтов, д. 9", "workTime": "Ежедневно 10:00-21:00", "pickupType": 4, "fittingRooms": null, "status": null }, "geometry": { "type": "Point", "coordinates": [ 4167334.682576673105359, 7523868.400340159423649 ] } },
{ "type": "Feature", "properties": { "id": 12574, "address": "г. Москва, м Кунцевская, Истринская улица, д. 8к3", "workTime": "Ежедневно 08:00-22:00", "pickupType": 4, "fittingRooms": null, "status": null }, "geometry": { "type": "Point", "coordinates": [ 4166982.757806396111846, 7505988.811479267664254 ] } },
{ "type": "Feature", "properties": { "id": 12606, "address": "посёлок Восточный (г. Москва), Главная улица, д. 19Б", "workTime": "Ежедневно 08:00-22:00", "pickupType": 4, "fittingRooms": null, "status": null }, "geometry": { "type": "Point", "coordinates": [ 4215563.028866544365883, 7523021.565222713164985 ] } },
{ "type": "Feature", "properties": { "id": 12632, "address": "г. Москва, Липецкая улица д. 54/21", "workTime": "Ежедневно 10:00-21:00", "pickupType": null, "fittingRooms": null, "status": null }, "geometry": { "type": "Point", "coordinates": [ 4194941.983753016218543, 7474910.832582901231945 ] } },
{ "type": "Feature", "properties": { "id": 12692, "address": "г. Москва, м Первомайская, Средняя Первомайская улица, д. 28", "workTime": "Ежедневно 08:00-22:00", "pickupType": 4, "fittingRooms": null, "status": null }, "geometry": { "type": "Point", "coordinates": [ 4208852.910708075389266, 7517703.966989524662495 ] } },
{ "type": "Feature", "properties": { "id": 12693, "address": "г. Москва, Кировоградская улица д. 44 Б с 2", "workTime": "Ежедневно 10:00-21:00", "pickupType": 4, "fittingRooms": null, "status": null }, "geometry": { "type": "Point", "coordinates": [ 4185001.04190568625927, 7478622.8313371213153 ] } },
{ "type": "Feature", "properties": { "id": 12695, "address": "г. Москва, м Новогиреево, Реутовская улица, д. 10Б", "workTime": "Ежедневно 08:00-22:00", "pickupType": 4, "fittingRooms": null, "status": null }, "geometry": { "type": "Point", "coordinates": [ 4211745.738143987953663, 7506427.1993737667799 ] } },
{ "type": "Feature", "properties": { "id": 12730, "address": "г. Москва, м Митино, Митинская улица, д. 39", "workTime": "Ежедневно 10:00-21:00", "pickupType": 4, "fittingRooms": null, "status": null }, "geometry": { "type": "Point", "coordinates": [ 4158240.608208332210779, 7528404.946548957377672 ] } },
{ "type": "Feature", "properties": { "id": 12731, "address": "г. Москва, м Медведково, проезд Шокальского, д. 61", "workTime": "Ежедневно 10:00-21:00", "pickupType": 4, "fittingRooms": 2, "status": null }, "geometry": { "type": "Point", "coordinates": [ 4193055.007064579986036, 7535340.839742798358202 ] } },
{ "type": "Feature", "properties": { "id": 13071, "address": "г. Москва, м Свиблово, Снежная улица, д. 16 к 1", "workTime": "Ежедневно 08:00-22:00", "pickupType": 4, "fittingRooms": null, "status": null }, "geometry": { "type": "Point", "coordinates": [ 4190721.300918129272759, 7528855.535174254328012 ] } },
{ "type": "Feature", "properties": { "id": 13073, "address": "г. Москва, м Строгино, Таллинская улица, д. 26", "workTime": "Ежедневно 10:00-21:00", "pickupType": 4, "fittingRooms": null, "status": null }, "geometry": { "type": "Point", "coordinates": [ 4164197.058348490856588, 7518681.257405253127217 ] } },
{ "type": "Feature", "properties": { "id": 13080, "address": "г. Москва, м Шаболовская, улица Шухова, д.10к2(16к7с1)", "workTime": "Ежедневно 08:00-22:00", "pickupType": 4, "fittingRooms": null, "status": null }, "geometry": { "type": "Point", "coordinates": [ 4187415.993691936135292, 7502543.123389672487974 ] } },
{ "type": "Feature", "properties": { "id": 13235, "address": "г. Москва, м Печатники, улица Гурьянова, д. 2 А", "workTime": "Ежедневно 10:00-21:00", "pickupType": 4, "fittingRooms": null, "status": null }, "geometry": { "type": "Point", "coordinates": [ 4199325.075491079129279, 7497712.362351162359118 ] } },
{ "type": "Feature", "properties": { "id": 13335, "address": "г. Москва, 2-я Прядильная улица д. 5", "workTime": "Ежедневно 10:00-21:00", "pickupType": null, "fittingRooms": null, "status": null }, "geometry": { "type": "Point", "coordinates": [ 4205496.00745449680835, 7517937.263788733631372 ] } },
{ "type": "Feature", "properties": { "id": 13448, "address": "г. Москва, м Войковская, проезд Черепановых, д. 52", "workTime": "Ежедневно 08:00-22:00", "pickupType": 4, "fittingRooms": null, "status": null }, "geometry": { "type": "Point", "coordinates": [ 4178546.960468474309891, 7527232.601707071065903 ] } },
{ "type": "Feature", "properties": { "id": 13486, "address": "г. Москва, м Китай-город, Хитровский переулок, д. 3/1с4", "workTime": "Ежедневно 10:00-21:00", "pickupType": 4, "fittingRooms": null, "status": 3 }, "geometry": { "type": "Point", "coordinates": [ 4190413.128492596559227, 7509481.374531395733356 ] } },
{ "type": "Feature", "properties": { "id": 13515, "address": "г. Москва, м Марьино, Новочеркасский бульвар, д. 41 корп. 3", "workTime": "Ежедневно 08:00-22:00", "pickupType": 4, "fittingRooms": null, "status": null }, "geometry": { "type": "Point", "coordinates": [ 4200718.920972878113389, 7488779.480181712657213 ] } },
{ "type": "Feature", "properties": { "id": 13525, "address": "г. Москва, м Кунцевская, Гвардейская улица, д. 3к1", "workTime": "Ежедневно 08:00-22:00", "pickupType": 4, "fittingRooms": null, "status": null }, "geometry": { "type": "Point", "coordinates": [ 4165952.050641140900552, 7503152.419616745784879 ] } },
{ "type": "Feature", "properties": { "id": 13543, "address": "г. Москва, м Тропарёво, улица Академика Виноградова, д. 9", "workTime": "Ежедневно 08:00-22:00", "pickupType": 4, "fittingRooms": null, "status": null }, "geometry": { "type": "Point", "coordinates": [ 4172844.453129949979484, 7485840.322673374786973 ] } },
{ "type": "Feature", "properties": { "id": 13630, "address": "г. Москва, Волгоградский проспект д. 116к1", "workTime": "Ежедневно 08:00-22:00", "pickupType": null, "fittingRooms": 3, "status": null }, "geometry": { "type": "Point", "coordinates": [ 4205415.569882881827652, 7499599.051508937962353 ] } },
{ "type": "Feature", "properties": { "id": 13656, "address": "г. Москва, Зубовский бульвар, д. 29", "workTime": "Ежедневно 10:00-21:00", "pickupType": 4, "fittingRooms": null, "status": null }, "geometry": { "type": "Point", "coordinates": [ 4184283.538918266538531, 7506274.714663030579686 ] } },
{ "type": "Feature", "properties": { "id": 13660, "address": "г. Москва, Новочерёмушкинская улица д. 63к1", "workTime": "Ежедневно 08:00-22:00", "pickupType": null, "fittingRooms": null, "status": null }, "geometry": { "type": "Point", "coordinates": [ 4181895.543258032761514, 7492118.829911485314369 ] } },
{ "type": "Feature", "properties": { "id": 13719, "address": "г. Москва, м Комсомольская, Большая Спасская улица, д. 8с1А", "workTime": "Ежедневно 08:00-22:00", "pickupType": 4, "fittingRooms": null, "status": null }, "geometry": { "type": "Point", "coordinates": [ 4190417.958645302336663, 7513867.231155280023813 ] } },
{ "type": "Feature", "properties": { "id": 13759, "address": "г. Москва, Лукинская улица д. 5к1", "workTime": "Ежедневно 08:00-22:00", "pickupType": null, "fittingRooms": null, "status": null }, "geometry": { "type": "Point", "coordinates": [ 4156948.530225780792534, 7488147.448513340204954 ] } },
{ "type": "Feature", "properties": { "id": 13793, "address": "г. Москва, улица Федосьино д. 2", "workTime": "Ежедневно 10:00-21:00", "pickupType": 4, "fittingRooms": null, "status": null }, "geometry": { "type": "Point", "coordinates": [ 4157030.357509920373559, 7486035.269018518738449 ] } },
{ "type": "Feature", "properties": { "id": 13840, "address": "г. Москва, м Кожуховская, улица Петра Романова, д. 6", "workTime": "Ежедневно 10:00-21:00", "pickupType": 4, "fittingRooms": null, "status": 3 }, "geometry": { "type": "Point", "coordinates": [ 4194623.578839890658855, 7500464.898280627094209 ] } },
{ "type": "Feature", "properties": { "id": 13901, "address": "г. Москва, м Выхино, Волгоградский проспект, д. 183к2", "workTime": "Ежедневно 08:00-22:00", "pickupType": 4, "fittingRooms": null, "status": null }, "geometry": { "type": "Point", "coordinates": [ 4209137.816914753988385, 7498148.114835390821099 ] } },
{ "type": "Feature", "properties": { "id": 14055, "address": "г. Москва, м Кузьминки, Волгоградский проспект, д.139", "workTime": "Ежедневно 10:00-21:00", "pickupType": 4, "fittingRooms": 2, "status": null }, "geometry": { "type": "Point", "coordinates": [ 4205046.676571303978562, 7499867.99104733299464 ] } },
{ "type": "Feature", "properties": { "id": 14086, "address": "г. Москва, Коптевская улица, д. 20к1", "workTime": "Ежедневно 08:00-22:00", "pickupType": 4, "fittingRooms": null, "status": null }, "geometry": { "type": "Point", "coordinates": [ 4176651.940946827176958, 7524849.017218785360456 ] } },
{ "type": "Feature", "properties": { "id": 14107, "address": "г. Москва, м Бульвар адмирала Ушакова, Чечёрский проезд, вл3с5", "workTime": "Ежедневно 08:00-22:00", "pickupType": 4, "fittingRooms": null, "status": null }, "geometry": { "type": "Point", "coordinates": [ 4179443.453842501156032, 7467382.237943163141608 ] } },
{ "type": "Feature", "properties": { "id": 14141, "address": "г. Москва, м Площадь Ильича, Таможенный проезд, д. 6с9", "workTime": "Ежедневно 10:00-21:00", "pickupType": 4, "fittingRooms": null, "status": null }, "geometry": { "type": "Point", "coordinates": [ 4194466.837768588215113, 7509136.353934781625867 ] } },
{ "type": "Feature", "properties": { "id": 14159, "address": "г. Москва, Чертановская улица д. 32с3", "workTime": "Ежедневно 08:00-22:00", "pickupType": null, "fittingRooms": null, "status": null }, "geometry": { "type": "Point", "coordinates": [ 4184687.009622158948332, 7482947.109622670337558 ] } },
{ "type": "Feature", "properties": { "id": 14179, "address": "г. Москва, м Алма-Атинская, Ключевая улица, д. 6", "workTime": "Ежедневно 10:00-21:00", "pickupType": 4, "fittingRooms": null, "status": null }, "geometry": { "type": "Point", "coordinates": [ 4203202.227379254065454, 7486671.115667314268649 ] } },
{ "type": "Feature", "properties": { "id": 14200, "address": "г. Москва, м Киевская, улица Плющиха, д. 26/2", "workTime": "Ежедневно 10:00-21:00", "pickupType": 4, "fittingRooms": null, "status": null }, "geometry": { "type": "Point", "coordinates": [ 4183073.319389312528074, 7507357.801212091930211 ] } },
{ "type": "Feature", "properties": { "id": 14332, "address": "г. Москва, м Братиславская, Белореченская улица, д. 45к1", "workTime": "Ежедневно 08:00-22:00", "pickupType": 4, "fittingRooms": null, "status": null }, "geometry": { "type": "Point", "coordinates": [ 4205086.974226971156895, 7491440.31463342346251 ] } },
{ "type": "Feature", "properties": { "id": 14426, "address": "г. Москва, м Люблино, Краснодарская улица, д. 65/18 корп.1", "workTime": "Ежедневно 08:00-22:00", "pickupType": 4, "fittingRooms": null, "status": null }, "geometry": { "type": "Point", "coordinates": [ 4204811.710514584556222, 7494186.26923159789294 ] } },
{ "type": "Feature", "properties": { "id": 14467, "address": "г. Москва, Родионовская улица, д. 18 корп. 1", "workTime": "Ежедневно 08:00-22:00", "pickupType": 4, "fittingRooms": null, "status": null }, "geometry": { "type": "Point", "coordinates": [ 4161666.948218808043748, 7537030.182655957527459 ] } },
{ "type": "Feature", "properties": { "id": 14471, "address": "г. Москва, м Кантемировская, улица Москворечье, д. 31к1", "workTime": "Ежедневно 08:00-22:00", "pickupType": 4, "fittingRooms": null, "status": null }, "geometry": { "type": "Point", "coordinates": [ 4192274.546225947327912, 7488160.547941994853318 ] } },
{ "type": "Feature", "properties": { "id": 14526, "address": "г.Москва, улица Кедрова д. 4к2", "workTime": "Ежедневно 08:00-22:00", "pickupType": null, "fittingRooms": null, "status": null }, "geometry": { "type": "Point", "coordinates": [ 4181705.317061260808259, 7496146.366002892144024 ] } },
{ "type": "Feature", "properties": { "id": 14564, "address": "г. Москва, Ленинский проспект д. 85", "workTime": "Ежедневно 10:00-21:00", "pickupType": null, "fittingRooms": null, "status": null }, "geometry": { "type": "Point", "coordinates": [ 4178557.841614740435034, 7495194.404010302387178 ] } },
{ "type": "Feature", "properties": { "id": 14601, "address": "г. Москва, Каспийская улица д. 20к1", "workTime": "Ежедневно 10:00-21:00", "pickupType": null, "fittingRooms": null, "status": null }, "geometry": { "type": "Point", "coordinates": [ 4194085.046312890481204, 7484310.00893990509212 ] } },
{ "type": "Feature", "properties": { "id": 14860, "address": "г. Москва, м Филевский парк, Минская улица, д. 12", "workTime": "Ежедневно 08:00-22:00", "pickupType": 4, "fittingRooms": null, "status": null }, "geometry": { "type": "Point", "coordinates": [ 4173070.041521444916725, 7506134.731584976427257 ] } },
{ "type": "Feature", "properties": { "id": 14861, "address": "г. Москва, м Сокол, Новопесчаная улица, д. 13к4", "workTime": "Ежедневно 08:00-22:00", "pickupType": 4, "fittingRooms": null, "status": null }, "geometry": { "type": "Point", "coordinates": [ 4176360.835691665299237, 7518445.28988869395107 ] } },
{ "type": "Feature", "properties": { "id": 14880, "address": "г. Москва, Дегунинская улица, д. 3к2", "workTime": "Ежедневно 08:00-22:00", "pickupType": 4, "fittingRooms": null, "status": null }, "geometry": { "type": "Point", "coordinates": [ 4178634.012310274876654, 7531340.206625890918076 ] } },
{ "type": "Feature", "properties": { "id": 14904, "address": "г. Москва, Дмитровское шоссе, д. 7к2", "workTime": "Ежедневно 08:00-22:00", "pickupType": 4, "fittingRooms": null, "status": null }, "geometry": { "type": "Point", "coordinates": [ 4182930.054098968394101, 7521513.525070658884943 ] } },
{ "type": "Feature", "properties": { "id": 14920, "address": "г. Москва, 2-я Парковая улица д. 4", "workTime": "Ежедневно 10:00-21:00", "pickupType": null, "fittingRooms": null, "status": null }, "geometry": { "type": "Point", "coordinates": [ 4205816.005572176538408, 7516470.836394788697362 ] } },
{ "type": "Feature", "properties": { "id": 14966, "address": "г. Москва, улица Народного Ополчения, д. 8", "workTime": "Ежедневно 10:00-21:00", "pickupType": 4, "fittingRooms": null, "status": null }, "geometry": { "type": "Point", "coordinates": [ 4171901.501568315550685, 7512970.901569744572043 ] } },
{ "type": "Feature", "properties": { "id": 15001, "address": "г. Москва, м Марьино, Люблинская улица, д. 100к2", "workTime": "Ежедневно 10:00-21:00", "pickupType": 4, "fittingRooms": null, "status": null }, "geometry": { "type": "Point", "coordinates": [ 4201215.97218406572938, 7489940.748029413633049 ] } },
{ "type": "Feature", "properties": { "id": 15035, "address": "г. Москва, улица Ремизова д. 3к1", "workTime": "Ежедневно 10:00-21:00", "pickupType": null, "fittingRooms": null, "status": null }, "geometry": { "type": "Point", "coordinates": [ 4185367.285702064167708, 7494647.873442412354052 ] } },
{ "type": "Feature", "properties": { "id": 15061, "address": "г. Москва, Солнцевский проспект, д. 26", "workTime": "Ежедневно 08:00-22:00", "pickupType": 4, "fittingRooms": null, "status": null }, "geometry": { "type": "Point", "coordinates": [ 4164254.625442042946815, 7489030.72918061260134 ] } },
{ "type": "Feature", "properties": { "id": 15062, "address": "г. Москва, м Динамо, Мишина улица, д. 38", "workTime": "Ежедневно 08:00-22:00", "pickupType": 4, "fittingRooms": null, "status": null }, "geometry": { "type": "Point", "coordinates": [ 4181488.021415232215077, 7518041.062217466533184 ] } },
{ "type": "Feature", "properties": { "id": 15097, "address": "г. Москва, м Сокольники, улица Стромынка, д. 15", "workTime": "Ежедневно 10:00-21:00", "pickupType": 4, "fittingRooms": null, "status": null }, "geometry": { "type": "Point", "coordinates": [ 4196263.791386695578694, 7517612.733098995871842 ] } },
{ "type": "Feature", "properties": { "id": 15139, "address": "г. Москва, м Савёловская, улица Бутырский Вал, д. 50", "workTime": "Ежедневно 10:00-21:00", "pickupType": 4, "fittingRooms": null, "status": null }, "geometry": { "type": "Point", "coordinates": [ 4184317.964693434070796, 7515938.309383689425886 ] } },
{ "type": "Feature", "properties": { "id": 15140, "address": "г.Москва, м Жулебино, Жулебинский бульвар, д. 36к3", "workTime": "Ежедневно 10:00-21:00", "pickupType": 4, "fittingRooms": null, "status": null }, "geometry": { "type": "Point", "coordinates": [ 4213360.016143744811416, 7495731.492836911231279 ] } },
{ "type": "Feature", "properties": { "id": 15175, "address": "г. Москва, м Бутырская, улица Добролюбова, д. 18", "workTime": "Ежедневно 08:00-22:00", "pickupType": 4, "fittingRooms": null, "status": null }, "geometry": { "type": "Point", "coordinates": [ 4184886.618270892649889, 7521988.019866228103638 ] } },
{ "type": "Feature", "properties": { "id": 15176, "address": "г. Москва, проспект Вернадского д. 9/10", "workTime": "Ежедневно 08:00-22:00", "pickupType": 4, "fittingRooms": null, "status": 3 }, "geometry": { "type": "Point", "coordinates": [ 4178087.347003915347159, 7496808.313757329247892 ] } },
{ "type": "Feature", "properties": { "id": 15231, "address": "г. Москва, Вешняковская улица д. 12Ж", "workTime": "Ежедневно 10:00-21:00", "pickupType": null, "fittingRooms": null, "status": null }, "geometry": { "type": "Point", "coordinates": [ 4210144.954626862891018, 7505787.304501248523593 ] } },
{ "type": "Feature", "properties": { "id": 15340, "address": "г. Москва, м Марьино, Луговой проезд, д. 9к1", "workTime": "Ежедневно 08:00-22:00", "pickupType": 4, "fittingRooms": null, "status": null }, "geometry": { "type": "Point", "coordinates": [ 4202744.988470753654838, 7488307.735323846340179 ] } },
{ "type": "Feature", "properties": { "id": 15349, "address": "г. Москва, Керамический проезд, д. 47к1", "workTime": "Ежедневно 10:00-21:00", "pickupType": 4, "fittingRooms": null, "status": null }, "geometry": { "type": "Point", "coordinates": [ 4182085.027844356372952, 7533152.159479656256735 ] } },
{ "type": "Feature", "properties": { "id": 15357, "address": "г. Москва, м Балтийская, Ленинградское шоссе, д. 28к1", "workTime": "Ежедневно 10:00-21:00", "pickupType": 4, "fittingRooms": null, "status": null }, "geometry": { "type": "Point", "coordinates": [ 4173527.738287010695785, 7524365.117824085056782 ] } },
{ "type": "Feature", "properties": { "id": 15401, "address": "г. Москва, улица Артюхиной д. 23", "workTime": "Ежедневно 10:00-21:00", "pickupType": null, "fittingRooms": null, "status": null }, "geometry": { "type": "Point", "coordinates": [ 4201198.01479172706604, 7498006.874105385504663 ] } },
{ "type": "Feature", "properties": { "id": 15407, "address": "г. Москва, м Динамо, улица Новая Башиловка, д. 10", "workTime": "Ежедневно 10:00-21:00", "pickupType": 4, "fittingRooms": null, "status": null }, "geometry": { "type": "Point", "coordinates": [ 4182334.049545261077583, 7516322.344824232161045 ] } },
{ "type": "Feature", "properties": { "id": 15477, "address": "г. Москва, улица Маршала Федоренко, д. 12", "workTime": "Ежедневно 10:00-21:00", "pickupType": 4, "fittingRooms": 2, "status": null }, "geometry": { "type": "Point", "coordinates": [ 4173241.028259303420782, 7534898.846496243961155 ] } },
{ "type": "Feature", "properties": { "id": 15493, "address": "г. Москва, м Баррикадная, Новинский бульвар, д. 28/35с1", "workTime": "Ежедневно 10:00-21:00", "pickupType": 4, "fittingRooms": null, "status": null }, "geometry": { "type": "Point", "coordinates": [ 4183965.561138026881963, 7510300.6707872627303 ] } },
{ "type": "Feature", "properties": { "id": 15540, "address": "г. Москва, м Шипиловская, улица Мусы Джалиля, д. 27к2с2", "workTime": "Ежедневно 08:00-22:00", "pickupType": 4, "fittingRooms": null, "status": null }, "geometry": { "type": "Point", "coordinates": [ 4201843.901609258726239, 7482972.75132176745683 ] } },
{ "type": "Feature", "properties": { "id": 15548, "address": "г. Москва, м Каховская, Симферопольский бульвар, д. 17к1", "workTime": "Ежедневно 08:00-22:00", "pickupType": 4, "fittingRooms": null, "status": null }, "geometry": { "type": "Point", "coordinates": [ 4186358.677494838368148, 7489395.611260576173663 ] } },
{ "type": "Feature", "properties": { "id": 15563, "address": "г. Москва, м Нагорная, Нагорная улица, д. 15к1-2", "workTime": "Ежедневно 08:00-22:00", "pickupType": 4, "fittingRooms": null, "status": null }, "geometry": { "type": "Point", "coordinates": [ 4186384.397083949297667, 7494944.931794600561261 ] } },
{ "type": "Feature", "properties": { "id": 15566, "address": "г. Москва, м Профсоюзная, улица Кржижановского, д. 23к2", "workTime": "Ежедневно 08:00-22:00", "pickupType": 4, "fittingRooms": null, "status": null }, "geometry": { "type": "Point", "coordinates": [ 4183222.935679244808853, 7494621.061486582271755 ] } },
{ "type": "Feature", "properties": { "id": 15569, "address": "г. Москва, м Павелецкая, Дербеневская улица, д. 14к3", "workTime": "Ежедневно 08:00-22:00", "pickupType": 4, "fittingRooms": null, "status": null }, "geometry": { "type": "Point", "coordinates": [ 4190987.795103670097888, 7503517.739923076704144 ] } },
{ "type": "Feature", "properties": { "id": 15606, "address": "г. Москва, м Алексеевская, 1-й Рижский переулок, д. 3", "workTime": "Ежедневно 08:00-22:00", "pickupType": 4, "fittingRooms": null, "status": null }, "geometry": { "type": "Point", "coordinates": [ 4191903.963529777247459, 7520956.233148141764104 ] } },
{ "type": "Feature", "properties": { "id": 15607, "address": "г. Москва, Яхромская улица, д. 3", "workTime": "Ежедневно 08:00-22:00", "pickupType": 4, "fittingRooms": null, "status": 3 }, "geometry": { "type": "Point", "coordinates": [ 4178813.01405146997422, 7535248.548981967382133 ] } },
{ "type": "Feature", "properties": { "id": 15611, "address": "г. Москва, м Отрадное, улица Римского-Корсакова, д. 10", "workTime": "Ежедневно 08:00-22:00", "pickupType": 4, "fittingRooms": null, "status": null }, "geometry": { "type": "Point", "coordinates": [ 4185517.23984665190801, 7533041.198103411123157 ] } },
{ "type": "Feature", "properties": { "id": 15661, "address": "г. Москва, Чонгарский бульвар д. 4к1", "workTime": "Ежедневно 10:00-21:00", "pickupType": null, "fittingRooms": null, "status": null }, "geometry": { "type": "Point", "coordinates": [ 4187596.116754362825304, 7489827.439081938937306 ] } },
{ "type": "Feature", "properties": { "id": 15717, "address": "г. Москва, м Кузьминки, Ташкентская улица, д. 35", "workTime": "Ежедневно 08:00-22:00", "pickupType": 4, "fittingRooms": null, "status": null }, "geometry": { "type": "Point", "coordinates": [ 4208207.217029861174524, 7497897.36366896238178 ] } },
{ "type": "Feature", "properties": { "id": 15785, "address": "г. Москва, улица Саморы Машела д. 8", "workTime": "Ежедневно 08:00-22:00", "pickupType": 4, "fittingRooms": null, "status": null }, "geometry": { "type": "Point", "coordinates": [ 4174500.570003724191338, 7488725.291240128688514 ] } },
{ "type": "Feature", "properties": { "id": 15855, "address": "г. Москва, м Бауманская, Большая Почтовая улица, д. 18", "workTime": "Ежедневно 08:00-22:00", "pickupType": 4, "fittingRooms": null, "status": null }, "geometry": { "type": "Point", "coordinates": [ 4196113.284540836699307, 7514109.636850911192596 ] } },
{ "type": "Feature", "properties": { "id": 15888, "address": "г. Москва, м Аэропорт, улица Черняховского, д. 15к1", "workTime": "Ежедневно 08:00-22:00", "pickupType": 4, "fittingRooms": 2, "status": null }, "geometry": { "type": "Point", "coordinates": [ 4178642.000819572247565, 7520085.233264789916575 ] } },
{ "type": "Feature", "properties": { "id": 15904, "address": "г. Москва, м Рязанский проспект, улица Михайлова, д. 28/7", "workTime": "Ежедневно 08:00-22:00", "pickupType": 4, "fittingRooms": null, "status": null }, "geometry": { "type": "Point", "coordinates": [ 4204739.418078790418804, 7504031.516679190099239 ] } },
{ "type": "Feature", "properties": { "id": 15905, "address": "г. Москва, Широкая улица, д. 13к4", "workTime": "Ежедневно 08:00-22:00", "pickupType": 4, "fittingRooms": null, "status": null }, "geometry": { "type": "Point", "coordinates": [ 4192827.024747435003519, 7536408.912830347195268 ] } },
{ "type": "Feature", "properties": { "id": 15914, "address": "г. Москва, м Печатники, улица Гурьянова, д. 31с2", "workTime": "Ежедневно 08:00-22:00", "pickupType": 4, "fittingRooms": null, "status": null }, "geometry": { "type": "Point", "coordinates": [ 4198745.993392404168844, 7495977.136132209561765 ] } },
{ "type": "Feature", "properties": { "id": 15924, "address": "г. Москва, м Перово, Перовская улица, д. 66к4", "workTime": "Ежедневно 08:00-22:00", "pickupType": 4, "fittingRooms": null, "status": null }, "geometry": { "type": "Point", "coordinates": [ 4207885.934619217179716, 7507754.443381550721824 ] } },
{ "type": "Feature", "properties": { "id": 15932, "address": "г. Москва, Загорьевская улица д. 25", "workTime": "Ежедневно 10:00-21:00", "pickupType": 4, "fittingRooms": null, "status": null }, "geometry": { "type": "Point", "coordinates": [ 4196154.282284781336784, 7475950.167797826230526 ] } },
{ "type": "Feature", "properties": { "id": 15954, "address": "г. Москва, м Пушкинская, Дегтярный переулок, д. 10с2", "workTime": "Ежедневно 08:00-22:00", "pickupType": 4, "fittingRooms": null, "status": null }, "geometry": { "type": "Point", "coordinates": [ 4186161.595241948030889, 7512518.08486311417073 ] } },
{ "type": "Feature", "properties": { "id": 15958, "address": "г. Москва, м Ростокино, Будайский проезд, д. 1", "workTime": "Ежедневно 08:00-22:00", "pickupType": 4, "fittingRooms": null, "status": null }, "geometry": { "type": "Point", "coordinates": [ 4192842.052878692280501, 7525593.106233776547015 ] } },
{ "type": "Feature", "properties": { "id": 15959, "address": "г. Москва, Молодогвардейская улица, д. 45", "workTime": "Ежедневно 08:00-22:00", "pickupType": 4, "fittingRooms": null, "status": null }, "geometry": { "type": "Point", "coordinates": [ 4164479.423910430632532, 7505563.583006517961621 ] } },
{ "type": "Feature", "properties": { "id": 15969, "address": "г. Москва, м Щелковская, 13-я Парковая улица, д. 35", "workTime": "Ежедневно 08:00-22:00", "pickupType": 4, "fittingRooms": null, "status": null }, "geometry": { "type": "Point", "coordinates": [ 4208931.949438970535994, 7520385.115106100216508 ] } },
{ "type": "Feature", "properties": { "id": 15981, "address": "г. Москва, улица Авиаконструктора Петлякова д. 31", "workTime": "Ежедневно 10:00-21:00", "pickupType": null, "fittingRooms": null, "status": null }, "geometry": { "type": "Point", "coordinates": [ 4153719.819714813027531, 7484438.563273803330958 ] } },
{ "type": "Feature", "properties": { "id": 16008, "address": "г. Москва, м Коломенская, улица Новинки, д. 4", "workTime": "Ежедневно 08:00-22:00", "pickupType": 4, "fittingRooms": null, "status": null }, "geometry": { "type": "Point", "coordinates": [ 4193190.482884875033051, 7494329.856363064609468 ] } },
{ "type": "Feature", "properties": { "id": 16010, "address": "г. Москва, м Новослободская, Новослободская улица, 14/19с8", "workTime": "Ежедневно 08:00-22:00", "pickupType": 4, "fittingRooms": null, "status": null }, "geometry": { "type": "Point", "coordinates": [ 4185656.045789514202625, 7514998.520341120660305 ] } },
{ "type": "Feature", "properties": { "id": 16032, "address": "г. Москва, Шипиловский проезд, 59к3с2", "workTime": "Ежедневно 08:00-22:00", "pickupType": 4, "fittingRooms": null, "status": null }, "geometry": { "type": "Point", "coordinates": [ 4197858.488844620063901, 7480161.742886744439602 ] } },
{ "type": "Feature", "properties": { "id": 16038, "address": "г. Москва, улица Косыгина д. 5", "workTime": "Ежедневно 10:00-21:00", "pickupType": null, "fittingRooms": null, "status": null }, "geometry": { "type": "Point", "coordinates": [ 4182478.49671463901177, 7500302.17396089527756 ] } },
{ "type": "Feature", "properties": { "id": 16045, "address": "г. Москва, улица Новаторов д. 6", "workTime": "Ежедневно 08:00-22:00", "pickupType": 4, "fittingRooms": null, "status": null }, "geometry": { "type": "Point", "coordinates": [ 4177130.114376127719879, 7492619.765698931179941 ] } },
{ "type": "Feature", "properties": { "id": 16053, "address": "г. Москва, м Новогиреево, Свободный проспект, д. 1Б", "workTime": "Ежедневно 08:00-22:00", "pickupType": 4, "fittingRooms": null, "status": null }, "geometry": { "type": "Point", "coordinates": [ 4210329.122260347940028, 7512637.415566775016487 ] } },
{ "type": "Feature", "properties": { "id": 16055, "address": "г. Москва, м Перово, Федеративный проспект, д. 3", "workTime": "Ежедневно 08:00-22:00", "pickupType": 4, "fittingRooms": null, "status": null }, "geometry": { "type": "Point", "coordinates": [ 4207695.5231868121773, 7510331.773658837191761 ] } },
{ "type": "Feature", "properties": { "id": 16078, "address": "г. Москва, м Марьино, Новомарьинская улица, д. 4", "workTime": "Ежедневно 10:00-21:00", "pickupType": 4, "fittingRooms": null, "status": null }, "geometry": { "type": "Point", "coordinates": [ 4202151.89859527349472, 7489283.921415727585554 ] } },
{ "type": "Feature", "properties": { "id": 16098, "address": "г. Москва, м Владыкино, Отрадный проезд, д. 3", "workTime": "Ежедневно 08:00-22:00", "pickupType": 4, "fittingRooms": null, "status": null }, "geometry": { "type": "Point", "coordinates": [ 4186448.083966508042067, 7529467.595482246018946 ] } },
{ "type": "Feature", "properties": { "id": 16107, "address": "г. Москва, Симферопольский бульвар д. 24к2", "workTime": "Ежедневно 08:00-22:00", "pickupType": 4, "fittingRooms": null, "status": null }, "geometry": { "type": "Point", "coordinates": [ 4186134.209756657481194, 7488328.456158309243619 ] } },
{ "type": "Feature", "properties": { "id": 16112, "address": "г. Москва, м Щелковская, Щёлковское шоссе, д. 12к3", "workTime": "Ежедневно 10:00-21:00", "pickupType": 4, "fittingRooms": 5, "status": null }, "geometry": { "type": "Point", "coordinates": [ 4204457.796465006656945, 7519786.308699321933091 ] } },
{ "type": "Feature", "properties": { "id": 16124, "address": "г. Москва, м Марьина Роща, улица Сущёвский Вал, д. 22", "workTime": "Ежедневно 08:00-22:00", "pickupType": 4, "fittingRooms": null, "status": null }, "geometry": { "type": "Point", "coordinates": [ 4186170.777652785181999, 7517222.8196283839643 ] } },
{ "type": "Feature", "properties": { "id": 16126, "address": "г. Москва, м Бульвар Рокоссовского, Миллионная улица, д. 11к1", "workTime": "Ежедневно 08:00-22:00", "pickupType": 4, "fittingRooms": null, "status": null }, "geometry": { "type": "Point", "coordinates": [ 4196280.489310314878821, 7521979.914077032357454 ] } },
{ "type": "Feature", "properties": { "id": 16153, "address": "г. Москва, м Пролетарская, 1-я Дубровская улица, д. 1А", "workTime": "Ежедневно 08:00-22:00", "pickupType": 4, "fittingRooms": null, "status": null }, "geometry": { "type": "Point", "coordinates": [ 4193295.047620286699384, 7504603.706178166903555 ] } },
{ "type": "Feature", "properties": { "id": 16154, "address": "г. Москва, Бакинская улица д. 6", "workTime": "Ежедневно 08:00-22:00", "pickupType": 4, "fittingRooms": null, "status": null }, "geometry": { "type": "Point", "coordinates": [ 4191869.202237665653229, 7484401.423273290507495 ] } },
{ "type": "Feature", "properties": { "id": 16155, "address": "г. Москва, м Домодедовская, Ясеневая улица, д. 10к1", "workTime": "Ежедневно 10:00-21:00", "pickupType": 4, "fittingRooms": null, "status": null }, "geometry": { "type": "Point", "coordinates": [ 4199030.454432439990342, 7479277.167391020804644 ] } },
{ "type": "Feature", "properties": { "id": 16158, "address": "г. Москва, м Маяковская, Васильевская улица, д. 4", "workTime": "Ежедневно 08:00-22:00", "pickupType": 4, "fittingRooms": null, "status": null }, "geometry": { "type": "Point", "coordinates": [ 4184241.171387987677008, 7513029.505973191931844 ] } },
{ "type": "Feature", "properties": { "id": 16160, "address": "г. Москва, м Семёновская, Измайловское шоссе, д. 6", "workTime": "Ежедневно 10:00-21:00", "pickupType": 4, "fittingRooms": null, "status": null }, "geometry": { "type": "Point", "coordinates": [ 4199136.836124579422176, 7514573.527223999612033 ] } },
{ "type": "Feature", "properties": { "id": 16161, "address": "г. Москва, Дмитровское шоссе, д. 94к1", "workTime": "Ежедневно 08:00-22:00", "pickupType": 4, "fittingRooms": null, "status": null }, "geometry": { "type": "Point", "coordinates": [ 4179935.003199175465852, 7533531.943893450312316 ] } },
{ "type": "Feature", "properties": { "id": 16163, "address": "г. Москва, м Сходненская, Лодочная улица, д. 29с1", "workTime": "Ежедневно 08:00-22:00", "pickupType": 4, "fittingRooms": null, "status": null }, "geometry": { "type": "Point", "coordinates": [ 4170437.252519844099879, 7526211.235363765619695 ] } },
{ "type": "Feature", "properties": { "id": 16164, "address": "г. Москва, м ВДНХ, улица Бориса Галушкина, д. 15", "workTime": "Ежедневно 08:00-22:00", "pickupType": 4, "fittingRooms": null, "status": null }, "geometry": { "type": "Point", "coordinates": [ 4192050.676718709990382, 7523432.676510150544345 ] } },
{ "type": "Feature", "properties": { "id": 16169, "address": "г. Москва, м Тимирязевская, Тимирязевская улица, д. 38/25", "workTime": "Ежедневно 08:00-22:00", "pickupType": 4, "fittingRooms": null, "status": null }, "geometry": { "type": "Point", "coordinates": [ 4181050.985324518289417, 7523316.10061542596668 ] } },
{ "type": "Feature", "properties": { "id": 16173, "address": "г. Москва, м Славянский бульвар, Кутузовский проспект, д. 67к1", "workTime": "Ежедневно 10:00-21:00", "pickupType": 4, "fittingRooms": null, "status": null }, "geometry": { "type": "Point", "coordinates": [ 4169504.923509299755096, 7503765.749459750019014 ] } },
{ "type": "Feature", "properties": { "id": 16174, "address": "г. Москва, м Сходненская, бульвар Яна Райниса, д. 29", "workTime": "Ежедневно 08:00-22:00", "pickupType": 4, "fittingRooms": null, "status": null }, "geometry": { "type": "Point", "coordinates": [ 4165775.052650780417025, 7528259.694299200549722 ] } },
{ "type": "Feature", "properties": { "id": 16213, "address": "г. Москва, Суздальская улица, д. 42", "workTime": "Ежедневно 08:00-22:00", "pickupType": 4, "fittingRooms": null, "status": null }, "geometry": { "type": "Point", "coordinates": [ 4216497.430646007880569, 7508086.869735098443925 ] } },
{ "type": "Feature", "properties": { "id": 16218, "address": "г. Москва, Волжский бульвар, д. 38", "workTime": "Ежедневно 08:00-22:00", "pickupType": 4, "fittingRooms": null, "status": null }, "geometry": { "type": "Point", "coordinates": [ 4202194.894858036190271, 7499263.295137694105506 ] } },
{ "type": "Feature", "properties": { "id": 16220, "address": "г. Москва, м Тульская, 3-й Павловский переулок, д. 14", "workTime": "Ежедневно 10:00-21:00", "pickupType": 4, "fittingRooms": null, "status": null }, "geometry": { "type": "Point", "coordinates": [ 4188975.815643950831145, 7502541.51010674983263 ] } },
{ "type": "Feature", "properties": { "id": 16221, "address": "г. Москва, м Цветной бульвар, Садовая-Самотёчная улица, д. 7с1", "workTime": "Ежедневно 10:00-21:00", "pickupType": 4, "fittingRooms": null, "status": null }, "geometry": { "type": "Point", "coordinates": [ 4187389.411933368537575, 7513581.330113507807255 ] } },
{ "type": "Feature", "properties": { "id": 16223, "address": "г. Москва, м Лубянка, Милютинский переулок, д. 3", "workTime": "Ежедневно 10:00-21:00", "pickupType": 4, "fittingRooms": null, "status": null }, "geometry": { "type": "Point", "coordinates": [ 4189100.569059574045241, 7511096.481836594641209 ] } },
{ "type": "Feature", "properties": { "id": 16273, "address": "г. Москва, улица Недорубова, д. 20к1", "workTime": "Ежедневно 08:00-22:00", "pickupType": 4, "fittingRooms": null, "status": null }, "geometry": { "type": "Point", "coordinates": [ 4222990.998331118375063, 7499566.864003773778677 ] } },
{ "type": "Feature", "properties": { "id": 16285, "address": "г. Москва, Большая Очаковская улица д. 40", "workTime": "Ежедневно 08:00-22:00", "pickupType": 4, "fittingRooms": null, "status": null }, "geometry": { "type": "Point", "coordinates": [ 4168660.639755691867322, 7494468.454417723231018 ] } },
{ "type": "Feature", "properties": { "id": 16289, "address": "г. Москва Поречная улица д. 21", "workTime": "Ежедневно 08:00-22:00", "pickupType": 4, "fittingRooms": null, "status": null }, "geometry": { "type": "Point", "coordinates": [ 4203944.592350427061319, 7488863.602727172896266 ] } },
{ "type": "Feature", "properties": { "id": 16295, "address": "г. Москва, м Братиславская, улица Перерва, д. 54", "workTime": "Ежедневно 10:00-21:00", "pickupType": 4, "fittingRooms": null, "status": null }, "geometry": { "type": "Point", "coordinates": [ 4201807.722552112303674, 7490402.370487653650343 ] } },
{ "type": "Feature", "properties": { "id": 16297, "address": "г. Москва, улица Островитянова д. 34к1", "workTime": "Ежедневно 08:00-22:00", "pickupType": null, "fittingRooms": null, "status": null }, "geometry": { "type": "Point", "coordinates": [ 4177216.886806005612016, 7485569.281106392852962 ] } },
{ "type": "Feature", "properties": { "id": 16298, "address": "г. Москва, Домодедовская улица д. 20к1", "workTime": "Ежедневно 08:00-22:00", "pickupType": 4, "fittingRooms": null, "status": null }, "geometry": { "type": "Point", "coordinates": [ 4196975.821017391048372, 7481728.741932071745396 ] } },
{ "type": "Feature", "properties": { "id": 16299, "address": "г. Москва, м Домодедовская, Елецкая улица, д. 13", "workTime": "Ежедневно 08:00-22:00", "pickupType": 4, "fittingRooms": null, "status": null }, "geometry": { "type": "Point", "coordinates": [ 4200502.041327786631882, 7480778.625077820383012 ] } },
{ "type": "Feature", "properties": { "id": 16302, "address": "г. Москва, м Борисово, улица Борисовские Пруды, 10к4", "workTime": "Ежедневно 08:00-22:00", "pickupType": 4, "fittingRooms": null, "status": null }, "geometry": { "type": "Point", "coordinates": [ 4201244.398172637447715, 7485839.921949503012002 ] } },
{ "type": "Feature", "properties": { "id": 16303, "address": "г. Москва, м ВДНХ, 1-я Останкинская улица, д. 25", "workTime": "Ежедневно 08:00-22:00", "pickupType": 4, "fittingRooms": 2, "status": null }, "geometry": { "type": "Point", "coordinates": [ 4188192.596197017934173, 7523568.275778328999877 ] } },
{ "type": "Feature", "properties": { "id": 16338, "address": "г. Москва, Сходненская улица, д.6к1", "workTime": "Ежедневно 10:00-21:00", "pickupType": 4, "fittingRooms": null, "status": null }, "geometry": { "type": "Point", "coordinates": [ 4167703.863760455045849, 7526582.645545015111566 ] } },
{ "type": "Feature", "properties": { "id": 16435, "address": "г. Москва, Ставропольская улица, д. 23с1", "workTime": "Ежедневно 08:00-22:00", "pickupType": 4, "fittingRooms": 2, "status": null }, "geometry": { "type": "Point", "coordinates": [ 4203633.910004336386919, 7495345.40278571844101 ] } },
{ "type": "Feature", "properties": { "id": 16457, "address": "г. Москва, улица Марьинский Парк д. 35", "workTime": "Ежедневно 10:00-21:00", "pickupType": null, "fittingRooms": null, "status": null }, "geometry": { "type": "Point", "coordinates": [ 4206619.10512169264257, 7492345.423149452544749 ] } },
{ "type": "Feature", "properties": { "id": 16458, "address": "г. Москва, Измайловский проспект д. 91к3", "workTime": "Ежедневно 10:00-21:00", "pickupType": null, "fittingRooms": null, "status": null }, "geometry": { "type": "Point", "coordinates": [ 4208694.05968714505434, 7516662.295745857991278 ] } },
{ "type": "Feature", "properties": { "id": 16471, "address": "г. Москва, 1-й Щипковский переулок, д. 17", "workTime": "Ежедневно 08:00-22:00", "pickupType": 4, "fittingRooms": null, "status": null }, "geometry": { "type": "Point", "coordinates": [ 4189144.39120163815096, 7503585.106601939536631 ] } },
{ "type": "Feature", "properties": { "id": 16485, "address": "г. Москва, Новоясеневский проспект, д. 25А", "workTime": "Ежедневно 08:00-22:00", "pickupType": 4, "fittingRooms": null, "status": null }, "geometry": { "type": "Point", "coordinates": [ 4180600.487145144492388, 7479612.766381980851293 ] } },
{ "type": "Feature", "properties": { "id": 16497, "address": "г. Москва, улица Вавилова д. 81", "workTime": "Ежедневно 08:00-22:00", "pickupType": null, "fittingRooms": null, "status": null }, "geometry": { "type": "Point", "coordinates": [ 4179742.929655453655869, 7494980.686142915859818 ] } },
{ "type": "Feature", "properties": { "id": 16511, "address": "г. Москва, м Сухаревская, Пушкарёв переулок, д. 16", "workTime": "Ежедневно 08:00-22:00", "pickupType": 4, "fittingRooms": null, "status": null }, "geometry": { "type": "Point", "coordinates": [ 4188794.80068976432085, 7512469.900568195618689 ] } },
{ "type": "Feature", "properties": { "id": 16524, "address": "г. Москва, улица Дыбенко, д. 38к1", "workTime": "Ежедневно 08:00-22:00", "pickupType": 4, "fittingRooms": null, "status": null }, "geometry": { "type": "Point", "coordinates": [ 4172704.02303571626544, 7533921.66899140458554 ] } },
{ "type": "Feature", "properties": { "id": 16532, "address": "г. Москва, м Медведково, проезд Шокальского, д. 3к2", "workTime": "Ежедневно 08:00-22:00", "pickupType": 4, "fittingRooms": null, "status": null }, "geometry": { "type": "Point", "coordinates": [ 4190561.569137387908995, 7533234.744329230859876 ] } },
{ "type": "Feature", "properties": { "id": 16538, "address": "г. Москва, Бескудниковский бульвар, д. 25к4", "workTime": "Ежедневно 10:00-21:00", "pickupType": 4, "fittingRooms": null, "status": null }, "geometry": { "type": "Point", "coordinates": [ 4180633.978281866293401, 7532384.512410542927682 ] } },
{ "type": "Feature", "properties": { "id": 16541, "address": "г. Москва, м Марьина Роща, улица Сущёвский Вал, д. 67", "workTime": "Ежедневно 08:00-22:00", "pickupType": 4, "fittingRooms": null, "status": null }, "geometry": { "type": "Point", "coordinates": [ 4188148.0439104125835, 7517351.549163708463311 ] } },
{ "type": "Feature", "properties": { "id": 16548, "address": "г. Москва, м Семёновская, Щербаковская улица, д. 58А", "workTime": "Ежедневно 08:00-22:00", "pickupType": 4, "fittingRooms": null, "status": null }, "geometry": { "type": "Point", "coordinates": [ 4201368.903234475292265, 7515039.892603226937354 ] } },
{ "type": "Feature", "properties": { "id": 16553, "address": "г. Москва, м Коломенская, Коломенская улица, д. 9с4", "workTime": "Ежедневно 08:00-22:00", "pickupType": 4, "fittingRooms": null, "status": null }, "geometry": { "type": "Point", "coordinates": [ 4196985.037825951352715, 7494874.462707557715476 ] } },
{ "type": "Feature", "properties": { "id": 16584, "address": "г. Москва, Дмитровское шоссе, д. 149", "workTime": "Ежедневно 08:00-22:00", "pickupType": 4, "fittingRooms": null, "status": null }, "geometry": { "type": "Point", "coordinates": [ 4179204.413381098769605, 7537411.222017667256296 ] } },
{ "type": "Feature", "properties": { "id": 16591, "address": "г. Москва, Заповедная улица, д. 18к3", "workTime": "Ежедневно 08:00-22:00", "pickupType": 4, "fittingRooms": null, "status": null }, "geometry": { "type": "Point", "coordinates": [ 4189906.263577739708126, 7532253.458155512809753 ] } },
{ "type": "Feature", "properties": { "id": 16593, "address": "г. Москва, Лухмановская улица, д. 24", "workTime": "Ежедневно 10:00-21:00", "pickupType": 4, "fittingRooms": null, "status": null }, "geometry": { "type": "Point", "coordinates": [ 4219250.293303157202899, 7503071.547125526703894 ] } },
{ "type": "Feature", "properties": { "id": 16600, "address": "г. Москва, м Дубровка, 1-я улица Машиностроения, д. 10", "workTime": "Ежедневно 08:00-22:00", "pickupType": 4, "fittingRooms": null, "status": null }, "geometry": { "type": "Point", "coordinates": [ 4193468.113694914150983, 7501737.183420919813216 ] } },
{ "type": "Feature", "properties": { "id": 16606, "address": "г. Москва, Зеленодольская улица, д. 11", "workTime": "Ежедневно 08:00-22:00", "pickupType": 4, "fittingRooms": null, "status": null }, "geometry": { "type": "Point", "coordinates": [ 4205599.477028758265078, 7501320.984774608165026 ] } },
{ "type": "Feature", "properties": { "id": 16662, "address": "г. Москва, улица 800-летия Москвы, д. 26к1", "workTime": "Ежедневно 08:00-22:00", "pickupType": 4, "fittingRooms": null, "status": null }, "geometry": { "type": "Point", "coordinates": [ 4181185.862468592822552, 7534562.666382847353816 ] } },
{ "type": "Feature", "properties": { "id": 16727, "address": "г. Москва, м Молодежная, Рублёвское шоссе, д. 91к2", "workTime": "Ежедневно 08:00-22:00", "pickupType": 4, "fittingRooms": null, "status": null }, "geometry": { "type": "Point", "coordinates": [ 4166328.606629868037999, 7506809.214513162150979 ] } },
{ "type": "Feature", "properties": { "id": 16741, "address": "г. Москва, Большая Очаковская улица д. 21", "workTime": "Ежедневно 08:00-22:00", "pickupType": 4, "fittingRooms": null, "status": null }, "geometry": { "type": "Point", "coordinates": [ 4169461.882273462601006, 7495242.369022336788476 ] } },
{ "type": "Feature", "properties": { "id": 16767, "address": "г. Москва, улица Академика Павлова, д. 50", "workTime": "Ежедневно 08:00-22:00", "pickupType": 4, "fittingRooms": null, "status": null }, "geometry": { "type": "Point", "coordinates": [ 4164352.264769292902201, 7508173.002880117855966 ] } },
{ "type": "Feature", "properties": { "id": 16776, "address": "г. Москва, Лобненская улица, д. 5", "workTime": "Ежедневно 10:00-21:00", "pickupType": 4, "fittingRooms": null, "status": null }, "geometry": { "type": "Point", "coordinates": [ 4178894.705748469103128, 7536197.909119866788387 ] } },
{ "type": "Feature", "properties": { "id": 16785, "address": "г. Москва, улица Космонавта Волкова, д. 3", "workTime": "Ежедневно 08:00-22:00", "pickupType": 4, "fittingRooms": null, "status": null }, "geometry": { "type": "Point", "coordinates": [ 4175142.539822333492339, 7521841.443129082210362 ] } },
{ "type": "Feature", "properties": { "id": 16786, "address": "г. Москва, Петрозаводская улица, д. 9к2", "workTime": "Ежедневно 08:00-22:00", "pickupType": 4, "fittingRooms": 14, "status": null }, "geometry": { "type": "Point", "coordinates": [ 4173892.024641462601721, 7531603.848739606328309 ] } },
{ "type": "Feature", "properties": { "id": 16787, "address": "г. Москва, улица Николая Старостина, д. 9", "workTime": "Ежедневно 10:00-21:00", "pickupType": 4, "fittingRooms": null, "status": null }, "geometry": { "type": "Point", "coordinates": [ 4213844.255928696133196, 7505154.272667802870274 ] } },
{ "type": "Feature", "properties": { "id": 16798, "address": "г. Москва, м Молодежная, улица Ивана Франко, д. 40с2", "workTime": "Ежедневно 08:00-22:00", "pickupType": 4, "fittingRooms": null, "status": null }, "geometry": { "type": "Point", "coordinates": [ 4164600.447677834890783, 7504556.249536480754614 ] } },
{ "type": "Feature", "properties": { "id": 16809, "address": "г. Москва, Херсонская улица д. 35с2", "workTime": "Ежедневно 08:00-22:00", "pickupType": null, "fittingRooms": null, "status": null }, "geometry": { "type": "Point", "coordinates": [ 4180813.86312058288604, 7489570.182370578870177 ] } },
{ "type": "Feature", "properties": { "id": 16812, "address": "г. Москва, м Бабушкинская, Анадырский проезд, д. 13", "workTime": "Ежедневно 10:00-21:00", "pickupType": 4, "fittingRooms": null, "status": null }, "geometry": { "type": "Point", "coordinates": [ 4194587.363047311082482, 7531139.543529698625207 ] } },
{ "type": "Feature", "properties": { "id": 16819, "address": "г. Москва, Профсоюзная улица д. 88/20", "workTime": "Ежедневно 08:00-22:00", "pickupType": 4, "fittingRooms": null, "status": null }, "geometry": { "type": "Point", "coordinates": [ 4177754.084500991739333, 7488972.796343423426151 ] } },
{ "type": "Feature", "properties": { "id": 16824, "address": "г. Москва, м Академическая, улица Вавилова, д. 56", "workTime": "Ежедневно 08:00-22:00", "pickupType": 4, "fittingRooms": null, "status": null }, "geometry": { "type": "Point", "coordinates": [ 4180709.372746590990573, 7496689.332992497831583 ] } },
{ "type": "Feature", "properties": { "id": 16831, "address": "г. Москва, м Арбатская (Арб/Покр), Большой Афанасьевский переулок, д. 22", "workTime": "Ежедневно 08:00-22:00", "pickupType": 4, "fittingRooms": null, "status": null }, "geometry": { "type": "Point", "coordinates": [ 4185324.981623894535005, 7508581.973752646706998 ] } },
{ "type": "Feature", "properties": { "id": 16835, "address": "г. Москва, м Первомайская, Верхняя Первомайская улица, д. 59/35к3", "workTime": "Ежедневно 08:00-22:00", "pickupType": 4, "fittingRooms": null, "status": null }, "geometry": { "type": "Point", "coordinates": [ 4208430.372088606469333, 7518700.036086625419557 ] } },
{ "type": "Feature", "properties": { "id": 16836, "address": "г. Москва, м Петровско-Разумовская, Дмитровское шоссе, д. 38к1", "workTime": "Ежедневно 10:00-21:00", "pickupType": 4, "fittingRooms": null, "status": null }, "geometry": { "type": "Point", "coordinates": [ 4182449.204660429619253, 7526748.936483346857131 ] } },
{ "type": "Feature", "properties": { "id": 16847, "address": "г. Москва, Боровский проезд, д. 14", "workTime": "Ежедневно 08:00-22:00", "pickupType": 4, "fittingRooms": null, "status": null }, "geometry": { "type": "Point", "coordinates": [ 4161777.852821859065443, 7489808.576813391409814 ] } },
{ "type": "Feature", "properties": { "id": 16848, "address": "г. Москва, улица Академика Янгеля д. 1к1", "workTime": "Ежедневно 08:00-22:00", "pickupType": null, "fittingRooms": null, "status": null }, "geometry": { "type": "Point", "coordinates": [ 4185377.095175593625754, 7478067.660034228116274 ] } },
{ "type": "Feature", "properties": { "id": 16849, "address": "г. Москва, м Войковская, Большая Академическая улица, д. 6к1", "workTime": "Ежедневно 08:00-22:00", "pickupType": 4, "fittingRooms": null, "status": null }, "geometry": { "type": "Point", "coordinates": [ 4177106.130925794132054, 7522290.58879454061389 ] } },
{ "type": "Feature", "properties": { "id": 16852, "address": "г. Москва, улица Маршала Неделина, д. 34к2", "workTime": "Ежедневно 08:00-22:00", "pickupType": 4, "fittingRooms": null, "status": null }, "geometry": { "type": "Point", "coordinates": [ 4165458.905296927317977, 7503907.674168969504535 ] } },
{ "type": "Feature", "properties": { "id": 16853, "address": "г. Москва, проспект Вернадского д. 27 корп 1", "workTime": "Ежедневно 10:00-21:00", "pickupType": null, "fittingRooms": null, "status": null }, "geometry": { "type": "Point", "coordinates": [ 4176661.360913457814604, 7495227.277190231718123 ] } },
{ "type": "Feature", "properties": { "id": 16854, "address": "г. Москва, улица Островитянова д. 5", "workTime": "Ежедневно 08:00-22:00", "pickupType": null, "fittingRooms": null, "status": null }, "geometry": { "type": "Point", "coordinates": [ 4173943.513134219683707, 7488052.01243369281292 ] } },
{ "type": "Feature", "properties": { "id": 16896, "address": "г. Москва, м Первомайская, ул. 7-я Парковая , д. 3/9", "workTime": "Ежедневно 08:00-22:00", "pickupType": 4, "fittingRooms": 4, "status": null }, "geometry": { "type": "Point", "coordinates": [ 4207199.026235369034111, 7517019.262123085558414 ] } },
{ "type": "Feature", "properties": { "id": 16915, "address": "г. Москва, Митинская улица, 57", "workTime": "Ежедневно 08:00-22:00", "pickupType": 4, "fittingRooms": null, "status": null }, "geometry": { "type": "Point", "coordinates": [ 4158017.666660369839519, 7529780.880132880993187 ] } },
{ "type": "Feature", "properties": { "id": 16937, "address": "г. Москва, улица Красная Пресня, д. 9с1", "workTime": "Ежедневно 08:00-22:00", "pickupType": 4, "fittingRooms": null, "status": null }, "geometry": { "type": "Point", "coordinates": [ 4182675.602233303245157, 7510923.086406612768769 ] } },
{ "type": "Feature", "properties": { "id": 16944, "address": "г. Москва, улица Клары Цеткин, д. 11к2", "workTime": "Ежедневно 10:00-21:00", "pickupType": 4, "fittingRooms": null, "status": null }, "geometry": { "type": "Point", "coordinates": [ 4176291.283607776276767, 7522574.72977542411536 ] } },
{ "type": "Feature", "properties": { "id": 16945, "address": "г. Москва, Ленинский проспект д. 123", "workTime": "Ежедневно 10:00-21:00", "pickupType": null, "fittingRooms": null, "status": 3 }, "geometry": { "type": "Point", "coordinates": [ 4172238.922744776587933, 7488463.999893505126238 ] } },
{ "type": "Feature", "properties": { "id": 16948, "address": "г. Москва, улица Академика Пилюгина д. 6", "workTime": "Ежедневно 08:00-22:00", "pickupType": 4, "fittingRooms": null, "status": null }, "geometry": { "type": "Point", "coordinates": [ 4179049.011371951550245, 7493370.437844464555383 ] } },
{ "type": "Feature", "properties": { "id": 16964, "address": "г. Москва, Каширское шоссе, д. 4к3", "workTime": "Ежедневно 10:00-21:00", "pickupType": 4, "fittingRooms": null, "status": null }, "geometry": { "type": "Point", "coordinates": [ 4188554.644139148294926, 7492692.357977798208594 ] } },
{ "type": "Feature", "properties": { "id": 16980, "address": "г. Москва, м Аннино, Дорожная улица, д. 32к1", "workTime": "Ежедневно 08:00-22:00", "pickupType": 4, "fittingRooms": null, "status": null }, "geometry": { "type": "Point", "coordinates": [ 4186915.291869367472827, 7477422.466105035506189 ] } },
{ "type": "Feature", "properties": { "id": 16999, "address": "г. Москва, Варшавское шоссе д. 69к1", "workTime": "Ежедневно 10:00-21:00", "pickupType": null, "fittingRooms": null, "status": null }, "geometry": { "type": "Point", "coordinates": [ 4187847.803109918255359, 7491333.83260923717171 ] } },
{ "type": "Feature", "properties": { "id": 17048, "address": "г. Москва, Аминьевское шоссе, д. 14к1", "workTime": "Ежедневно 08:00-22:00", "pickupType": 4, "fittingRooms": null, "status": null }, "geometry": { "type": "Point", "coordinates": [ 4169387.036168550141156, 7501516.848105083219707 ] } },
{ "type": "Feature", "properties": { "id": 17090, "address": "г. Москва, улица Красного Маяка, д. 15Ас2", "workTime": "Ежедневно 08:00-22:00", "pickupType": 4, "fittingRooms": null, "status": null }, "geometry": { "type": "Point", "coordinates": [ 4183405.944922109134495, 7480762.398323759436607 ] } },
{ "type": "Feature", "properties": { "id": 17104, "address": "г. Москва, проезд. Чечерский (п Воскресенское), 128", "workTime": "Ежедневно 08:00-22:00", "pickupType": 4, "fittingRooms": 6, "status": null }, "geometry": { "type": "Point", "coordinates": [ 4176102.941048107109964, 7464209.296545815654099 ] } },
{ "type": "Feature", "properties": { "id": 17106, "address": "г. Москва, Судостроительная улица, д. 55", "workTime": "Ежедневно 08:00-22:00", "pickupType": 4, "fittingRooms": null, "status": null }, "geometry": { "type": "Point", "coordinates": [ 4195957.662787014618516, 7496705.423595109954476 ] } },
{ "type": "Feature", "properties": { "id": 17108, "address": "г. Москва, Донецкая улица, д. 23с2", "workTime": "Ежедневно 08:00-22:00", "pickupType": 4, "fittingRooms": null, "status": null }, "geometry": { "type": "Point", "coordinates": [ 4198474.039876396767795, 7488521.078462530858815 ] } },
{ "type": "Feature", "properties": { "id": 17120, "address": "г. Москва, Большая Филёвская улица, д. 43", "workTime": "Ежедневно 08:00-22:00", "pickupType": 4, "fittingRooms": null, "status": null }, "geometry": { "type": "Point", "coordinates": [ 4171637.178558124229312, 7507017.830921024084091 ] } },
{ "type": "Feature", "properties": { "id": 17132, "address": "г. Москва, Туристская улица, д. 19к1", "workTime": "Ежедневно 08:00-22:00", "pickupType": 4, "fittingRooms": null, "status": null }, "geometry": { "type": "Point", "coordinates": [ 4165705.84966481430456, 7529125.363836451433599 ] } },
{ "type": "Feature", "properties": { "id": 17135, "address": "г. Москва, м Алтуфьево, Алтуфьевское шоссе, д. 102Б", "workTime": "Ежедневно 10:00-21:00", "pickupType": 4, "fittingRooms": null, "status": null }, "geometry": { "type": "Point", "coordinates": [ 4184642.193174401298165, 7539356.025006555952132 ] } },
{ "type": "Feature", "properties": { "id": 17143, "address": "г. Москва, м Перово, Перовская улица, д. 26к1", "workTime": "Ежедневно 08:00-22:00", "pickupType": 4, "fittingRooms": null, "status": null }, "geometry": { "type": "Point", "coordinates": [ 4204824.037589716725051, 7508076.641182676889002 ] } },
{ "type": "Feature", "properties": { "id": 17145, "address": "г. Москва, м Речной вокзал, Фестивальная улица, д. 41к4", "workTime": "Ежедневно 08:00-22:00", "pickupType": 4, "fittingRooms": null, "status": null }, "geometry": { "type": "Point", "coordinates": [ 4172421.494168083183467, 7530649.304737452417612 ] } },
{ "type": "Feature", "properties": { "id": 17147, "address": "г. Москва, Братеевская улица, д. 18к1", "workTime": "Ежедневно 08:00-22:00", "pickupType": 4, "fittingRooms": null, "status": null }, "geometry": { "type": "Point", "coordinates": [ 4204451.005976068787277, 7486338.34089058637619 ] } },
{ "type": "Feature", "properties": { "id": 17150, "address": "г. Москва, Путевой проезд, д. 14к2", "workTime": "Ежедневно 08:00-22:00", "pickupType": 4, "fittingRooms": null, "status": null }, "geometry": { "type": "Point", "coordinates": [ 4183175.48452178016305, 7533518.337009714916348 ] } },
{ "type": "Feature", "properties": { "id": 17151, "address": "г. Москва, Башиловская улица, д. 23к1", "workTime": "Ежедневно 08:00-22:00", "pickupType": 4, "fittingRooms": null, "status": null }, "geometry": { "type": "Point", "coordinates": [ 4182742.213033606298268, 7519180.918917332775891 ] } },
{ "type": "Feature", "properties": { "id": 17166, "address": "г. Москва, улица Удальцова д. 16", "workTime": "Ежедневно 08:00-22:00", "pickupType": null, "fittingRooms": null, "status": null }, "geometry": { "type": "Point", "coordinates": [ 4175625.919107620138675, 7494243.583968602120876 ] } },
{ "type": "Feature", "properties": { "id": 17167, "address": "г. Москва, улица 26-ти Бакинских Комиссаров д. 4к2", "workTime": "Ежедневно 08:00-22:00", "pickupType": null, "fittingRooms": null, "status": null }, "geometry": { "type": "Point", "coordinates": [ 4173895.223518350627273, 7490613.772543303668499 ] } },
{ "type": "Feature", "properties": { "id": 17168, "address": "г. Москва, м Крылатское, Осенний бульвар, д. 5к3", "workTime": "Ежедневно 08:00-22:00", "pickupType": 4, "fittingRooms": null, "status": null }, "geometry": { "type": "Point", "coordinates": [ 4163913.456806244328618, 7510231.11106485966593 ] } },
{ "type": "Feature", "properties": { "id": 17170, "address": "г. Москва, улица Толбухина, д. 7к1", "workTime": "Ежедневно 08:00-22:00", "pickupType": 4, "fittingRooms": null, "status": null }, "geometry": { "type": "Point", "coordinates": [ 4163400.607912159524858, 7502831.443985189311206 ] } },
{ "type": "Feature", "properties": { "id": 17171, "address": "г. Москва, м Перово, Кусковская улица, д. 31к1", "workTime": "Ежедневно 08:00-22:00", "pickupType": 4, "fittingRooms": null, "status": null }, "geometry": { "type": "Point", "coordinates": [ 4206321.8393345894292, 7507312.710193142294884 ] } },
{ "type": "Feature", "properties": { "id": 17200, "address": "г. Москва, улица Вешних Вод, д. 2к2", "workTime": "Ежедневно 10:00-21:00", "pickupType": 4, "fittingRooms": null, "status": null }, "geometry": { "type": "Point", "coordinates": [ 4196573.508592802099884, 7530025.584421611391008 ] } },
{ "type": "Feature", "properties": { "id": 17214, "address": "г. Москва, Ленинградский проспект, д.1", "workTime": "Ежедневно 10:00-21:00", "pickupType": 4, "fittingRooms": null, "status": null }, "geometry": { "type": "Point", "coordinates": [ 4183448.393938255496323, 7514287.373962193727493 ] } },
{ "type": "Feature", "properties": { "id": 17219, "address": "г. Москва, улица Мусы Джалиля, д. 4к6", "workTime": "Ежедневно 08:00-22:00", "pickupType": 4, "fittingRooms": null, "status": null }, "geometry": { "type": "Point", "coordinates": [ 4201275.390186790376902, 7484849.971035351976752 ] } },
{ "type": "Feature", "properties": { "id": 17233, "address": "г. Москва, м Новокузнецкая, Пятницкая улица, д. 17/4с3", "workTime": "Ежедневно 10:00-21:00", "pickupType": 4, "fittingRooms": null, "status": null }, "geometry": { "type": "Point", "coordinates": [ 4188847.577928266022354, 7507445.436704071238637 ] } },
{ "type": "Feature", "properties": { "id": 17268, "address": "г. Москва, м Отрадное, Алтуфьевское шоссе, д. 28", "workTime": "Ежедневно 08:00-22:00", "pickupType": 4, "fittingRooms": null, "status": null }, "geometry": { "type": "Point", "coordinates": [ 4183973.00640821037814, 7531514.578390835784376 ] } },
{ "type": "Feature", "properties": { "id": 17314, "address": "г. Москва, м Волгоградский проспект, улица Мельникова, д. 3к6", "workTime": "Ежедневно 08:00-22:00", "pickupType": 4, "fittingRooms": null, "status": null }, "geometry": { "type": "Point", "coordinates": [ 4194184.454618168063462, 7503904.11613601166755 ] } },
{ "type": "Feature", "properties": { "id": 17317, "address": "г. Москва, Митинская улица, д. 36", "workTime": "Ежедневно 10:00-21:00", "pickupType": 4, "fittingRooms": null, "status": null }, "geometry": { "type": "Point", "coordinates": [ 4159280.370880205184221, 7527841.327697818167508 ] } },
{ "type": "Feature", "properties": { "id": 17339, "address": "г Москва, Нижегородская 83", "workTime": "Ежедневно 10:00-21:00", "pickupType": 3, "fittingRooms": 7, "status": null }, "geometry": { "type": "Point", "coordinates": [ 4199251.272561115212739, 7505122.245257766917348 ] } },
{ "type": "Feature", "properties": { "id": 17363, "address": "г. Москва, м Бибирево, улица Пришвина, д. 13", "workTime": "Ежедневно 08:00-22:00", "pickupType": 4, "fittingRooms": null, "status": null }, "geometry": { "type": "Point", "coordinates": [ 4185699.015112960711122, 7536273.733158335089684 ] } },
{ "type": "Feature", "properties": { "id": 17364, "address": "г. Москва, м Строгино, улица Исаковского, д. 33к1", "workTime": "Ежедневно 08:00-22:00", "pickupType": 4, "fittingRooms": null, "status": null }, "geometry": { "type": "Point", "coordinates": [ 4165438.551752550527453, 7519742.003824878484011 ] } },
{ "type": "Feature", "properties": { "id": 17366, "address": "г. Москва, м Марьино, Батайский проезд, д. 55", "workTime": "Ежедневно 08:00-22:00", "pickupType": 4, "fittingRooms": null, "status": null }, "geometry": { "type": "Point", "coordinates": [ 4201273.01496281567961, 7487853.621569721028209 ] } },
{ "type": "Feature", "properties": { "id": 17385, "address": "г. Москва, Ангарская улица, д. 10", "workTime": "Ежедневно 08:00-22:00", "pickupType": 4, "fittingRooms": null, "status": null }, "geometry": { "type": "Point", "coordinates": [ 4176064.981101746670902, 7533189.26402829028666 ] } },
{ "type": "Feature", "properties": { "id": 17388, "address": "г. Москва, м Планерная, улица Свободы, д. 89к5", "workTime": "Ежедневно 08:00-22:00", "pickupType": 4, "fittingRooms": null, "status": null }, "geometry": { "type": "Point", "coordinates": [ 4168048.245967312715948, 7531802.097283832728863 ] } },
{ "type": "Feature", "properties": { "id": 17394, "address": "г. Москва, улица Гурьянова д. 8к1", "workTime": "Ежедневно 10:00-21:00", "pickupType": null, "fittingRooms": null, "status": null }, "geometry": { "type": "Point", "coordinates": [ 4198716.26630162447691, 7497052.683115821331739 ] } },
{ "type": "Feature", "properties": { "id": 17398, "address": "г. Москва, м Свиблово, Вересковая улица, д. 1к1", "workTime": "Ежедневно 10:00-21:00", "pickupType": 4, "fittingRooms": null, "status": null }, "geometry": { "type": "Point", "coordinates": [ 4189917.03618750302121, 7530415.772087005898356 ] } },
{ "type": "Feature", "properties": { "id": 17407, "address": "г. Москва улица Лескова 26А", "workTime": "Ежедневно 08:00-22:00", "pickupType": 4, "fittingRooms": null, "status": null }, "geometry": { "type": "Point", "coordinates": [ 4187057.854399766307324, 7537443.987361811101437 ] } },
{ "type": "Feature", "properties": { "id": 17410, "address": "г. Москва , 1-я Нововатутинская улица, д. 1", "workTime": "Ежедневно 08:00-22:00", "pickupType": 4, "fittingRooms": 3, "status": null }, "geometry": { "type": "Point", "coordinates": [ 4158579.792017610743642, 7462581.768569857813418 ] } },
{ "type": "Feature", "properties": { "id": 17423, "address": "г. Москва, м Каширская, Каширское шоссе, д. 48к1", "workTime": "Ежедневно 10:00-21:00", "pickupType": 4, "fittingRooms": null, "status": null }, "geometry": { "type": "Point", "coordinates": [ 4192957.045912681613117, 7488546.132437145337462 ] } },
{ "type": "Feature", "properties": { "id": 17431, "address": "г. Москва, Красногвардейский бульвар, д. 7", "workTime": "Ежедневно 08:00-22:00", "pickupType": 4, "fittingRooms": null, "status": null }, "geometry": { "type": "Point", "coordinates": [ 4179301.038699107710272, 7510766.261348557658494 ] } },
{ "type": "Feature", "properties": { "id": 17433, "address": "г. Москва, Гжатская улица, д. 8", "workTime": "Ежедневно 08:00-22:00", "pickupType": 4, "fittingRooms": null, "status": null }, "geometry": { "type": "Point", "coordinates": [ 4167709.261753882747144, 7501948.438725204207003 ] } },
{ "type": "Feature", "properties": { "id": 17434, "address": "г. Москва, Новослободская улица, д. 67/69", "workTime": "Ежедневно 10:00-21:00", "pickupType": 4, "fittingRooms": null, "status": null }, "geometry": { "type": "Point", "coordinates": [ 4184620.997164118103683, 7516532.807722431607544 ] } },
{ "type": "Feature", "properties": { "id": 17436, "address": "г. Москва, Ферганский проезд, д. 7к6", "workTime": "Ежедневно 10:00-21:00", "pickupType": 4, "fittingRooms": null, "status": null }, "geometry": { "type": "Point", "coordinates": [ 4210748.572209225967526, 7497900.098063069395721 ] } },
{ "type": "Feature", "properties": { "id": 17438, "address": "г. Москва, Алтайская улица, д. 19с1А", "workTime": "Ежедневно 08:00-22:00", "pickupType": 4, "fittingRooms": null, "status": null }, "geometry": { "type": "Point", "coordinates": [ 4210427.719603136181831, 7523065.334097831510007 ] } },
{ "type": "Feature", "properties": { "id": 17451, "address": "г. Москва, Тайнинская улица, д. 16к1", "workTime": "Ежедневно 08:00-22:00", "pickupType": 4, "fittingRooms": null, "status": null }, "geometry": { "type": "Point", "coordinates": [ 4195046.958032834343612, 7534747.419527583755553 ] } },
{ "type": "Feature", "properties": { "id": 17454, "address": "г. Москва, м Измайловская, Измайловский проезд, д. 9к2", "workTime": "Ежедневно 10:00-21:00", "pickupType": 4, "fittingRooms": null, "status": null }, "geometry": { "type": "Point", "coordinates": [ 4204388.022744011133909, 7518311.659666774794459 ] } },
{ "type": "Feature", "properties": { "id": 17465, "address": "г. Москва, ул. Авиаконструктора Петлякова, 21", "workTime": "Ежедневно 08:00-22:00", "pickupType": 4, "fittingRooms": null, "status": null }, "geometry": { "type": "Point", "coordinates": [ 4153603.339897705242038, 7483744.340269886888564 ] } },
{ "type": "Feature", "properties": { "id": 17518, "address": "г. Москва, м Кожуховская, 5-я Кожуховская улица, д. 18к1", "workTime": "Ежедневно 08:00-22:00", "pickupType": 4, "fittingRooms": null, "status": null }, "geometry": { "type": "Point", "coordinates": [ 4193816.067476315423846, 7499921.093970324844122 ] } },
{ "type": "Feature", "properties": { "id": 17580, "address": "г. Москва, м Коломенская, Нагатинская набережная, д. 48/2", "workTime": "Ежедневно 08:00-22:00", "pickupType": 4, "fittingRooms": null, "status": null }, "geometry": { "type": "Point", "coordinates": [ 4194449.461686630733311, 7496533.421296235173941 ] } },
{ "type": "Feature", "properties": { "id": 17603, "address": "г. Москва, улица Маршала Захарова, д. 14к1", "workTime": "Ежедневно 08:00-22:00", "pickupType": 4, "fittingRooms": null, "status": null }, "geometry": { "type": "Point", "coordinates": [ 4196627.710498147644103, 7483581.196181732229888 ] } },
{ "type": "Feature", "properties": { "id": 17607, "address": "г. Москва, улица Россолимо, д. 6/25", "workTime": "Ежедневно 10:00-21:00", "pickupType": 4, "fittingRooms": null, "status": null }, "geometry": { "type": "Point", "coordinates": [ 4183656.200599569827318, 7506152.301303155720234 ] } },
{ "type": "Feature", "properties": { "id": 17627, "address": "г. Москва, м Бауманская, Посланников переулок, д. 3с2", "workTime": "Ежедневно 08:00-22:00", "pickupType": 4, "fittingRooms": null, "status": 3 }, "geometry": { "type": "Point", "coordinates": [ 4194611.894634816795588, 7512813.57081086281687 ] } },
{ "type": "Feature", "properties": { "id": 17636, "address": "г. Москва, м Борисово, улица Борисовские Пруды, д. 18к1", "workTime": "Ежедневно 10:00-21:00", "pickupType": 4, "fittingRooms": null, "status": null }, "geometry": { "type": "Point", "coordinates": [ 4202363.803261002525687, 7486647.87634586263448 ] } },
{ "type": "Feature", "properties": { "id": 17640, "address": "г. Москва, м Царицыно, улица Бехтерева, д. 31к4", "workTime": "Ежедневно 08:00-22:00", "pickupType": 4, "fittingRooms": null, "status": null }, "geometry": { "type": "Point", "coordinates": [ 4190849.95652718283236, 7483481.240516082383692 ] } },
{ "type": "Feature", "properties": { "id": 17642, "address": "г. Москва, м Кунцевская, Кунцевская улица, д. 5", "workTime": "Ежедневно 08:00-22:00", "pickupType": 4, "fittingRooms": null, "status": null }, "geometry": { "type": "Point", "coordinates": [ 4165796.762400513514876, 7504789.225402217358351 ] } },
{ "type": "Feature", "properties": { "id": 17670, "address": "г. Москва, м Тульская, Даниловская набережная, д. 2к4", "workTime": "Ежедневно 08:00-22:00", "pickupType": 4, "fittingRooms": null, "status": null }, "geometry": { "type": "Point", "coordinates": [ 4190346.535058134235442, 7500536.399798418395221 ] } },
{ "type": "Feature", "properties": { "id": 17672, "address": "г. Москва, м Пражская, Чертановская улица, д. 43к5", "workTime": "Ежедневно 08:00-22:00", "pickupType": 4, "fittingRooms": null, "status": null }, "geometry": { "type": "Point", "coordinates": [ 4184858.682199399918318, 7480782.749122932553291 ] } },
{ "type": "Feature", "properties": { "id": 17673, "address": "г. Москва, Дубнинская улица, д. 14к2", "workTime": "Ежедневно 08:00-22:00", "pickupType": 4, "fittingRooms": null, "status": null }, "geometry": { "type": "Point", "coordinates": [ 4182321.663248160388321, 7531980.278260524384677 ] } },
{ "type": "Feature", "properties": { "id": 17681, "address": "г. Москва, проезд Шокальского, д. 31к1", "workTime": "Ежедневно 08:00-22:00", "pickupType": 4, "fittingRooms": null, "status": null }, "geometry": { "type": "Point", "coordinates": [ 4191118.125737100839615, 7534890.677699417807162 ] } },
{ "type": "Feature", "properties": { "id": 17694, "address": "г. Москва, м Коломенская, Корабельная улица, д. 15", "workTime": "Ежедневно 10:00-21:00", "pickupType": 4, "fittingRooms": null, "status": null }, "geometry": { "type": "Point", "coordinates": [ 4196139.715906771831214, 7495448.544942832551897 ] } },
{ "type": "Feature", "properties": { "id": 17699, "address": "г. Москва, м Новогиреево, улица Молостовых, д. 9к1", "workTime": "Ежедневно 08:00-22:00", "pickupType": 4, "fittingRooms": null, "status": null }, "geometry": { "type": "Point", "coordinates": [ 4211559.653366231359541, 7510525.946384429000318 ] } },
{ "type": "Feature", "properties": { "id": 17705, "address": "г. Москва, Люблинская улица, д. 179/1", "workTime": "Ежедневно 10:00-21:00", "pickupType": 4, "fittingRooms": null, "status": null }, "geometry": { "type": "Point", "coordinates": [ 4202144.737969028763473, 7488002.773355264216661 ] } },
{ "type": "Feature", "properties": { "id": 17720, "address": "г. Москва, улица Расплетина, д. 2", "workTime": "Ежедневно 08:00-22:00", "pickupType": 4, "fittingRooms": null, "status": null }, "geometry": { "type": "Point", "coordinates": [ 4172241.315111952833831, 7516617.285739604383707 ] } },
{ "type": "Feature", "properties": { "id": 17721, "address": "г. Москва Изумрудная улица 8", "workTime": "Ежедневно 10:00-21:00", "pickupType": 4, "fittingRooms": null, "status": null }, "geometry": { "type": "Point", "coordinates": [ 4194517.331065097823739, 7532345.31823268160224 ] } },
{ "type": "Feature", "properties": { "id": 17734, "address": "г. Москва, м Фрунзенская, 3-я Фрунзенская улица, д. 10", "workTime": "Ежедневно 08:00-22:00", "pickupType": 4, "fittingRooms": null, "status": null }, "geometry": { "type": "Point", "coordinates": [ 4183203.691656232811511, 7503156.240176779218018 ] } },
{ "type": "Feature", "properties": { "id": 17746, "address": "Москва, Руставели 3к2", "workTime": "Ежедневно 10:00-21:00", "pickupType": 3, "fittingRooms": 4, "status": null }, "geometry": { "type": "Point", "coordinates": [ 4183858.569971674587578, 7521176.926234168931842 ] } },
{ "type": "Feature", "properties": { "id": 17747, "address": "г. Москва, м Молодежная, улица Академика Павлова, д. 9к1", "workTime": "Ежедневно 08:00-22:00", "pickupType": 4, "fittingRooms": null, "status": null }, "geometry": { "type": "Point", "coordinates": [ 4163099.043411600403488, 7507294.281552358530462 ] } },
{ "type": "Feature", "properties": { "id": 17756, "address": "г. Москва, м Щукинская, улица Гамалеи, д. 19к2", "workTime": "Ежедневно 08:00-22:00", "pickupType": 4, "fittingRooms": null, "status": null }, "geometry": { "type": "Point", "coordinates": [ 4169378.879678138997406, 7518880.055612815544009 ] } },
{ "type": "Feature", "properties": { "id": 17757, "address": "г. Москва, Дмитровское шоссе, д. 169к6", "workTime": "Ежедневно 10:00-21:00", "pickupType": 4, "fittingRooms": null, "status": null }, "geometry": { "type": "Point", "coordinates": [ 4178963.49429197050631, 7544366.272123950533569 ] } },
{ "type": "Feature", "properties": { "id": 17774, "address": "Москва, Москва, 2-я Филёвская улица, 6", "workTime": "Ежедневно 08:00-22:00", "pickupType": 4, "fittingRooms": null, "status": null }, "geometry": { "type": "Point", "coordinates": [ 4173849.277956997975707, 7506004.233799073845148 ] } },
{ "type": "Feature", "properties": { "id": 17784, "address": "г. Москва, Беговая улица, д. 1А", "workTime": "Ежедневно 08:00-22:00", "pickupType": 4, "fittingRooms": null, "status": null }, "geometry": { "type": "Point", "coordinates": [ 4180144.951758810784668, 7513891.251428595744073 ] } },
{ "type": "Feature", "properties": { "id": 17800, "address": "г. Москва, м Первомайская, 5-я Парковая улица, д. 33", "workTime": "Ежедневно 10:00-21:00", "pickupType": 4, "fittingRooms": null, "status": null }, "geometry": { "type": "Point", "coordinates": [ 4206520.488186674192548, 7518291.100782502442598 ] } },
{ "type": "Feature", "properties": { "id": 17809, "address": "г. Москва, м Войковская, улица Клары Цеткин, д. 29к1", "workTime": "Ежедневно 10:00-21:00", "pickupType": 4, "fittingRooms": null, "status": null }, "geometry": { "type": "Point", "coordinates": [ 4176207.907869520131499, 7523772.908947669900954 ] } },
{ "type": "Feature", "properties": { "id": 17828, "address": "г. Москва, Южнобутовская улица, д. 38", "workTime": "Ежедневно 10:00-21:00", "pickupType": 4, "fittingRooms": 4, "status": null }, "geometry": { "type": "Point", "coordinates": [ 4178561.864589818287641, 7467589.120808076113462 ] } },
{ "type": "Feature", "properties": { "id": 17869, "address": "г. Москва, улица Барклая, д. 13с1", "workTime": "Ежедневно 10:00-21:00", "pickupType": 4, "fittingRooms": null, "status": null }, "geometry": { "type": "Point", "coordinates": [ 4173954.261698971968144, 7507864.120451645925641 ] } },
{ "type": "Feature", "properties": { "id": 17915, "address": "г. Москва, улица Раменки, д. 8к2", "workTime": "Ежедневно 08:00-22:00", "pickupType": 4, "fittingRooms": null, "status": null }, "geometry": { "type": "Point", "coordinates": [ 4173470.170859500300139, 7497381.294734202325344 ] } },
{ "type": "Feature", "properties": { "id": 17980, "address": "г. Москва, Большой Тишинский переулок, д. 40с1", "workTime": "Ежедневно 08:00-22:00", "pickupType": 4, "fittingRooms": null, "status": null }, "geometry": { "type": "Point", "coordinates": [ 4182115.238061726093292, 7512710.317255969159305 ] } },
{ "type": "Feature", "properties": { "id": 17981, "address": "г. Москва, Сколковское шоссе, д. 22к1", "workTime": "Ежедневно 08:00-22:00", "pickupType": 4, "fittingRooms": null, "status": null }, "geometry": { "type": "Point", "coordinates": [ 4163423.580247557256371, 7500641.685173089616001 ] } },
{ "type": "Feature", "properties": { "id": 18000, "address": "г. Москва, м Беляево, улица Академика Волгина, д. 8А", "workTime": "Ежедневно 08:00-22:00", "pickupType": 4, "fittingRooms": null, "status": null }, "geometry": { "type": "Point", "coordinates": [ 4176389.032139446120709, 7489361.910569926723838 ] } },
{ "type": "Feature", "properties": { "id": 18013, "address": "г. Москва, улица Трофимова, д. 8", "workTime": "Ежедневно 10:00-21:00", "pickupType": 4, "fittingRooms": null, "status": null }, "geometry": { "type": "Point", "coordinates": [ 4192884.212798120453954, 7499400.178901591338217 ] } },
{ "type": "Feature", "properties": { "id": 18014, "address": "г. Москва, улица Милашенкова, д. 3к1", "workTime": "Ежедневно 08:00-22:00", "pickupType": 4, "fittingRooms": null, "status": null }, "geometry": { "type": "Point", "coordinates": [ 4184190.298603334464133, 7523196.089139983057976 ] } },
{ "type": "Feature", "properties": { "id": 18017, "address": "г. Москва, Медынская улица, д. 5Ак1", "workTime": "Ежедневно 08:00-22:00", "pickupType": 4, "fittingRooms": null, "status": null }, "geometry": { "type": "Point", "coordinates": [ 4190904.693434, 7477321.770771909505129 ] } },
{ "type": "Feature", "properties": { "id": 18018, "address": "г. Москва, м Водный стадион, Ленинградское шоссе, д. 56", "workTime": "Ежедневно 10:00-21:00", "pickupType": 4, "fittingRooms": null, "status": null }, "geometry": { "type": "Point", "coordinates": [ 4172596.679877134971321, 7526286.663437698967755 ] } },
{ "type": "Feature", "properties": { "id": 18019, "address": "г. Москва, м Беляево, улица Миклухо-Маклая, д. 18к1", "workTime": "Ежедневно 08:00-22:00", "pickupType": 4, "fittingRooms": null, "status": 3 }, "geometry": { "type": "Point", "coordinates": [ 4176496.083752281963825, 7488204.499690782278776 ] } },
{ "type": "Feature", "properties": { "id": 18023, "address": "г. Москва, улица Расковой, д. 30", "workTime": "Ежедневно 10:00-21:00", "pickupType": 4, "fittingRooms": null, "status": null }, "geometry": { "type": "Point", "coordinates": [ 4182896.103435388300568, 7516640.070377844385803 ] } },
{ "type": "Feature", "properties": { "id": 18028, "address": "г. Москва, улица Кубинка, д. 15к2", "workTime": "Ежедневно 10:00-21:00", "pickupType": 4, "fittingRooms": null, "status": null }, "geometry": { "type": "Point", "coordinates": [ 4163849.082080551888794, 7503668.863229205831885 ] } },
{ "type": "Feature", "properties": { "id": 18034, "address": "г. Москва, улица Красного Маяка, д. 22к1", "workTime": "Ежедневно 08:00-22:00", "pickupType": 4, "fittingRooms": null, "status": null }, "geometry": { "type": "Point", "coordinates": [ 4183264.012571347877383, 7481757.504648265428841 ] } },
{ "type": "Feature", "properties": { "id": 18035, "address": "г. Москва, Снайперская улица, д. 8А", "workTime": "Ежедневно 08:00-22:00", "pickupType": 4, "fittingRooms": null, "status": null }, "geometry": { "type": "Point", "coordinates": [ 4209082.914587172679603, 7503369.649622682482004 ] } },
{ "type": "Feature", "properties": { "id": 18038, "address": "г. Москва, Свободный проспект, д. 9В", "workTime": "Ежедневно 10:00-21:00", "pickupType": 4, "fittingRooms": 8, "status": null }, "geometry": { "type": "Point", "coordinates": [ 4210639.624825461767614, 7511718.602729297243059 ] } },
{ "type": "Feature", "properties": { "id": 18041, "address": "г. Москва, Севастопольский проспект, д. 37", "workTime": "Ежедневно 08:00-22:00", "pickupType": 4, "fittingRooms": null, "status": null }, "geometry": { "type": "Point", "coordinates": [ 4184729.760314125567675, 7493624.490137226879597 ] } },
{ "type": "Feature", "properties": { "id": 18046, "address": "г. Москва, Харьковская улица, д. 2", "workTime": "Ежедневно 08:00-22:00", "pickupType": 4, "fittingRooms": null, "status": null }, "geometry": { "type": "Point", "coordinates": [ 4191485.905074534937739, 7476775.639513098634779 ] } },
{ "type": "Feature", "properties": { "id": 18049, "address": "г. Москва, 3-я Парковая улица д. 20", "workTime": "Ежедневно 10:00-21:00", "pickupType": null, "fittingRooms": null, "status": null }, "geometry": { "type": "Point", "coordinates": [ 4206007.475096340291202, 7517469.565979913808405 ] } },
{ "type": "Feature", "properties": { "id": 18051, "address": "г. Москва, м Щелковская, Уссурийская улица, д. 1к1", "workTime": "Ежедневно 08:00-22:00", "pickupType": 4, "fittingRooms": null, "status": null }, "geometry": { "type": "Point", "coordinates": [ 4208873.877956805750728, 7523371.824048914015293 ] } },
{ "type": "Feature", "properties": { "id": 18058, "address": "г. Москва, м Братиславская, Братиславская улица, д. 13к1", "workTime": "Ежедневно 08:00-22:00", "pickupType": 4, "fittingRooms": null, "status": null }, "geometry": { "type": "Point", "coordinates": [ 4203440.993660749867558, 7491278.050337282940745 ] } },
{ "type": "Feature", "properties": { "id": 18062, "address": "г. Москва, улица Татьяны Макаровой, д. 10", "workTime": "Ежедневно 10:00-21:00", "pickupType": 4, "fittingRooms": null, "status": null }, "geometry": { "type": "Point", "coordinates": [ 4217852.892388143576682, 7501186.59068198595196 ] } },
{ "type": "Feature", "properties": { "id": 18063, "address": "г. Москва, Дмитровское шоссе, д. 124А", "workTime": "Ежедневно 08:00-22:00", "pickupType": 4, "fittingRooms": null, "status": null }, "geometry": { "type": "Point", "coordinates": [ 4180022.88548437692225, 7543398.711546088568866 ] } },
{ "type": "Feature", "properties": { "id": 18066, "address": "г. Москва, Ленинградское шоссе, д. 128", "workTime": "Ежедневно 08:00-22:00", "pickupType": 4, "fittingRooms": null, "status": 3 }, "geometry": { "type": "Point", "coordinates": [ 4170262.007366184145212, 7532468.634385483339429 ] } },
{ "type": "Feature", "properties": { "id": 18067, "address": "г. Москва, Братеевская улица, д. 16к6", "workTime": "Ежедневно 10:00-21:00", "pickupType": 4, "fittingRooms": null, "status": null }, "geometry": { "type": "Point", "coordinates": [ 4204337.079605439677835, 7485524.578426140360534 ] } },
{ "type": "Feature", "properties": { "id": 18072, "address": "г. Москва (Московская область), Бутово парк, д. 16", "workTime": "Ежедневно 08:00-22:00", "pickupType": 4, "fittingRooms": 2, "status": null }, "geometry": { "type": "Point", "coordinates": [ 4184620.408506650477648, 7468611.292996735312045 ] } },
{ "type": "Feature", "properties": { "id": 18087, "address": "г. Москва, м Строгино, улица Твардовского, д. 12к2", "workTime": "Ежедневно 08:00-22:00", "pickupType": 4, "fittingRooms": null, "status": null }, "geometry": { "type": "Point", "coordinates": [ 4163100.041502154897898, 7517421.62618288397789 ] } },
{ "type": "Feature", "properties": { "id": 18144, "address": "г. Москва, бульвар Академика Ландау, д. 1", "workTime": "Ежедневно 10:00-21:00", "pickupType": 4, "fittingRooms": null, "status": null }, "geometry": { "type": "Point", "coordinates": [ 4180036.41525528812781, 7542584.051155064254999 ] } },
{ "type": "Feature", "properties": { "id": 18153, "address": "г. Москва, Батайский проезд, д. 41", "workTime": "Ежедневно 08:00-22:00", "pickupType": 4, "fittingRooms": null, "status": null }, "geometry": { "type": "Point", "coordinates": [ 4200553.380875064060092, 7487841.564773921854794 ] } },
{ "type": "Feature", "properties": { "id": 18167, "address": "г. Москва, улица Габричевского, д. 10к4", "workTime": "Ежедневно 08:00-22:00", "pickupType": 4, "fittingRooms": null, "status": null }, "geometry": { "type": "Point", "coordinates": [ 4170401.327939053531736, 7521790.974985339678824 ] } },
{ "type": "Feature", "properties": { "id": 18169, "address": "г. Москва, улица Кашёнкин Луг, д. 6к3", "workTime": "Ежедневно 08:00-22:00", "pickupType": 4, "fittingRooms": null, "status": null }, "geometry": { "type": "Point", "coordinates": [ 4185433.991680532228202, 7523856.84205393306911 ] } },
{ "type": "Feature", "properties": { "id": 18182, "address": "г. Москва, улица Маршала Бирюзова, д. 3", "workTime": "Ежедневно 08:00-22:00", "pickupType": 4, "fittingRooms": null, "status": null }, "geometry": { "type": "Point", "coordinates": [ 4174340.388046961743385, 7516798.391585656441748 ] } },
{ "type": "Feature", "properties": { "id": 18186, "address": "г. Москва, Тарутинская улица, д. 4к2", "workTime": "Ежедневно 08:00-22:00", "pickupType": 4, "fittingRooms": null, "status": null }, "geometry": { "type": "Point", "coordinates": [ 4171334.438523742370307, 7505519.184173089452088 ] } },
{ "type": "Feature", "properties": { "id": 18229, "address": "г. Москва, м Тульская, 6-й Рощинский проезд, д. 1", "workTime": "Ежедневно 08:00-22:00", "pickupType": 4, "fittingRooms": null, "status": null }, "geometry": { "type": "Point", "coordinates": [ 4187339.881327816285193, 7500776.842152715660632 ] } },
{ "type": "Feature", "properties": { "id": 18241, "address": "г. Москва , Обводное шоссе, д. 5", "workTime": "Ежедневно 08:00-22:00", "pickupType": 4, "fittingRooms": null, "status": null }, "geometry": { "type": "Point", "coordinates": [ 4158737.365424745716155, 7515569.538726318627596 ] } },
{ "type": "Feature", "properties": { "id": 18262, "address": "г. Москва, м Люблино, проспект 40 лет Октября, д. 20", "workTime": "Ежедневно 08:00-22:00", "pickupType": 4, "fittingRooms": null, "status": null }, "geometry": { "type": "Point", "coordinates": [ 4201801.91245392896235, 7494348.811014664359391 ] } },
{ "type": "Feature", "properties": { "id": 18291, "address": "г. Москва, Старопетровский проезд, д. 1с2", "workTime": "Ежедневно 10:00-21:00", "pickupType": 4, "fittingRooms": 2, "status": null }, "geometry": { "type": "Point", "coordinates": [ 4174570.464061089325696, 7523391.417928579263389 ] } },
{ "type": "Feature", "properties": { "id": 18292, "address": "г. Москва, Дубнинская улица, д. 50", "workTime": "Ежедневно 10:00-21:00", "pickupType": 4, "fittingRooms": null, "status": null }, "geometry": { "type": "Point", "coordinates": [ 4181004.837829609867185, 7537286.135284809395671 ] } },
{ "type": "Feature", "properties": { "id": 18358, "address": "г. Москва, Ухтомская улица, д. 13", "workTime": "Ежедневно 08:00-22:00", "pickupType": 4, "fittingRooms": null, "status": null }, "geometry": { "type": "Point", "coordinates": [ 4198276.392343131825328, 7512679.157497314736247 ] } },
{ "type": "Feature", "properties": { "id": 18381, "address": "г. Москва, Ленинский проспект, д. 52", "workTime": "Ежедневно 08:00-22:00", "pickupType": 4, "fittingRooms": null, "status": null }, "geometry": { "type": "Point", "coordinates": [ 4181432.027711363509297, 7498670.839194927364588 ] } },
{ "type": "Feature", "properties": { "id": 18489, "address": "г. Москва, м Бибирево, Алтуфьевское шоссе, д. 64", "workTime": "Ежедневно 08:00-22:00", "pickupType": 4, "fittingRooms": null, "status": null }, "geometry": { "type": "Point", "coordinates": [ 4184273.012435898184776, 7535559.166374051012099 ] } },
{ "type": "Feature", "properties": { "id": 18495, "address": "г. Москва, Зелёный проспект, д. 34", "workTime": "Ежедневно 08:00-22:00", "pickupType": 4, "fittingRooms": null, "status": null }, "geometry": { "type": "Point", "coordinates": [ 4208100.392842744477093, 7509475.83087002299726 ] } },
{ "type": "Feature", "properties": { "id": 18496, "address": "г. Москва, Вильнюсская улица, д. 8к2", "workTime": "Ежедневно 08:00-22:00", "pickupType": 4, "fittingRooms": null, "status": null }, "geometry": { "type": "Point", "coordinates": [ 4176543.474797221831977, 7480006.473160828463733 ] } },
{ "type": "Feature", "properties": { "id": 100193, "address": "г. Москва, Коломенский проезд, д. 8к5", "workTime": "Ежедневно 08:00-22:00", "pickupType": 4, "fittingRooms": null, "status": null }, "geometry": { "type": "Point", "coordinates": [ 4191136.638279739301652, 7492104.8194350162521 ] } },
{ "type": "Feature", "properties": { "id": 100325, "address": "г. Москва, м Люблино, улица Верхние Поля, д. 45к2", "workTime": "Ежедневно 08:00-22:00", "pickupType": 4, "fittingRooms": null, "status": null }, "geometry": { "type": "Point", "coordinates": [ 4205125.936048748902977, 7492556.999581271782517 ] } },
{ "type": "Feature", "properties": { "id": 100340, "address": "г. Москва, проспект Вернадского, д. 105к4", "workTime": "Ежедневно 08:00-22:00", "pickupType": 4, "fittingRooms": null, "status": null }, "geometry": { "type": "Point", "coordinates": [ 4172931.560074898879975, 7491776.803089139983058 ] } },
{ "type": "Feature", "properties": { "id": 100471, "address": "г. Москва, улица Каховка, д. 16к3", "workTime": "Ежедневно 08:00-22:00", "pickupType": 4, "fittingRooms": null, "status": null }, "geometry": { "type": "Point", "coordinates": [ 4182767.193683938123286, 7490494.475746017880738 ] } },
{ "type": "Feature", "properties": { "id": 100722, "address": "г. Москва, м Марьино, Новомарьинская улица, д. 12/12к2", "workTime": "Ежедневно 08:00-22:00", "pickupType": 4, "fittingRooms": null, "status": null }, "geometry": { "type": "Point", "coordinates": [ 4202898.878315937705338, 7489422.678144240751863 ] } },
{ "type": "Feature", "properties": { "id": 100735, "address": "г. Москва, м Люблино, Люблинская улица, д. 54/3", "workTime": "Ежедневно 10:00-21:00", "pickupType": 4, "fittingRooms": null, "status": null }, "geometry": { "type": "Point", "coordinates": [ 4201006.113013980910182, 7494519.187801402062178 ] } },
{ "type": "Feature", "properties": { "id": 100738, "address": "г. Москва, м Киевская, Украинский бульвар, д. 5", "workTime": "Ежедневно 08:00-22:00", "pickupType": 4, "fittingRooms": 5, "status": 3 }, "geometry": { "type": "Point", "coordinates": [ 4181874.41136777587235, 7508462.114971253089607 ] } },
{ "type": "Feature", "properties": { "id": 100812, "address": "г. Москва, м Савёловская, 1-я Квесисская улица, д. 9", "workTime": "Ежедневно 08:00-22:00", "pickupType": 4, "fittingRooms": 12, "status": null }, "geometry": { "type": "Point", "coordinates": [ 4183398.26387724513188, 7517437.883435812778771 ] } },
{ "type": "Feature", "properties": { "id": 100963, "address": "г. Москва Старобитцевская  21 к 2", "workTime": "Ежедневно 08:00-22:00", "pickupType": 4, "fittingRooms": 9, "status": null }, "geometry": { "type": "Point", "coordinates": [ 4183041.484909252729267, 7474835.212608033791184 ] } },
{ "type": "Feature", "properties": { "id": 100972, "address": "г. Москва, 3-й Нижнелихоборский проезд, д. 8", "workTime": "Ежедневно 10:00-21:00", "pickupType": 4, "fittingRooms": null, "status": null }, "geometry": { "type": "Point", "coordinates": [ 4181845.80225864239037, 7527732.052997230552137 ] } },
{ "type": "Feature", "properties": { "id": 101003, "address": "г. Москва, проспект Будённого, д. 39к1", "workTime": "Ежедневно 08:00-22:00", "pickupType": 4, "fittingRooms": 9, "status": null }, "geometry": { "type": "Point", "coordinates": [ 4200592.778957926668227, 7511617.689546709880233 ] } },
{ "type": "Feature", "properties": { "id": 101095, "address": "г. Москва, Ленинский проспект, д. 111к1", "workTime": "Ежедневно 10:00-21:00", "pickupType": 4, "fittingRooms": null, "status": null }, "geometry": { "type": "Point", "coordinates": [ 4175597.439240415114909, 7491335.72003535181284 ] } },
{ "type": "Feature", "properties": { "id": 101221, "address": "г. Москва, Минусинская улица, д. 8", "workTime": "Ежедневно 08:00-22:00", "pickupType": 4, "fittingRooms": 4, "status": null }, "geometry": { "type": "Point", "coordinates": [ 4195986.828493601642549, 7533289.665467553772032 ] } },
{ "type": "Feature", "properties": { "id": 101242, "address": "г. Москва, Веерная улица, д. 6", "workTime": "Ежедневно 08:00-22:00", "pickupType": 4, "fittingRooms": 19, "status": null }, "geometry": { "type": "Point", "coordinates": [ 4173241.696176248136908, 7501223.999598824419081 ] } },
{ "type": "Feature", "properties": { "id": 101245, "address": "г. Москва, 16-я Парковая улица, д. 23", "workTime": "Ежедневно 08:00-22:00", "pickupType": 4, "fittingRooms": 10, "status": null }, "geometry": { "type": "Point", "coordinates": [ 4210771.615343820303679, 7518840.356680006720126 ] } },
{ "type": "Feature", "properties": { "id": 101331, "address": "г. Москва, м Проспект Вернадского, проспект Вернадского, д. 61к3", "workTime": "Ежедневно 08:00-22:00", "pickupType": 4, "fittingRooms": null, "status": null }, "geometry": { "type": "Point", "coordinates": [ 4175088.263889527413994, 7493340.630659531801939 ] } },
{ "type": "Feature", "properties": { "id": 101339, "address": "посёлок Щапово (г. Москва), ул. Щапово, д. 58", "workTime": "Ежедневно 10:00-21:00", "pickupType": 4, "fittingRooms": 4, "status": null }, "geometry": { "type": "Point", "coordinates": [ 4164533.283730981405824, 7443818.79327435977757 ] } },
{ "type": "Feature", "properties": { "id": 101648, "address": "г. Москва, улица Генерала Белобородова, д. 11", "workTime": "Ежедневно 08:00-22:00", "pickupType": 4, "fittingRooms": null, "status": null }, "geometry": { "type": "Point", "coordinates": [ 4158293.380994054954499, 7525986.196522420272231 ] } },
{ "type": "Feature", "properties": { "id": 101670, "address": "г. Москва, Литовский бульвар, д. 4", "workTime": "Ежедневно 08:00-22:00", "pickupType": 4, "fittingRooms": null, "status": null }, "geometry": { "type": "Point", "coordinates": [ 4177435.324033411685377, 7481095.071624588221312 ] } },
{ "type": "Feature", "properties": { "id": 101728, "address": "г. Москва, Онежская улица, д. 34", "workTime": "Ежедневно 10:00-21:00", "pickupType": 4, "fittingRooms": 2, "status": null }, "geometry": { "type": "Point", "coordinates": [ 4175697.515462638344616, 7530371.810907098464668 ] } },
{ "type": "Feature", "properties": { "id": 101819, "address": "г. Москва, улица Москворечье, д. 4к6", "workTime": "Ежедневно 10:00-21:00", "pickupType": 4, "fittingRooms": null, "status": null }, "geometry": { "type": "Point", "coordinates": [ 4191718.393938624765724, 7487766.932675855234265 ] } },
{ "type": "Feature", "properties": { "id": 101882, "address": "г. Москва, Беловежская улица, д. 13", "workTime": "Ежедневно 08:00-22:00", "pickupType": 4, "fittingRooms": 5, "status": null }, "geometry": { "type": "Point", "coordinates": [ 4163128.765715642366558, 7501487.602275845594704 ] } },
{ "type": "Feature", "properties": { "id": 101906, "address": "г. Москва, Нарвская улица, д. 11к3", "workTime": "Ежедневно 10:00-21:00", "pickupType": 4, "fittingRooms": null, "status": null }, "geometry": { "type": "Point", "coordinates": [ 4174637.865229777060449, 7525209.15388220269233 ] } },
{ "type": "Feature", "properties": { "id": 101933, "address": "г. Москва, Онежская улица, д. 11/11", "workTime": "Ежедневно 09:00-21:00", "pickupType": 4, "fittingRooms": 6, "status": null }, "geometry": { "type": "Point", "coordinates": [ 4176749.484650634694844, 7528430.823606310412288 ] } },
{ "type": "Feature", "properties": { "id": 102082, "address": "г. Москва, Первомайская улица, д. 112", "workTime": "Ежедневно 08:00-22:00", "pickupType": 4, "fittingRooms": null, "status": null }, "geometry": { "type": "Point", "coordinates": [ 4209760.166450472548604, 7517349.173004750162363 ] } },
{ "type": "Feature", "properties": { "id": 102095, "address": "г. Москва, Братиславская улица, д. 26", "workTime": "Ежедневно 08:00-22:00", "pickupType": 4, "fittingRooms": 8, "status": null }, "geometry": { "type": "Point", "coordinates": [ 4203915.670544844120741, 7489769.733289315365255 ] } },
{ "type": "Feature", "properties": { "id": 102104, "address": "г. Москва, Берёзовая аллея, д. 17к2", "workTime": "Ежедневно 08:00-22:00", "pickupType": 4, "fittingRooms": null, "status": null }, "geometry": { "type": "Point", "coordinates": [ 4187834.234265866223723, 7528488.925150517374277 ] } },
{ "type": "Feature", "properties": { "id": 102107, "address": "г. Москва, улица Винокурова, д. 11к1", "workTime": "Ежедневно 08:00-22:00", "pickupType": 4, "fittingRooms": 6, "status": null }, "geometry": { "type": "Point", "coordinates": [ 4184563.222348395735025, 7496450.278196593746543 ] } },
{ "type": "Feature", "properties": { "id": 102108, "address": "г. Москва , Красная Пахра пос., д. 10", "workTime": "Ежедневно 08:00-22:00", "pickupType": 4, "fittingRooms": 6, "status": 3 }, "geometry": { "type": "Point", "coordinates": [ 4148866.957833171356469, 7445399.634173835627735 ] } },
{ "type": "Feature", "properties": { "id": 102136, "address": "г. Москва, м Бабушкинская, Ярославское шоссе, д. 59", "workTime": "Ежедневно 08:00-22:00", "pickupType": 4, "fittingRooms": null, "status": null }, "geometry": { "type": "Point", "coordinates": [ 4196341.603710761293769, 7531368.574004912748933 ] } },
{ "type": "Feature", "properties": { "id": 102169, "address": "г. Москва, Варшавское шоссе, д. 18к2", "workTime": "Ежедневно 10:00-21:00", "pickupType": 4, "fittingRooms": null, "status": null }, "geometry": { "type": "Point", "coordinates": [ 4187837.907809061929584, 7497182.757711112499237 ] } },
{ "type": "Feature", "properties": { "id": 102171, "address": "г. Москва проспект Андропова  19", "workTime": "Ежедневно 08:00-22:00", "pickupType": 4, "fittingRooms": 9, "status": null }, "geometry": { "type": "Point", "coordinates": [ 4192931.442429798655212, 7495247.73266676813364 ] } },
{ "type": "Feature", "properties": { "id": 102178, "address": "г. Москва, м Нахимовский проспект, Азовская улица, д. 6к2", "workTime": "Ежедневно 10:00-21:00", "pickupType": 4, "fittingRooms": 4, "status": null }, "geometry": { "type": "Point", "coordinates": [ 4185730.852487326599658, 7490908.673014305531979 ] } },
{ "type": "Feature", "properties": { "id": 102193, "address": "г. Москва, Нежинская улица, д. 13", "workTime": "Ежедневно 08:00-22:00", "pickupType": 4, "fittingRooms": 7, "status": null }, "geometry": { "type": "Point", "coordinates": [ 4171137.312522291671485, 7500452.213233994320035 ] } },
{ "type": "Feature", "properties": { "id": 102200, "address": "г. Москва, м Коломенская, Нагатинская улица, д. 32", "workTime": "Ежедневно 10:00-21:00", "pickupType": 4, "fittingRooms": null, "status": null }, "geometry": { "type": "Point", "coordinates": [ 4192165.453013650607318, 7494414.551500509493053 ] } },
{ "type": "Feature", "properties": { "id": 102210, "address": "г. Москва, м Орехово, Шипиловская улица, д. 5к1", "workTime": "Ежедневно 08:00-22:00", "pickupType": 4, "fittingRooms": null, "status": null }, "geometry": { "type": "Point", "coordinates": [ 4196745.470823358744383, 7482770.283511164598167 ] } },
{ "type": "Feature", "properties": { "id": 102281, "address": "г. Москва, м Борисово, улица Борисовские Пруды, д. 16к2", "workTime": "Ежедневно 10:00-21:00", "pickupType": 4, "fittingRooms": 6, "status": null }, "geometry": { "type": "Point", "coordinates": [ 4202118.862643948756158, 7486157.492866802960634 ] } },
{ "type": "Feature", "properties": { "id": 102282, "address": "г. Москва, Батайский проезд, д. 25", "workTime": "Ежедневно 08:00-22:00", "pickupType": 4, "fittingRooms": 4, "status": null }, "geometry": { "type": "Point", "coordinates": [ 4199165.667872695252299, 7487860.432497925125062 ] } },
{ "type": "Feature", "properties": { "id": 102334, "address": "г. Москва, улица Полбина, д. 52", "workTime": "Ежедневно 08:00 – 22:00\n", "pickupType": 4, "fittingRooms": 5, "status": null }, "geometry": { "type": "Point", "coordinates": [ 4199704.454208134673536, 7494333.804833679459989 ] } },
{ "type": "Feature", "properties": { "id": 102403, "address": "г. Москва, улица Лобачевского, д. 118к5", "workTime": "Ежедневно 10:00-21:00", "pickupType": 4, "fittingRooms": 4, "status": null }, "geometry": { "type": "Point", "coordinates": [ 4171177.610177959315479, 7497596.721323732286692 ] } },
{ "type": "Feature", "properties": { "id": 102459, "address": "г. Москва, м Тушинская, Большая Набережная улица, д. 25/1", "workTime": "Ежедневно 08:00-22:00", "pickupType": 4, "fittingRooms": 6, "status": null }, "geometry": { "type": "Point", "coordinates": [ 4170005.304620415437967, 7525389.333579995669425 ] } },
{ "type": "Feature", "properties": { "id": 102496, "address": "г. Москва, Ленинградское шоссе, д. 9к2", "workTime": "Ежедневно 08:00-22:00", "pickupType": 4, "fittingRooms": null, "status": null }, "geometry": { "type": "Point", "coordinates": [ 4174250.807360289618373, 7521846.968541600741446 ] } },
{ "type": "Feature", "properties": { "id": 102531, "address": "г. Москва, Святоозёрская улица, д. 21", "workTime": "Ежедневно 10:00-21:00", "pickupType": 4, "fittingRooms": 5, "status": null }, "geometry": { "type": "Point", "coordinates": [ 4218666.838908842764795, 7501460.727827750146389 ] } },
{ "type": "Feature", "properties": { "id": 102686, "address": "г. Москва 6-ая Радиальная 3к2", "workTime": "Ежедневно 08:00-22:00", "pickupType": 4, "fittingRooms": 6, "status": null }, "geometry": { "type": "Point", "coordinates": [ 4192825.243635583203286, 7480519.209010468795896 ] } },
{ "type": "Feature", "properties": { "id": 102760, "address": "г. Москва, 16-я Парковая улица д. 45", "workTime": "Ежедневно 10:00-21:00", "pickupType": null, "fittingRooms": 4, "status": null }, "geometry": { "type": "Point", "coordinates": [ 4211098.115410316735506, 7520346.091241027228534 ] } },
{ "type": "Feature", "properties": { "id": 102789, "address": "г. Москва, Новокуркинское шоссе, д. 43", "workTime": "Ежедневно 10:00-21:00", "pickupType": 4, "fittingRooms": 5, "status": null }, "geometry": { "type": "Point", "coordinates": [ 4162063.994786204770207, 7539164.832328950986266 ] } },
{ "type": "Feature", "properties": { "id": 102793, "address": "г. Москва, Мичуринский проспект, д. 54к2", "workTime": "Ежедневно 08:00-22:00", "pickupType": 4, "fittingRooms": 11, "status": null }, "geometry": { "type": "Point", "coordinates": [ 4173314.387803736608475, 7497781.98512907885015 ] } },
{ "type": "Feature", "properties": { "id": 102845, "address": "г. Москва, м Текстильщики, Саратовская улица, д. 18/10", "workTime": "Ежедневно 08:00-22:00", "pickupType": 4, "fittingRooms": 13, "status": null }, "geometry": { "type": "Point", "coordinates": [ 4201444.711807706393301, 7502046.058670707978308 ] } },
{ "type": "Feature", "properties": { "id": 102913, "address": "г. Москва, м Нагорная, Криворожская улица, д. 29к2", "workTime": "Ежедневно 10:00-21:00", "pickupType": 4, "fittingRooms": 8, "status": null }, "geometry": { "type": "Point", "coordinates": [ 4186509.532325426116586, 7492982.953412797302008 ] } },
{ "type": "Feature", "properties": { "id": 102920, "address": "г. Москва, улица Народного Ополчения, д. 20к1", "workTime": "Ежедневно 08:00-22:00", "pickupType": 4, "fittingRooms": 7, "status": null }, "geometry": { "type": "Point", "coordinates": [ 4172324.379266954027116, 7514121.74839910119772 ] } },
{ "type": "Feature", "properties": { "id": 102983, "address": "г. Москва, м Фрунзенская, Малая Пироговская улица, д. 8", "workTime": "Ежедневно 08:00-22:00", "pickupType": 4, "fittingRooms": 9, "status": null }, "geometry": { "type": "Point", "coordinates": [ 4182309.447937795426697, 7504770.545590756461024 ] } },
{ "type": "Feature", "properties": { "id": 103007, "address": "г. Москва, м Нижегородская, Орехово-Зуевский проезд, д. 18/8", "workTime": "Ежедневно 10:00-21:00", "pickupType": 4, "fittingRooms": 4, "status": null }, "geometry": { "type": "Point", "coordinates": [ 4202717.235074546188116, 7505084.721361990086734 ] } },
{ "type": "Feature", "properties": { "id": 103029, "address": "г. Москва, Южнобутовская улица, д. 117", "workTime": "Ежедневно 08:00-22:00", "pickupType": 4, "fittingRooms": null, "status": null }, "geometry": { "type": "Point", "coordinates": [ 4176666.66294948477298, 7465862.954376047477126 ] } },
{ "type": "Feature", "properties": { "id": 103045, "address": "г. Москва, м Люблино, улица Судакова, д. 22/10", "workTime": "Ежедневно 08:00-22:00", "pickupType": 4, "fittingRooms": 4, "status": null }, "geometry": { "type": "Point", "coordinates": [ 4202714.679958273656666, 7493602.14170116186142 ] } },
{ "type": "Feature", "properties": { "id": 103106, "address": "г. Москва Перерва 32", "workTime": "Ежедневно 10:00-21:00", "pickupType": 4, "fittingRooms": 4, "status": null }, "geometry": { "type": "Point", "coordinates": [ 4200538.571152647957206, 7489661.412528223358095 ] } },
{ "type": "Feature", "properties": { "id": 103180, "address": "г Москва, улица Профсоюзная 128к1", "workTime": "Ежедневно 08:00-22:00", "pickupType": 4, "fittingRooms": 11, "status": null }, "geometry": { "type": "Point", "coordinates": [ 4176211.143593159038574, 7485324.502748939208686 ] } },
{ "type": "Feature", "properties": { "id": 103195, "address": "г. Москва, Севастопольский проспект, д. 1к3", "workTime": "Ежедневно 10:00-21:00", "pickupType": 4, "fittingRooms": 10, "status": null }, "geometry": { "type": "Point", "coordinates": [ 4186958.406576068606228, 7497699.017798679880798 ] } },
{ "type": "Feature", "properties": { "id": 103227, "address": "г. Москва Донецкая 30к2", "workTime": "Ежедневно 08:00-22:00", "pickupType": 4, "fittingRooms": 5, "status": null }, "geometry": { "type": "Point", "coordinates": [ 4197333.460373728536069, 7488263.638784479349852 ] } },
{ "type": "Feature", "properties": { "id": 103256, "address": "г. Москва, улица Маршала Захарова, д. 5", "workTime": "Ежедневно 08:00-22:00", "pickupType": 4, "fittingRooms": 4, "status": null }, "geometry": { "type": "Point", "coordinates": [ 4197339.471626231446862, 7483633.950868481770158 ] } },
{ "type": "Feature", "properties": { "id": 103259, "address": "г. Москва, м Кожуховская, улица Трофимова, д. 32к1", "workTime": "Ежедневно 08:00-22:00", "pickupType": 4, "fittingRooms": 8, "status": null }, "geometry": { "type": "Point", "coordinates": [ 4195033.306255761533976, 7499485.47136768233031 ] } },
{ "type": "Feature", "properties": { "id": 103273, "address": "г. Москва, улица Гурьянова, д. 55", "workTime": "Ежедневно 10:00-21:00", "pickupType": 4, "fittingRooms": 9, "status": null }, "geometry": { "type": "Point", "coordinates": [ 4198643.913419346325099, 7495085.235539665445685 ] } },
{ "type": "Feature", "properties": { "id": 103276, "address": "г. Москва, м Раменки, Мичуринский проспект, д. 19к1", "workTime": "Ежедневно 08:00-22:00", "pickupType": 4, "fittingRooms": null, "status": null }, "geometry": { "type": "Point", "coordinates": [ 4175043.51345422770828, 7498532.171224196441472 ] } },
{ "type": "Feature", "properties": { "id": 103327, "address": "г. Москва, Салтыковская улица, д. 13Г", "workTime": "Ежедневно 08:00-22:00", "pickupType": 4, "fittingRooms": 6, "status": null }, "geometry": { "type": "Point", "coordinates": [ 4214944.871734169311821, 7505991.975029535591602 ] } },
{ "type": "Feature", "properties": { "id": 103377, "address": "г. Москва, м Коньково, улица Островитянова, д. 43", "workTime": "Ежедневно 08:00-22:00", "pickupType": 4, "fittingRooms": 8, "status": null }, "geometry": { "type": "Point", "coordinates": [ 4178702.919075075536966, 7485746.311095513403416 ] } },
{ "type": "Feature", "properties": { "id": 103415, "address": "г. Москва, м Красногвардейская, Гурьевский проезд, д. 27к2", "workTime": "Ежедневно 08:00-22:00", "pickupType": 4, "fittingRooms": 8, "status": null }, "geometry": { "type": "Point", "coordinates": [ 4202920.251658170484006, 7481014.46404240000993 ] } },
{ "type": "Feature", "properties": { "id": 103416, "address": "Москва, 7-я улица текстильщиков  16", "workTime": "Ежедневно 10:00-21:00", "pickupType": null, "fittingRooms": 7, "status": null }, "geometry": { "type": "Point", "coordinates": [ 4202076.338598467409611, 7497911.751443779096007 ] } },
{ "type": "Feature", "properties": { "id": 103426, "address": "г. Москва, Казарменный переулок, д. 8с2", "workTime": "Ежедневно 10:00-21:00", "pickupType": 4, "fittingRooms": 7, "status": null }, "geometry": { "type": "Point", "coordinates": [ 4191273.672572906129062, 7510020.424371391534805 ] } },
{ "type": "Feature", "properties": { "id": 103552, "address": "г. Москва, 2-я Пугачёвская улица, д. 10к1", "workTime": "Ежедневно 08:00-22:00", "pickupType": 4, "fittingRooms": 4, "status": null }, "geometry": { "type": "Point", "coordinates": [ 4199967.613484369590878, 7517302.442027297802269 ] } },
{ "type": "Feature", "properties": { "id": 103626, "address": "г. Москва, Череповецкая улица, д. 24", "workTime": "Ежедневно 08:00-22:00", "pickupType": 4, "fittingRooms": 6, "status": null }, "geometry": { "type": "Point", "coordinates": [ 4183917.569301796145737, 7537988.963924896903336 ] } },
{ "type": "Feature", "properties": { "id": 103644, "address": "г. Москва, улица Народного Ополчения, д. 29к1", "workTime": "Ежедневно 08:00-22:00", "pickupType": 4, "fittingRooms": 13, "status": null }, "geometry": { "type": "Point", "coordinates": [ 4172164.680102823767811, 7514861.340217690914869 ] } },
{ "type": "Feature", "properties": { "id": 103676, "address": "г. Москва, Туристская улица, д. 20к1", "workTime": "Ежедневно 08:00-22:00", "pickupType": 4, "fittingRooms": 7, "status": null }, "geometry": { "type": "Point", "coordinates": [ 4165771.824385547079146, 7529901.34384236112237 ] } },
{ "type": "Feature", "properties": { "id": 103708, "address": "г. Москва, Митинская улица, д. 28к4", "workTime": "Ежедневно 08:00-22:00", "pickupType": 4, "fittingRooms": 6, "status": null }, "geometry": { "type": "Point", "coordinates": [ 4160344.887889884412289, 7527730.665036932565272 ] } },
{ "type": "Feature", "properties": { "id": 103713, "address": "г. Москва, Малая Калитниковская улица, д. 20к2", "workTime": "Ежедневно 08:00-22:00", "pickupType": 4, "fittingRooms": 7, "status": null }, "geometry": { "type": "Point", "coordinates": [ 4194807.398488647304475, 7505542.17074182908982 ] } },
{ "type": "Feature", "properties": { "id": 103741, "address": "г. Москва, м Новогиреево, Кетчерская улица, д. 4А", "workTime": "Ежедневно 08:00-22:00", "pickupType": 4, "fittingRooms": 5, "status": null }, "geometry": { "type": "Point", "coordinates": [ 4210195.982256927527487, 7507316.430177895352244 ] } },
{ "type": "Feature", "properties": { "id": 103753, "address": "г. Москва, Анадырский проезд, д. 69", "workTime": "Ежедневно 10:00-21:00", "pickupType": 4, "fittingRooms": 8, "status": null }, "geometry": { "type": "Point", "coordinates": [ 4197842.747044107876718, 7534852.009003216400743 ] } },
{ "type": "Feature", "properties": { "id": 103759, "address": "г. Москва, улица Крылатские Холмы, д. 37", "workTime": "Ежедневно 08:00-22:00", "pickupType": 4, "fittingRooms": 9, "status": null }, "geometry": { "type": "Point", "coordinates": [ 4165471.039121424313635, 7510860.237965512089431 ] } },
{ "type": "Feature", "properties": { "id": 103819, "address": "г. Москва Студеный проезд 14", "workTime": "Ежедневно 08:00-22:00", "pickupType": 4, "fittingRooms": 8, "status": null }, "geometry": { "type": "Point", "coordinates": [ 4192423.268954327795655, 7537082.266003802418709 ] } },
{ "type": "Feature", "properties": { "id": 103840, "address": "г. Москва, улица Исаковского, д. 2к1", "workTime": "Ежедневно 08:00-22:00", "pickupType": 4, "fittingRooms": 5, "status": null }, "geometry": { "type": "Point", "coordinates": [ 4163101.047162435017526, 7522454.455211652442813 ] } },
{ "type": "Feature", "properties": { "id": 103941, "address": "г. Москва, Уральская улица, д. 17", "workTime": "Ежедневно 08:00-22:00", "pickupType": 4, "fittingRooms": 8, "status": null }, "geometry": { "type": "Point", "coordinates": [ 4207599.78909264691174, 7522708.480464077554643 ] } },
{ "type": "Feature", "properties": { "id": 104079, "address": "г. Москва, Студенческая улица, д. 20к1", "workTime": "Ежедневно 08:00-22:00", "pickupType": 4, "fittingRooms": 8, "status": 3 }, "geometry": { "type": "Point", "coordinates": [ 4179944.687994874548167, 7507554.729679347015917 ] } },
{ "type": "Feature", "properties": { "id": 104096, "address": "г. Москва, м Сокол, Ленинградский проспект, д. 67к1", "workTime": "Ежедневно 08:00-22:00", "pickupType": 4, "fittingRooms": 3, "status": null }, "geometry": { "type": "Point", "coordinates": [ 4176544.656787575222552, 7519281.628064918331802 ] } },
{ "type": "Feature", "properties": { "id": 104106, "address": "г. Москва, м Бабушкинская, улица Лётчика Бабушкина, д. 18", "workTime": "Ежедневно 10:00-21:00", "pickupType": 4, "fittingRooms": 8, "status": null }, "geometry": { "type": "Point", "coordinates": [ 4193965.934457741677761, 7531491.765023180283606 ] } },
{ "type": "Feature", "properties": { "id": 104150, "address": "г. Москва Покровская 16", "workTime": "Ежедневно 10:00-21:00", "pickupType": 4, "fittingRooms": 5, "status": null }, "geometry": { "type": "Point", "coordinates": [ 4222848.778219473548234, 7499005.469882160425186 ] } },
{ "type": "Feature", "properties": { "id": 104223, "address": "г. Москва, Скобелевская улица, д. 25", "workTime": "Ежедневно 08:00-22:00", "pickupType": 4, "fittingRooms": 4, "status": null }, "geometry": { "type": "Point", "coordinates": [ 4180923.186318947933614, 7468424.186162792146206 ] } },
{ "type": "Feature", "properties": { "id": 104248, "address": "г. Москва Факультетский переулок 6", "workTime": "Ежедневно 10:00-21:00", "pickupType": 4, "fittingRooms": 5, "status": null }, "geometry": { "type": "Point", "coordinates": [ 4174130.359671250917017, 7520964.157386600039899 ] } },
{ "type": "Feature", "properties": { "id": 104350, "address": "г. Москва, улица Рокотова, д. 1А", "workTime": "Ежедневно 08:00-22:00", "pickupType": 4, "fittingRooms": 12, "status": null }, "geometry": { "type": "Point", "coordinates": [ 4180666.038295214995742, 7481424.999928398057818 ] } },
{ "type": "Feature", "properties": { "id": 104465, "address": "г. Москва, Изумрудная улица, д. 52", "workTime": "Ежедневно 08:00-22:00", "pickupType": 4, "fittingRooms": null, "status": 3 }, "geometry": { "type": "Point", "coordinates": [ 4196217.705117507837713, 7534388.611017007380724 ] } },
{ "type": "Feature", "properties": { "id": 104467, "address": "г. Москва, улица Корнейчука, д. 36", "workTime": "Ежедневно 08:00-22:00", "pickupType": 4, "fittingRooms": 7, "status": null }, "geometry": { "type": "Point", "coordinates": [ 4188571.948531353380531, 7538119.408558023162186 ] } },
{ "type": "Feature", "properties": { "id": 104469, "address": "г. Москва, улица Малыгина, д. 1с2", "workTime": "Ежедневно 10:00-21:00", "pickupType": 4, "fittingRooms": 5, "status": null }, "geometry": { "type": "Point", "coordinates": [ 4196890.297480880282819, 7533815.504651132039726 ] } },
{ "type": "Feature", "properties": { "id": 104570, "address": "г. Москва, улица Авиаконструктора Миля, д. 3", "workTime": "Ежедневно 10:00-21:00", "pickupType": 4, "fittingRooms": 5, "status": null }, "geometry": { "type": "Point", "coordinates": [ 4213727.147824381478131, 7496550.597517848014832 ] } },
{ "type": "Feature", "properties": { "id": 104576, "address": "г. Москва Базовская  15к6", "workTime": "Ежедневно 08:00-22:00", "pickupType": 4, "fittingRooms": 8, "status": null }, "geometry": { "type": "Point", "coordinates": [ 4175599.220352268777788, 7534514.430240474641323 ] } },
{ "type": "Feature", "properties": { "id": 104607, "address": "г. Москва, м Ясенево, Новоясеневский проспект, д. 9", "workTime": "Ежедневно 08:00-22:00", "pickupType": 4, "fittingRooms": 12, "status": null }, "geometry": { "type": "Point", "coordinates": [ 4178414.267635447904468, 7480897.791476004756987 ] } },
{ "type": "Feature", "properties": { "id": 104692, "address": "г. Москва, улица Пришвина, д. 23", "workTime": "Ежедневно 08:00-22:00", "pickupType": 4, "fittingRooms": 8, "status": null }, "geometry": { "type": "Point", "coordinates": [ 4186099.431321343872696, 7535672.301698610186577 ] } },
{ "type": "Feature", "properties": { "id": 104728, "address": "г. Москва, улица Егора Абакумова, д. 14А", "workTime": "Ежедневно 10:00-21:00", "pickupType": 4, "fittingRooms": 10, "status": null }, "geometry": { "type": "Point", "coordinates": [ 4198201.406977536156774, 7534691.697732251137495 ] } },
{ "type": "Feature", "properties": { "id": 104735, "address": "г. Москва Голубинская 32/2", "workTime": "Ежедневно 08:00-22:00", "pickupType": 4, "fittingRooms": 2, "status": null }, "geometry": { "type": "Point", "coordinates": [ 4179523.343722221441567, 7478107.240503516048193 ] } },
{ "type": "Feature", "properties": { "id": 104817, "address": "Москва, Москва, Озёрная улица, 31к2", "workTime": "Ежедневно 08:00-22:00", "pickupType": 4, "fittingRooms": 8, "status": 3 }, "geometry": { "type": "Point", "coordinates": [ 4168977.491761920973659, 7493394.915353873744607 ] } },
{ "type": "Feature", "properties": { "id": 104920, "address": "г. Москва улица Академика Бочвара 4а", "workTime": "Ежедневно 08:00-22:00", "pickupType": 4, "fittingRooms": 6, "status": null }, "geometry": { "type": "Point", "coordinates": [ 4170022.781780469696969, 7520058.66774037014693 ] } },
{ "type": "Feature", "properties": { "id": 104927, "address": "г. Москва, улица Верхние Поля, д. 4", "workTime": "Ежедневно 08:00-22:00", "pickupType": 4, "fittingRooms": 8, "status": null }, "geometry": { "type": "Point", "coordinates": [ 4201644.418974189087749, 7491206.853544048964977 ] } },
{ "type": "Feature", "properties": { "id": 104957, "address": "г. Москва, м Южная, Кировоградская улица, д. 9к1", "workTime": "Ежедневно 08:00-22:00", "pickupType": 4, "fittingRooms": 9, "status": null }, "geometry": { "type": "Point", "coordinates": [ 4186968.502585966605693, 7484191.906459730118513 ] } },
{ "type": "Feature", "properties": { "id": 104989, "address": "г. Москва Производственная 12 корпус 1", "workTime": "Ежедневно 08:00-22:00", "pickupType": 4, "fittingRooms": 8, "status": null }, "geometry": { "type": "Point", "coordinates": [ 4162064.774022640194744, 7487925.330719017423689 ] } },
{ "type": "Feature", "properties": { "id": 104991, "address": "г. Москва, улица Щепкина, д. 18к1", "workTime": "Ежедневно 08:00-22:00", "pickupType": 4, "fittingRooms": 6, "status": null }, "geometry": { "type": "Point", "coordinates": [ 4188860.154693016782403, 7513995.360398513264954 ] } },
{ "type": "Feature", "properties": { "id": 105008, "address": "г. Москва, Солнечногорская улица, д.15к1", "workTime": "Ежедневно 08:00-22:00", "pickupType": 4, "fittingRooms": 12, "status": null }, "geometry": { "type": "Point", "coordinates": [ 4176613.563552376348525, 7530742.730569914914668 ] } },
{ "type": "Feature", "properties": { "id": 105021, "address": "г. Москва , бульвар Веласкеса, д. 5к4", "workTime": "Ежедневно 08:00-22:00", "pickupType": 4, "fittingRooms": 7, "status": null }, "geometry": { "type": "Point", "coordinates": [ 4169781.107165957335383, 7477965.001014205627143 ] } },
{ "type": "Feature", "properties": { "id": 105055, "address": "г. Москва, Очаковское шоссе, д.6 корп.2", "workTime": "Ежедневно 08:00-22:00", "pickupType": 4, "fittingRooms": 7, "status": null }, "geometry": { "type": "Point", "coordinates": [ 4169702.070327494293451, 7498591.825800949707627 ] } },
{ "type": "Feature", "properties": { "id": 105073, "address": "г Москва, улица Павла Корчагина, 11", "workTime": "Ежедневно 08:00-22:00", "pickupType": 4, "fittingRooms": 8, "status": null }, "geometry": { "type": "Point", "coordinates": [ 4192307.051405939273536, 7522215.893094829283655 ] } },
{ "type": "Feature", "properties": { "id": 105080, "address": "г. Москва, м Сокол, Ленинградский проспект, д. 76к4", "workTime": "Ежедневно 08:00-22:00", "pickupType": 4, "fittingRooms": 11, "status": null }, "geometry": { "type": "Point", "coordinates": [ 4176265.022226702887565, 7520065.402558538131416 ] } },
{ "type": "Feature", "properties": { "id": 105088, "address": "г. Москва Бобруйская 4к1", "workTime": "Ежедневно 08:00-22:00", "pickupType": 4, "fittingRooms": 6, "status": null }, "geometry": { "type": "Point", "coordinates": [ 4163834.97656523482874, 7505923.365824004635215 ] } },
{ "type": "Feature", "properties": { "id": 105119, "address": "г. Москва, м Бульвар Рокоссовского, Открытое шоссе, д. 19к1", "workTime": "Ежедневно 10:00-21:00", "pickupType": 4, "fittingRooms": 7, "status": null }, "geometry": { "type": "Point", "coordinates": [ 4202278.828752219676971, 7523418.289615957997739 ] } },
{ "type": "Feature", "properties": { "id": 105149, "address": "г. Москва, улица Академика Семёнова, д. 3", "workTime": "Ежедневно 08:00-22:00", "pickupType": 4, "fittingRooms": 8, "status": null }, "geometry": { "type": "Point", "coordinates": [ 4175740.150827612262219, 7468069.824345024302602 ] } },
{ "type": "Feature", "properties": { "id": 105168, "address": "г Москва, Грайвороновский пр-д 42 корпус 3", "workTime": "Ежедневно 08:00-22:00", "pickupType": null, "fittingRooms": 7, "status": null }, "geometry": { "type": "Point", "coordinates": [ 4201736.480193074792624, 7503950.370692404918373 ] } },
{ "type": "Feature", "properties": { "id": 105186, "address": "г. Москва, улица Бестужевых, д. 21Б", "workTime": "Ежедневно 08:00-22:00", "pickupType": 4, "fittingRooms": 10, "status": null }, "geometry": { "type": "Point", "coordinates": [ 4186452.759385121520609, 7533071.006303553469479 ] } },
{ "type": "Feature", "properties": { "id": 105189, "address": "Москва, Москва, Русаковская улица, 4ст4", "workTime": "Ежедневно 10:00-21:00", "pickupType": 4, "fittingRooms": null, "status": null }, "geometry": { "type": "Point", "coordinates": [ 4193578.319990798830986, 7515140.057946275919676 ] } },
{ "type": "Feature", "properties": { "id": 105193, "address": "г. Москва, Тимирязевская улица, д. 25", "workTime": "Ежедневно 08:00-22:00", "pickupType": 4, "fittingRooms": null, "status": null }, "geometry": { "type": "Point", "coordinates": [ 4181619.823692331556231, 7521641.313644935376942 ] } },
{ "type": "Feature", "properties": { "id": 105218, "address": "г. Москва, Пролетарский проспект, д. 20к2", "workTime": "Ежедневно 10:00-21:00", "pickupType": 4, "fittingRooms": 4, "status": null }, "geometry": { "type": "Point", "coordinates": [ 4192064.374916011001915, 7485774.511352652683854 ] } },
{ "type": "Feature", "properties": { "id": 105234, "address": "Москва, Москва, Часовая улица, 11с4", "workTime": "Ежедневно 08:00-22:00", "pickupType": 4, "fittingRooms": 4, "status": null }, "geometry": { "type": "Point", "coordinates": [ 4177750.58083133911714, 7520387.096018224954605 ] } },
{ "type": "Feature", "properties": { "id": 105366, "address": "г. Москва Белозерская 17г", "workTime": "Ежедневно 08:00-22:00", "pickupType": 4, "fittingRooms": 7, "status": null }, "geometry": { "type": "Point", "coordinates": [ 4187779.910354358609766, 7537722.720776068978012 ] } },
{ "type": "Feature", "properties": { "id": 105369, "address": "г. Москва, Ярославское шоссе, д.142к5", "workTime": "Ежедневно 08:00-22:00", "pickupType": 4, "fittingRooms": 10, "status": null }, "geometry": { "type": "Point", "coordinates": [ 4199153.200089726597071, 7533870.47179982252419 ] } },
{ "type": "Feature", "properties": { "id": 105394, "address": "г. Москва Проспект мира  135", "workTime": "Ежедневно 08:00-22:00", "pickupType": 4, "fittingRooms": 6, "status": null }, "geometry": { "type": "Point", "coordinates": [ 4191495.754957038443536, 7525340.3734434209764 ] } },
{ "type": "Feature", "properties": { "id": 105403, "address": "г. Москва Амундсена 11к1", "workTime": "Ежедневно 08:00-22:00", "pickupType": 4, "fittingRooms": 6, "status": 3 }, "geometry": { "type": "Point", "coordinates": [ 4191909.52950431779027, 7529191.135786748491228 ] } },
{ "type": "Feature", "properties": { "id": 105425, "address": "г. Москва Слесарный переулок 3", "workTime": "Ежедневно 08:00-22:00", "pickupType": 4, "fittingRooms": 8, "status": null }, "geometry": { "type": "Point", "coordinates": [ 4189702.843238322064281, 7515584.483111788518727 ] } },
{ "type": "Feature", "properties": { "id": 105432, "address": "г. Москва, м Молодежная, Рублёвское шоссе, д. 28к2", "workTime": "Ежедневно 08:00-22:00", "pickupType": 4, "fittingRooms": null, "status": null }, "geometry": { "type": "Point", "coordinates": [ 4165744.217151830438524, 7508289.252614847384393 ] } },
{ "type": "Feature", "properties": { "id": 105455, "address": "г. Москва Солнцевский проспект  25/2", "workTime": "Ежедневно 08:00-22:00", "pickupType": 4, "fittingRooms": 7, "status": null }, "geometry": { "type": "Point", "coordinates": [ 4164958.190227339044213, 7488362.470933730714023 ] } },
{ "type": "Feature", "properties": { "id": 105508, "address": "г. Москва Адмирала Лазарева  36", "workTime": "Ежедневно 10:00-21:00", "pickupType": 4, "fittingRooms": 2, "status": null }, "geometry": { "type": "Point", "coordinates": [ 4177528.832405678927898, 7468604.619822107255459 ] } },
{ "type": "Feature", "properties": { "id": 105562, "address": "г. Москва, м Водный стадион, Смольная улица, д. 15", "workTime": "Ежедневно 08:00-22:00", "pickupType": 4, "fittingRooms": null, "status": null }, "geometry": { "type": "Point", "coordinates": [ 4174334.074339401908219, 7527996.364850089885294 ] } },
{ "type": "Feature", "properties": { "id": 105576, "address": "г Москва, 2-й квартал Капотни 9", "workTime": "Ежедневно 08:00-22:00", "pickupType": 4, "fittingRooms": 2, "status": null }, "geometry": { "type": "Point", "coordinates": [ 4207399.970606674440205, 7486761.190738626755774 ] } },
{ "type": "Feature", "properties": { "id": 105600, "address": "г. Москва, улица Руднёвка, д. 4", "workTime": "Ежедневно 10:00-21:00", "pickupType": 4, "fittingRooms": 7, "status": null }, "geometry": { "type": "Point", "coordinates": [ 4217708.489412602968514, 7502083.013863001018763 ] } },
{ "type": "Feature", "properties": { "id": 105616, "address": "г. Москва, Бакунинская улица, д. 43/55", "workTime": "Ежедневно 08:00-22:00", "pickupType": 4, "fittingRooms": 4, "status": null }, "geometry": { "type": "Point", "coordinates": [ 4195269.374375439248979, 7514124.212038895115256 ] } },
{ "type": "Feature", "properties": { "id": 105622, "address": "г. Москва, Кутузовский проспект, д. 43", "workTime": "Ежедневно 08:00-22:00", "pickupType": 4, "fittingRooms": 9, "status": null }, "geometry": { "type": "Point", "coordinates": [ 4177715.181233266368508, 7506464.149448008276522 ] } },
{ "type": "Feature", "properties": { "id": 105642, "address": "г. Москва, 3-я Гражданская улица, д. 17", "workTime": "Ежедневно 08:00-22:00", "pickupType": 4, "fittingRooms": 8, "status": null }, "geometry": { "type": "Point", "coordinates": [ 4197479.62286514043808, 7521235.765583083964884 ] } },
{ "type": "Feature", "properties": { "id": 105730, "address": "г. Москва 11-я Парковая  49 стр.3", "workTime": "Ежедневно 10:00-21:00", "pickupType": 4, "fittingRooms": 2, "status": null }, "geometry": { "type": "Point", "coordinates": [ 4208384.034905286505818, 7519719.557442122139037 ] } },
{ "type": "Feature", "properties": { "id": 105744, "address": "г. Москва Ярославское шоссе  22к2", "workTime": "Ежедневно 08:00-22:00", "pickupType": 4, "fittingRooms": null, "status": null }, "geometry": { "type": "Point", "coordinates": [ 4195097.274442673660815, 7529840.454968142323196 ] } },
{ "type": "Feature", "properties": { "id": 105745, "address": "г. Москва, м Люблино, Цимлянская улица, д. 24", "workTime": "Ежедневно 08:00-22:00", "pickupType": 4, "fittingRooms": 4, "status": null }, "geometry": { "type": "Point", "coordinates": [ 4204366.625802046619356, 7492997.954995425418019 ] } },
{ "type": "Feature", "properties": { "id": 105790, "address": "г. Москва, Боровское шоссе, д. 46", "workTime": "Ежедневно 08:00-22:00", "pickupType": 4, "fittingRooms": 6, "status": null }, "geometry": { "type": "Point", "coordinates": [ 4157630.362106890417635, 7486404.015211891382933 ] } },
{ "type": "Feature", "properties": { "id": 105882, "address": "г. Москва Народная улица 20С1", "workTime": "Ежедневно 08:00-22:00", "pickupType": 4, "fittingRooms": 6, "status": null }, "geometry": { "type": "Point", "coordinates": [ 4191102.574515556450933, 7506226.674531894735992 ] } },
{ "type": "Feature", "properties": { "id": 105921, "address": "г. Москва, м Автозаводская, улица Мастеркова, д. 6", "workTime": "Ежедневно 10:00-21:00", "pickupType": 4, "fittingRooms": 8, "status": null }, "geometry": { "type": "Point", "coordinates": [ 4191933.797153310384601, 7500501.608411683700979 ] } },
{ "type": "Feature", "properties": { "id": 105949, "address": "г. Москва, Псковская улица, д. 9к1", "workTime": "Ежедневно 08:00-22:00", "pickupType": 4, "fittingRooms": 12, "status": null }, "geometry": { "type": "Point", "coordinates": [ 4180279.314384198747575, 7539730.393256884068251 ] } },
{ "type": "Feature", "properties": { "id": 105969, "address": "г. Москва Суздальская 10 к 1", "workTime": "Ежедневно 10:00-21:00", "pickupType": 4, "fittingRooms": 5, "status": null }, "geometry": { "type": "Point", "coordinates": [ 4213081.160819307900965, 7506170.717726211994886 ] } },
{ "type": "Feature", "properties": { "id": 105996, "address": "г. Москва, м Отрадное, улица Мусоргского, д. 1Б", "workTime": "Ежедневно 08:00-22:00", "pickupType": 4, "fittingRooms": 9, "status": null }, "geometry": { "type": "Point", "coordinates": [ 4187845.922812399454415, 7531056.935310309752822 ] } },
{ "type": "Feature", "properties": { "id": 106047, "address": "г. Москва Изюмская улица 57к2", "workTime": "Ежедневно 10:00-21:00", "pickupType": 4, "fittingRooms": 5, "status": null }, "geometry": { "type": "Point", "coordinates": [ 4181694.96434861747548, 7467900.814626106992364 ] } },
{ "type": "Feature", "properties": { "id": 106081, "address": "г. Москва, Селезнёвская улица, д. 15Ас2", "workTime": "Ежедневно 08:00-22:00", "pickupType": 4, "fittingRooms": null, "status": null }, "geometry": { "type": "Point", "coordinates": [ 4186439.957643679808825, 7515075.524394384585321 ] } },
{ "type": "Feature", "properties": { "id": 106098, "address": "г. Москва Коктебельская 4к1", "workTime": "Ежедневно 10:00-21:00", "pickupType": 4, "fittingRooms": 3, "status": null }, "geometry": { "type": "Point", "coordinates": [ 4184091.005068451166153, 7472496.08491503726691 ] } },
{ "type": "Feature", "properties": { "id": 106169, "address": "г. Москва Столетова 9", "workTime": "Ежедневно 08:00-22:00", "pickupType": 4, "fittingRooms": 6, "status": null }, "geometry": { "type": "Point", "coordinates": [ 4174606.027855410240591, 7499683.467423386871815 ] } },
{ "type": "Feature", "properties": { "id": 106176, "address": "г. Москва, Петрозаводская улица, д. 34", "workTime": "Ежедневно 10:00-21:00", "pickupType": 4, "fittingRooms": 4, "status": null }, "geometry": { "type": "Point", "coordinates": [ 4173271.195841308683157, 7532094.854145112447441 ] } },
{ "type": "Feature", "properties": { "id": 106182, "address": "г. Москва Флотская улица 14", "workTime": "Ежедневно 08:00-22:00", "pickupType": 4, "fittingRooms": 4, "status": null }, "geometry": { "type": "Point", "coordinates": [ 4172357.151502404361963, 7528594.222921923734248 ] } },
{ "type": "Feature", "properties": { "id": 106201, "address": "г. Москва Летчика Бабушкина 31", "workTime": "Ежедневно 08:00-22:00", "pickupType": 4, "fittingRooms": 6, "status": null }, "geometry": { "type": "Point", "coordinates": [ 4193966.268416213802993, 7532669.618199576623738 ] } },
{ "type": "Feature", "properties": { "id": 106204, "address": "г. Москва Профсоюзная  68к4", "workTime": "Ежедневно 08:00-22:00", "pickupType": 4, "fittingRooms": 6, "status": null }, "geometry": { "type": "Point", "coordinates": [ 4179452.099248114507645, 7491867.983130353502929 ] } },
{ "type": "Feature", "properties": { "id": 106208, "address": "Москва, Москва, Хабаровская улица, 7/50", "workTime": "Ежедневно 08:00-22:00", "pickupType": 4, "fittingRooms": null, "status": null }, "geometry": { "type": "Point", "coordinates": [ 4210796.884868229739368, 7522069.668469463475049 ] } },
{ "type": "Feature", "properties": { "id": 106226, "address": "г. Москва, Молодогвардейская улица, д. 4к1", "workTime": "Ежедневно 08:00-22:00", "pickupType": 4, "fittingRooms": null, "status": null }, "geometry": { "type": "Point", "coordinates": [ 4167687.076224645134062, 7505599.506973370909691 ] } },
{ "type": "Feature", "properties": { "id": 106254, "address": "г. Москва Пятницкое шоссе 35", "workTime": "Ежедневно 08:00-22:00", "pickupType": 4, "fittingRooms": 11, "status": null }, "geometry": { "type": "Point", "coordinates": [ 4158851.870879365131259, 7529244.681725250557065 ] } },
{ "type": "Feature", "properties": { "id": 106268, "address": "г. Москва Молодежная 3", "workTime": "Ежедневно 08:00-22:00", "pickupType": 4, "fittingRooms": 6, "status": null }, "geometry": { "type": "Point", "coordinates": [ 4179560.413112656213343, 7497669.601757287979126 ] } },
{ "type": "Feature", "properties": { "id": 106292, "address": "г. Москва Проспект Мира 188Б", "workTime": "Ежедневно 08:00-22:00", "pickupType": 4, "fittingRooms": 6, "status": null }, "geometry": { "type": "Point", "coordinates": [ 4192126.71383085520938, 7525648.212993506342173 ] } },
{ "type": "Feature", "properties": { "id": 106337, "address": "г. Москва Нововладыкинский проезд 1к4", "workTime": "Ежедневно 08:00-22:00", "pickupType": 4, "fittingRooms": 5, "status": null }, "geometry": { "type": "Point", "coordinates": [ 4182895.656376313883811, 7528811.366936337202787 ] } },
{ "type": "Feature", "properties": { "id": 106355, "address": "г. Москва Щелковское шоссе 79", "workTime": "Ежедневно 10:00-21:00", "pickupType": 4, "fittingRooms": 4, "status": null }, "geometry": { "type": "Point", "coordinates": [ 4208806.715011827647686, 7521488.561968543566763 ] } },
{ "type": "Feature", "properties": { "id": 106407, "address": "п Ватутинки (Россия, г Москва, п Десеновское) 3-ая Нововатутинская 11", "workTime": "Ежедневно 08:00-22:00", "pickupType": 4, "fittingRooms": 6, "status": null }, "geometry": { "type": "Point", "coordinates": [ 4157166.827747227158397, 7463278.384471079334617 ] } },
{ "type": "Feature", "properties": { "id": 106417, "address": "г. Москва Мневники 10 к 1", "workTime": "Ежедневно 08:00-22:00", "pickupType": 4, "fittingRooms": 10, "status": null }, "geometry": { "type": "Point", "coordinates": [ 4173722.707695966120809, 7513462.361041236668825 ] } },
{ "type": "Feature", "properties": { "id": 106421, "address": "г. Москва Новоясеневский 12к1", "workTime": "Ежедневно 10:00-21:00", "pickupType": 4, "fittingRooms": 5, "status": null }, "geometry": { "type": "Point", "coordinates": [ 4176359.421154894866049, 7481116.948155007325113 ] } },
{ "type": "Feature", "properties": { "id": 106445, "address": "г. Москва Полярная  30 к 3", "workTime": "Ежедневно 10:00-21:00", "pickupType": 4, "fittingRooms": 7, "status": null }, "geometry": { "type": "Point", "coordinates": [ 4190234.950404313392937, 7535086.397785284556448 ] } },
{ "type": "Feature", "properties": { "id": 106468, "address": "г. Москва Вилиса Лациса 1", "workTime": "Ежедневно 08:00-22:00", "pickupType": 4, "fittingRooms": 9, "status": null }, "geometry": { "type": "Point", "coordinates": [ 4166956.486406569369137, 7531547.112353726290166 ] } },
{ "type": "Feature", "properties": { "id": 106528, "address": "рабочий посёлок Киевский (г. Москва), 18А", "workTime": "Ежедневно 09:00 – 21:00\n", "pickupType": 4, "fittingRooms": 5, "status": null }, "geometry": { "type": "Point", "coordinates": [ 4104140.233585814479738, 7445901.671125091612339 ] } },
{ "type": "Feature", "properties": { "id": 106558, "address": "г. Москва Большая Якиманка  35 стр. 1", "workTime": "Ежедневно 08:00-22:00", "pickupType": 4, "fittingRooms": null, "status": null }, "geometry": { "type": "Point", "coordinates": [ 4187109.433061311021447, 7505788.521842999383807 ] } },
{ "type": "Feature", "properties": { "id": 106569, "address": "г. Москва Высоковольтный проезд  1к5", "workTime": "Ежедневно 10:00-21:00", "pickupType": 4, "fittingRooms": 9, "status": null }, "geometry": { "type": "Point", "coordinates": [ 4184676.100312061142176, 7533484.320996860973537 ] } },
{ "type": "Feature", "properties": { "id": 106570, "address": "г. Москва Лосевская 22", "workTime": "Ежедневно 08:00-22:00", "pickupType": 4, "fittingRooms": 6, "status": null }, "geometry": { "type": "Point", "coordinates": [ 4198567.882207134738564, 7534065.340446688234806 ] } },
{ "type": "Feature", "properties": { "id": 106615, "address": "г. Москва Архитектора Щусева 2 к 3", "workTime": "Ежедневно 08:00-22:00", "pickupType": 4, "fittingRooms": 13, "status": null }, "geometry": { "type": "Point", "coordinates": [ 4189427.661457081325352, 7499036.484204445034266 ] } },
{ "type": "Feature", "properties": { "id": 106642, "address": "г. Москва Дмитровский проезд 8", "workTime": "Ежедневно 08:00-22:00", "pickupType": 4, "fittingRooms": 10, "status": null }, "geometry": { "type": "Point", "coordinates": [ 4182709.752826688345522, 7520580.039297779090703 ] } },
{ "type": "Feature", "properties": { "id": 106666, "address": "г. Москва Знаменские Садки 5б", "workTime": "Ежедневно 08:00-22:00", "pickupType": 4, "fittingRooms": 9, "status": null }, "geometry": { "type": "Point", "coordinates": [ 4182448.263342815451324, 7473719.510078535415232 ] } },
{ "type": "Feature", "properties": { "id": 106833, "address": "г. Москва 1-я Курьяновская 22с1", "workTime": "Ежедневно 10:00-21:00", "pickupType": 4, "fittingRooms": null, "status": null }, "geometry": { "type": "Point", "coordinates": [ 4197011.635725844651461, 7489914.557954813353717 ] } },
{ "type": "Feature", "properties": { "id": 106881, "address": "г. Москва Дмитровское ш.  74к1", "workTime": "Ежедневно 10:00-21:00", "pickupType": 4, "fittingRooms": 7, "status": null }, "geometry": { "type": "Point", "coordinates": [ 4180747.746801457367837, 7530685.603811698034406 ] } },
{ "type": "Feature", "properties": { "id": 107015, "address": "г. Москва Коцюбинского 10", "workTime": "Ежедневно 10:00-21:00", "pickupType": 4, "fittingRooms": 6, "status": null }, "geometry": { "type": "Point", "coordinates": [ 4166803.199467747006565, 7504978.914341183379292 ] } },
{ "type": "Feature", "properties": { "id": 107027, "address": "г. Москва Зорге 18к2", "workTime": "Ежедневно 08:00-22:00", "pickupType": 4, "fittingRooms": 10, "status": null }, "geometry": { "type": "Point", "coordinates": [ 4175562.373600815422833, 7516041.406593888998032 ] } },
{ "type": "Feature", "properties": { "id": 107148, "address": "г. Москва Старокачаловская 3 корп 2", "workTime": "Ежедневно 10:00-21:00", "pickupType": 4, "fittingRooms": 6, "status": null }, "geometry": { "type": "Point", "coordinates": [ 4183712.964077717158943, 7473164.278661360032856 ] } },
{ "type": "Feature", "properties": { "id": 107214, "address": "г. Москва, Лихоборские бугры 12", "workTime": "Ежедневно 10:00-21:00", "pickupType": 4, "fittingRooms": 6, "status": null }, "geometry": { "type": "Point", "coordinates": [ 4179775.593688359484076, 7527343.433875723741949 ] } },
{ "type": "Feature", "properties": { "id": 107235, "address": "г. Москва Каширское шоссе 53к6", "workTime": "Ежедневно 08:00-22:00", "pickupType": 4, "fittingRooms": 7, "status": null }, "geometry": { "type": "Point", "coordinates": [ 4196108.278058057650924, 7487039.093002755194902 ] } },
{ "type": "Feature", "properties": { "id": 107291, "address": "г. Москва  Римского-Корсакова 11к7", "workTime": "Ежедневно 10:00-21:00", "pickupType": 4, "fittingRooms": 7, "status": null }, "geometry": { "type": "Point", "coordinates": [ 4185865.994349149987102, 7533673.623751288279891 ] } },
{ "type": "Feature", "properties": { "id": 107309, "address": "г. Москва улица Академика Королёва  5", "workTime": "Ежедневно 08:00-22:00", "pickupType": 4, "fittingRooms": 4, "status": null }, "geometry": { "type": "Point", "coordinates": [ 4188734.14102943893522, 7522836.090691478922963 ] } },
{ "type": "Feature", "properties": { "id": 107416, "address": "Москва, Зарайская 37", "workTime": "Ежедневно 10:00-21:00", "pickupType": null, "fittingRooms": 9, "status": null }, "geometry": { "type": "Point", "coordinates": [ 4204762.589230799116194, 7504869.391545218415558 ] } },
{ "type": "Feature", "properties": { "id": 107418, "address": "г. Москва Трифоновская 49", "workTime": "Ежедневно 08:00-22:00", "pickupType": 4, "fittingRooms": 4, "status": null }, "geometry": { "type": "Point", "coordinates": [ 4188718.444981237407774, 7516547.657156041823328 ] } },
{ "type": "Feature", "properties": { "id": 107438, "address": "г Москва, улица Кулакова, д. 9к1", "workTime": "Ежедневно 08:00-22:00", "pickupType": 4, "fittingRooms": 6, "status": null }, "geometry": { "type": "Point", "coordinates": [ 4163247.432292828336358, 7520979.411568564362824 ] } },
{ "type": "Feature", "properties": { "id": 107468, "address": "г. Москва Гольяновская 7 к1", "workTime": "Ежедневно 08:00-22:00", "pickupType": 4, "fittingRooms": null, "status": null }, "geometry": { "type": "Point", "coordinates": [ 4197839.74141785595566, 7513839.593316806480289 ] } },
{ "type": "Feature", "properties": { "id": 107729, "address": "г Москва, п Сосенское, Коммунарка, Потаповская роща, 18к2", "workTime": "Ежедневно 10:00-21:00", "pickupType": 4, "fittingRooms": 6, "status": null }, "geometry": { "type": "Point", "coordinates": [ 4174552.928458302281797, 7469602.88557908590883 ] } },
{ "type": "Feature", "properties": { "id": 107866, "address": "г Москва, Бульвар Андрея Тарковского 9", "workTime": "Ежедневно 08:00-22:00", "pickupType": 4, "fittingRooms": 10, "status": null }, "geometry": { "type": "Point", "coordinates": [ 4157137.43940165778622, 7484304.685416975989938 ] } },
{ "type": "Feature", "properties": { "id": 107886, "address": "г Москва, Красных зорь 59 б", "workTime": "Ежедневно 08:00-22:00", "pickupType": 4, "fittingRooms": 4, "status": null }, "geometry": { "type": "Point", "coordinates": [ 4166749.543473185040057, 7504055.531655517406762 ] } },
{ "type": "Feature", "properties": { "id": 107927, "address": "г. Москва (Московская область), ул. Саларьевская, д. 16, к. 5", "workTime": "Ежедневно 10:00-21:00", "pickupType": 4, "fittingRooms": 5, "status": null }, "geometry": { "type": "Point", "coordinates": [ 4164229.158882134128362, 7482951.840811664238572 ] } },
{ "type": "Feature", "properties": { "id": 108108, "address": "г. Москва Ленинский проспект 91к4", "workTime": "Ежедневно 08:00-22:00", "pickupType": 4, "fittingRooms": 6, "status": null }, "geometry": { "type": "Point", "coordinates": [ 4178048.360469210427254, 7494097.492422436363995 ] } },
{ "type": "Feature", "properties": { "id": 108629, "address": "г Москва, Оранжерейная 10", "workTime": "Ежедневно 10:00-21:00", "pickupType": null, "fittingRooms": 8, "status": null }, "geometry": { "type": "Point", "coordinates": [ 4214714.551707717590034, 7502535.185835397802293 ] } },
{ "type": "Feature", "properties": { "id": 108812, "address": "Москва, Москва, улица Чечулина, 11к1", "workTime": "Ежедневно 08:00-22:00", "pickupType": 4, "fittingRooms": 6, "status": null }, "geometry": { "type": "Point", "coordinates": [ 4211342.01641464419663, 7515070.773479386232793 ] } },
{ "type": "Feature", "properties": { "id": 109359, "address": "Москва, Москва, Дмитровское шоссе, 107к4", "workTime": "Ежедневно 08:00-22:00", "pickupType": 4, "fittingRooms": 7, "status": null }, "geometry": { "type": "Point", "coordinates": [ 4178829.823294580448419, 7534596.987819007597864 ] } },
{ "type": "Feature", "properties": { "id": 109892, "address": "г Москва, Перовская улица 10к1", "workTime": "Ежедневно 10:00-21:00", "pickupType": 4, "fittingRooms": 7, "status": null }, "geometry": { "type": "Point", "coordinates": [ 4203449.68715638294816, 7508193.131744164042175 ] } },
{ "type": "Feature", "properties": { "id": 109942, "address": "г. Москва улица Плещеева 7", "workTime": "Ежедневно 08:00-22:00", "pickupType": 4, "fittingRooms": 10, "status": null }, "geometry": { "type": "Point", "coordinates": [ 4186903.714642325416207, 7536028.589584311470389 ] } },
{ "type": "Feature", "properties": { "id": 110037, "address": "г Москва, улица Лобачевского 6", "workTime": "Ежедневно 10:00-21:00", "pickupType": 4, "fittingRooms": 7, "status": null }, "geometry": { "type": "Point", "coordinates": [ 4175251.012985066510737, 7492323.307365847751498 ] } },
{ "type": "Feature", "properties": { "id": 110129, "address": "г. Москва Лебедянская улица 14к2", "workTime": "Ежедневно 08:00-22:00", "pickupType": 4, "fittingRooms": 3, "status": null }, "geometry": { "type": "Point", "coordinates": [ 4194055.546647830400616, 7476481.492754204198718 ] } },
{ "type": "Feature", "properties": { "id": 110210, "address": "г. Москва улица Генерала Белова 28к2", "workTime": "Ежедневно 10:00-21:00", "pickupType": 4, "fittingRooms": 4, "status": null }, "geometry": { "type": "Point", "coordinates": [ 4199456.10042417421937, 7479953.636226711794734 ] } },
{ "type": "Feature", "properties": { "id": 110248, "address": "Москва, Рязанский 47к2", "workTime": "Ежедневно 10:00-21:00", "pickupType": 3, "fittingRooms": 6, "status": null }, "geometry": { "type": "Point", "coordinates": [ 4203788.432366867549717, 7504264.276458634994924 ] } },
{ "type": "Feature", "properties": { "id": 110275, "address": "г Москва, улица Ивана Сусанина 4к5", "workTime": "Ежедневно 10:00-21:00", "pickupType": 4, "fittingRooms": 5, "status": null }, "geometry": { "type": "Point", "coordinates": [ 4177637.591548183467239, 7531958.95658836979419 ] } },
{ "type": "Feature", "properties": { "id": 110438, "address": "г. Москва Большая Академическая улица 15к1", "workTime": "Ежедневно 10:00-21:00", "pickupType": 4, "fittingRooms": 8, "status": null }, "geometry": { "type": "Point", "coordinates": [ 4177516.253303219098598, 7523453.365631999447942 ] } },
{ "type": "Feature", "properties": { "id": 110493, "address": "г. Москва проспект Мира 89", "workTime": "Ежедневно 08:00-22:00", "pickupType": 4, "fittingRooms": 3, "status": null }, "geometry": { "type": "Point", "coordinates": [ 4189569.148529878817499, 7519628.443899074569345 ] } },
{ "type": "Feature", "properties": { "id": 110559, "address": "г Москва, Солнцевский проспект 6к1", "workTime": "Ежедневно 08:00-22:00", "pickupType": 4, "fittingRooms": 9, "status": null }, "geometry": { "type": "Point", "coordinates": [ 4163340.050109168514609, 7489920.674587636254728 ] } },
{ "type": "Feature", "properties": { "id": 110614, "address": "Москва, Новомосковский административный округ улица Самуила Маршака 23", "workTime": "Ежедневно 08:00-22:00", "pickupType": 4, "fittingRooms": 7, "status": null }, "geometry": { "type": "Point", "coordinates": [ 4154457.200021828059107, 7486079.39622840937227 ] } },
{ "type": "Feature", "properties": { "id": 110751, "address": "г Москва, Ивантеевская улица 3к2", "workTime": "Ежедневно 10:00-21:00", "pickupType": 4, "fittingRooms": 4, "status": null }, "geometry": { "type": "Point", "coordinates": [ 4198726.735120496712625, 7523046.929607993923128 ] } },
{ "type": "Feature", "properties": { "id": 110875, "address": "г Москва, Каширское шоссе 96к1", "workTime": "Ежедневно 08:00-22:00", "pickupType": 4, "fittingRooms": 9, "status": null }, "geometry": { "type": "Point", "coordinates": [ 4198146.537934483028948, 7482140.484242412261665 ] } },
{ "type": "Feature", "properties": { "id": 110878, "address": "г Москва, Рождественская 29", "workTime": "Ежедневно 08:00-22:00", "pickupType": 4, "fittingRooms": 4, "status": null }, "geometry": { "type": "Point", "coordinates": [ 4222052.843860301189125, 7500501.608411683700979 ] } },
{ "type": "Feature", "properties": { "id": 111064, "address": "г Москва, Пятницкое шоссе 47", "workTime": "Ежедневно 10:00-21:00", "pickupType": 4, "fittingRooms": 5, "status": null }, "geometry": { "type": "Point", "coordinates": [ 4157458.930091068148613, 7530397.397839940153062 ] } },
{ "type": "Feature", "properties": { "id": 111347, "address": "г Москва, Стартовая улица 33А", "workTime": "Ежедневно 08:00-22:00", "pickupType": 4, "fittingRooms": 7, "status": null }, "geometry": { "type": "Point", "coordinates": [ 4195637.841889965347946, 7535921.999224780127406 ] } },
{ "type": "Feature", "properties": { "id": 111394, "address": "Москва, Лухмановская улица 29", "workTime": "Ежедневно 10:00-21:00", "pickupType": 4, "fittingRooms": 8, "status": null }, "geometry": { "type": "Point", "coordinates": [ 4219395.313656593672931, 7503561.564309879206121 ] } },
{ "type": "Feature", "properties": { "id": 111429, "address": "г Москва, улица Лётчика Грицевца 8", "workTime": "Ежедневно 08:00-22:00", "pickupType": 4, "fittingRooms": 6, "status": null }, "geometry": { "type": "Point", "coordinates": [ 4152965.852803670801222, 7483589.197871916927397 ] } },
{ "type": "Feature", "properties": { "id": 111527, "address": "г Москва, Малахитовая улица 8к3", "workTime": "Ежедневно 10:00-21:00", "pickupType": 4, "fittingRooms": 9, "status": null }, "geometry": { "type": "Point", "coordinates": [ 4192558.410816151183099, 7524628.603502554818988 ] } },
{ "type": "Feature", "properties": { "id": 111656, "address": "Москва, Фестивальная улица 12", "workTime": "Ежедневно 08:00-22:00", "pickupType": 4, "fittingRooms": 2, "status": null }, "geometry": { "type": "Point", "coordinates": [ 4173842.710107040591538, 7530425.365049757994711 ] } },
{ "type": "Feature", "properties": { "id": 111789, "address": "г Москва, Нагатинская набережная 40/1", "workTime": "Ежедневно 10:00-21:00", "pickupType": 4, "fittingRooms": 5, "status": null }, "geometry": { "type": "Point", "coordinates": [ 4193926.638677491340786, 7496096.80121098831296 ] } },
{ "type": "Feature", "properties": { "id": 111877, "address": "г Москва, Моршанская улица, д. 4", "workTime": "Ежедневно 10:00-21:00", "pickupType": 4, "fittingRooms": 9, "status": null }, "geometry": { "type": "Point", "coordinates": [ 4214171.757870609872043, 7498182.74688408151269 ] } },
{ "type": "Feature", "properties": { "id": 112009, "address": "Коммунарка Москва, Новомосковский административный округ улица Александры Монаховой 99", "workTime": "Ежедневно 08:00-22:00", "pickupType": 4, "fittingRooms": 6, "status": null }, "geometry": { "type": "Point", "coordinates": [ 4173553.390750468708575, 7467584.447802225127816 ] } },
{ "type": "Feature", "properties": { "id": 112255, "address": "Москва, Москва, Байкальская улица, 31", "workTime": "Ежедневно 08:00-22:00", "pickupType": 4, "fittingRooms": 10, "status": null }, "geometry": { "type": "Point", "coordinates": [ 4208800.926398306153715, 7522262.851997781544924 ] } },
{ "type": "Feature", "properties": { "id": 112725, "address": "г Москва, Нагатинская набережная 20к2", "workTime": "Ежедневно 10:00-21:00", "pickupType": 4, "fittingRooms": 8, "status": null }, "geometry": { "type": "Point", "coordinates": [ 4191788.859176297206432, 7495241.019473514519632 ] } },
{ "type": "Feature", "properties": { "id": 112877, "address": "г Москва, Муравская улица 38к1", "workTime": "Ежедневно 08:00-22:00", "pickupType": 4, "fittingRooms": 10, "status": null }, "geometry": { "type": "Point", "coordinates": [ 4160294.905438518151641, 7531432.053832788951695 ] } },
{ "type": "Feature", "properties": { "id": 112878, "address": "г Москва, Краснобогатырская улица 90с1", "workTime": "Ежедневно 08:00-22:00", "pickupType": 4, "fittingRooms": 9, "status": null }, "geometry": { "type": "Point", "coordinates": [ 4198105.127083907835186, 7518646.070598110556602 ] } },
{ "type": "Feature", "properties": { "id": 113071, "address": "г Москва, Усадьба Суханово 5 ", "workTime": "Ежедневно 08:00-22:00", "pickupType": 4, "fittingRooms": 3, "status": null }, "geometry": { "type": "Point", "coordinates": [ 4193242.357767584733665, 7466058.474397541955113 ] } },
{ "type": "Feature", "properties": { "id": 113084, "address": "г Москва, улица Академика Арцимовича 17", "workTime": "Ежедневно 08:00-22:00", "pickupType": 4, "fittingRooms": 4, "status": null }, "geometry": { "type": "Point", "coordinates": [ 4175730.466031913645566, 7486644.628605470061302 ] } },
{ "type": "Feature", "properties": { "id": 113227, "address": "Москва, Магнитогорская улица 27А", "workTime": "Ежедневно 10:00-21:00", "pickupType": null, "fittingRooms": 4, "status": null }, "geometry": { "type": "Point", "coordinates": [ 4211763.026728824712336, 7514070.771005162969232 ] } },
{ "type": "Feature", "properties": { "id": 113289, "address": "г Москва, улица Авиаторов, д. 14", "workTime": "Ежедневно 08:00-22:00", "pickupType": 4, "fittingRooms": 10, "status": null }, "geometry": { "type": "Point", "coordinates": [ 4163147.24475111393258, 7488066.964596138335764 ] } },
{ "type": "Feature", "properties": { "id": 113482, "address": "г. Москва ул.Новопеределкинская д. 13А", "workTime": "Ежедневно 08:00-22:00", "pickupType": 4, "fittingRooms": 6, "status": null }, "geometry": { "type": "Point", "coordinates": [ 4159386.64971313579008, 7487326.670241004787385 ] } },
{ "type": "Feature", "properties": { "id": 113489, "address": "г. Москва Хорошёвское шоссе 66", "workTime": "Ежедневно 08:00-22:00", "pickupType": 4, "fittingRooms": 9, "status": null }, "geometry": { "type": "Point", "coordinates": [ 4177558.554709720890969, 7514355.200321058742702 ] } },
{ "type": "Feature", "properties": { "id": 113499, "address": "г Москва, Вешняковская улица 39Д", "workTime": "Ежедневно 08:00-22:00", "pickupType": 4, "fittingRooms": 3, "status": null }, "geometry": { "type": "Point", "coordinates": [ 4210931.247493617236614, 7502459.887877746485174 ] } },
{ "type": "Feature", "properties": { "id": 113531, "address": "г Москва, улица Вучетича, д 22", "workTime": "Ежедневно 08:00-22:00", "pickupType": 4, "fittingRooms": 7, "status": 3 }, "geometry": { "type": "Point", "coordinates": [ 4180946.786050995346159, 7521008.929486889392138 ] } },
{ "type": "Feature", "properties": { "id": 113532, "address": "г. Москва Инженерная улица 18к2", "workTime": "Ежедневно 10:00-21:00", "pickupType": 4, "fittingRooms": 7, "status": null }, "geometry": { "type": "Point", "coordinates": [ 4183205.45851919054985, 7534781.951759115792811 ] } },
{ "type": "Feature", "properties": { "id": 113550, "address": "г. Москва Амурская улица дом 19", "workTime": "Ежедневно 08:00-22:00", "pickupType": 4, "fittingRooms": 7, "status": null }, "geometry": { "type": "Point", "coordinates": [ 4206621.958685519173741, 7521376.229009165428579 ] } },
{ "type": "Feature", "properties": { "id": 113572, "address": "г Москва, 1-я Вольская улица 10", "workTime": "Ежедневно 10:00-21:00", "pickupType": 4, "fittingRooms": 4, "status": null }, "geometry": { "type": "Point", "coordinates": [ 4220940.316869312897325, 7495499.086719854734838 ] } },
{ "type": "Feature", "properties": { "id": 113618, "address": "г. Москва Боровское шоссе д. 27", "workTime": "Ежедневно 10:00-21:00", "pickupType": 4, "fittingRooms": 9, "status": null }, "geometry": { "type": "Point", "coordinates": [ 4159475.037388825323433, 7488047.830062713474035 ] } },
{ "type": "Feature", "properties": { "id": 113844, "address": "г. Москва Юрловский проезд 14к2", "workTime": "Ежедневно 10:00-21:00", "pickupType": 4, "fittingRooms": 10, "status": null }, "geometry": { "type": "Point", "coordinates": [ 4186839.14933766471222, 7534169.325325894169509 ] } },
{ "type": "Feature", "properties": { "id": 114051, "address": "г Москва, Симферопольская улица 4А", "workTime": "Ежедневно 10:00-21:00", "pickupType": 4, "fittingRooms": 7, "status": null }, "geometry": { "type": "Point", "coordinates": [ 4182433.569170030765235, 7461049.684661073610187 ] } },
{ "type": "Feature", "properties": { "id": 114067, "address": "г Москва, 3-я Хорошёвская улица 21к6 ", "workTime": "Ежедневно 08:00-22:00", "pickupType": 4, "fittingRooms": 8, "status": null }, "geometry": { "type": "Point", "coordinates": [ 4174246.243261166382581, 7515970.332229422405362 ] } },
{ "type": "Feature", "properties": { "id": 114569, "address": "г  Москва, Авиамоторная улица 6с4", "workTime": "Ежедневно 08:00-22:00", "pickupType": 4, "fittingRooms": 6, "status": null }, "geometry": { "type": "Point", "coordinates": [ 4198491.85099492315203, 7510353.173499624244869 ] } },
{ "type": "Feature", "properties": { "id": 115065, "address": "г Москва, Погонный проезд 3А", "workTime": "Ежедневно 10:00-21:00", "pickupType": 4, "fittingRooms": 6, "status": null }, "geometry": { "type": "Point", "coordinates": [ 4197057.833314524032176, 7522867.597268397919834 ] } },
{ "type": "Feature", "properties": { "id": 115073, "address": "г Москва, улица Академика Анохина 26к2", "workTime": "Ежедневно 08:00-22:00", "pickupType": 4, "fittingRooms": 4, "status": 3 }, "geometry": { "type": "Point", "coordinates": [ 4171364.626922492403537, 7491356.836189162917435 ] } },
{ "type": "Feature", "properties": { "id": 116196, "address": "г Москва, улица Молодцова 21", "workTime": "Ежедневно 10:00-21:00", "pickupType": 4, "fittingRooms": 2, "status": null }, "geometry": { "type": "Point", "coordinates": [ 4189033.145181709434837, 7534235.011154160834849 ] } },
{ "type": "Feature", "properties": { "id": 116975, "address": "Москва, Лазоревый проезд 3", "workTime": "Ежедневно 08:00-22:00", "pickupType": 4, "fittingRooms": 4, "status": null }, "geometry": { "type": "Point", "coordinates": [ 4189670.449266501236707, 7528440.936812894418836 ] } },
{ "type": "Feature", "properties": { "id": 117372, "address": "г Москва, Славянский бульвар 9к5", "workTime": "Ежедневно 08:00-22:00", "pickupType": 4, "fittingRooms": 3, "status": 3 }, "geometry": { "type": "Point", "coordinates": [ 4170964.544672581367195, 7503976.858469171449542 ] } },
{ "type": "Feature", "properties": { "id": 118794, "address": "Москва, Вишневая  2/14", "workTime": "Ежедневно 10:00-21:00", "pickupType": 4, "fittingRooms": 2, "status": null }, "geometry": { "type": "Point", "coordinates": [ 4168553.587140980176628, 7524115.87651823181659 ] } },
{ "type": "Feature", "properties": { "id": 119595, "address": "Москва, улица Адмирала Лазарева 40", "workTime": "Ежедневно 10:00-21:00", "pickupType": 3, "fittingRooms": 2, "status": null }, "geometry": { "type": "Point", "coordinates": [ 4177095.465628020931035, 7468241.198855035007 ] } },
{ "type": "Feature", "properties": { "id": 119986, "address": "Москва, Староватутинский проезд 17", "workTime": "Ежедневно 11:00-22:00", "pickupType": 3, "fittingRooms": 3, "status": null }, "geometry": { "type": "Point", "coordinates": [ 4192477.258907362818718, 7533681.561075292527676 ] } },
{ "type": "Feature", "properties": { "id": 120003, "address": "Москва, Енисейская улица 15", "workTime": "Ежедневно 11:00-22:00", "pickupType": 3, "fittingRooms": 2, "status": 3 }, "geometry": { "type": "Point", "coordinates": [ 4192565.089985598344356, 7531958.758199525997043 ] } },
{ "type": "Feature", "properties": { "id": 120005, "address": "Москва, улица Удальцова 89к3", "workTime": "Ежедневно 10:00-21:00", "pickupType": 3, "fittingRooms": 2, "status": null }, "geometry": { "type": "Point", "coordinates": [ 4172738.754716844297945, 7496117.930386164225638 ] } },
{ "type": "Feature", "properties": { "id": 120887, "address": "г Москва, 2 Ая Вольская 24", "workTime": "Ежедневно 10:00-21:00", "pickupType": 3, "fittingRooms": 2, "status": null }, "geometry": { "type": "Point", "coordinates": [ 4221876.402467394247651, 7496206.199621728621423 ] } },
{ "type": "Feature", "properties": { "id": 121045, "address": "г Москва, Новороссийская 19", "workTime": "пн - пт 10:00-21:00 сб, вс 10:00-20:00", "pickupType": 3, "fittingRooms": 2, "status": null }, "geometry": { "type": "Point", "coordinates": [ 4203288.60785320494324, 7493859.015715549699962 ] } },
{ "type": "Feature", "properties": { "id": 121049, "address": "г Москва, Мячковский Бульвар 3", "workTime": "пн - пт 10:00-21:00 сб, вс 10:00-20:00", "pickupType": 3, "fittingRooms": 2, "status": null }, "geometry": { "type": "Point", "coordinates": [ 4202679.356280094012618, 7490656.481656608171761 ] } },
{ "type": "Feature", "properties": { "id": 121260, "address": "г Москва, Большая Академическая Улица 73к3", "workTime": "Ежедневно 10:00-21:00", "pickupType": 3, "fittingRooms": 2, "status": null }, "geometry": { "type": "Point", "coordinates": [ 4180128.699113156180829, 7527189.181309826672077 ] } },
{ "type": "Feature", "properties": { "id": 121327, "address": "г Москва, Профсоюзная Улица 102а", "workTime": "Ежедневно 10:00-21:00", "pickupType": 3, "fittingRooms": 3, "status": null }, "geometry": { "type": "Point", "coordinates": [ 4177456.02945869974792, 7487931.248517059721053 ] } },
{ "type": "Feature", "properties": { "id": 121696, "address": "г Москва, Авиационная Улица 77к2", "workTime": "Ежедневно 10:00-21:00", "pickupType": 3, "fittingRooms": 2, "status": null }, "geometry": { "type": "Point", "coordinates": [ 4169103.394106008112431, 7520601.433716476894915 ] } },
{ "type": "Feature", "properties": { "id": 121714, "address": "г Москва, Улица Маршала Тухачевского 55", "workTime": "Ежедневно 10:00-21:00", "pickupType": 3, "fittingRooms": 3, "status": null }, "geometry": { "type": "Point", "coordinates": [ 4169747.266040755901486, 7515451.251855585724115 ] } },
{ "type": "Feature", "properties": { "id": 121717, "address": "г Москва, Судостроительная Улица 37/11", "workTime": "Ежедневно 10:00-21:00", "pickupType": 3, "fittingRooms": 2, "status": null }, "geometry": { "type": "Point", "coordinates": [ 4195182.545172620564699, 7495840.293686174787581 ] } },
{ "type": "Feature", "properties": { "id": 121720, "address": "г Москва, Улица Миклухо-Маклая 36а", "workTime": "Ежедневно 10:00-21:00", "pickupType": 3, "fittingRooms": 2, "status": null }, "geometry": { "type": "Point", "coordinates": [ 4178166.136490470264107, 7487151.321803692728281 ] } },
{ "type": "Feature", "properties": { "id": 122103, "address": "г Москва, Улица Академика Миллионщикова 7к1", "workTime": "Ежедневно 10:00-21:00", "pickupType": 3, "fittingRooms": 2, "status": null }, "geometry": { "type": "Point", "coordinates": [ 4191373.637475637719035, 7493496.379405623301864 ] } },
{ "type": "Feature", "properties": { "id": 122105, "address": "г Москва, Вешняковская Улица 22а", "workTime": "Ежедневно 09:00-21:00", "pickupType": 3, "fittingRooms": 2, "status": null }, "geometry": { "type": "Point", "coordinates": [ 4210340.029678014107049, 7502955.958809411153197 ] } },
{ "type": "Feature", "properties": { "id": 122115, "address": "г Москва, Камчатская Улица 4к1", "workTime": "Ежедневно 10:00-21:00", "pickupType": 3, "fittingRooms": 2, "status": null }, "geometry": { "type": "Point", "coordinates": [ 4208994.510992796160281, 7524096.850583585910499 ] } },
{ "type": "Feature", "properties": { "id": 122116, "address": "г Москва, Братиславская Улица 33", "workTime": "Ежедневно 11:00-22:00", "pickupType": 3, "fittingRooms": 2, "status": null }, "geometry": { "type": "Point", "coordinates": [ 4204530.042814532294869, 7489401.961872023530304 ] } },
{ "type": "Feature", "properties": { "id": 122120, "address": "г Москва, Улица Лескова 10в", "workTime": "Ежедневно 09:00-20:00", "pickupType": 3, "fittingRooms": 2, "status": null }, "geometry": { "type": "Point", "coordinates": [ 4185843.953089972957969, 7538061.432892799377441 ] } },
{ "type": "Feature", "properties": { "id": 122138, "address": "г Москва, Беломорская Улица 20к1", "workTime": "Ежедневно 10:00-21:00", "pickupType": 3, "fittingRooms": 4, "status": null }, "geometry": { "type": "Point", "coordinates": [ 4171713.056928675156087, 7530995.640576704405248 ] } },
{ "type": "Feature", "properties": { "id": 122306, "address": "г Москва, Вешняковская Улица 18", "workTime": "Ежедневно 11:00-22:00", "pickupType": 3, "fittingRooms": 2, "status": null }, "geometry": { "type": "Point", "coordinates": [ 4210691.910588411614299, 7503659.011147119104862 ] } },
{ "type": "Feature", "properties": { "id": 122382, "address": "г Москва, Улица Толбухина 13к1", "workTime": "Ежедневно 10:00-21:00", "pickupType": 3, "fittingRooms": 2, "status": null }, "geometry": { "type": "Point", "coordinates": [ 4163290.401616273913532, 7503529.938825909979641 ] } },
{ "type": "Feature", "properties": { "id": 122578, "address": "г Москва, Большая Академическая Улица 47к1", "workTime": "Ежедневно 10:00-21:00", "pickupType": 3, "fittingRooms": 2, "status": null }, "geometry": { "type": "Point", "coordinates": [ 4178449.444594539236277, 7525691.03002842143178 ] } },
{ "type": "Feature", "properties": { "id": 122659, "address": "г Москва, Улица Юных Ленинцев 89к1", "workTime": "Ежедневно 10:00-21:00", "pickupType": 3, "fittingRooms": 2, "status": null }, "geometry": { "type": "Point", "coordinates": [ 4205115.917294576764107, 7498779.681469231843948 ] } },
{ "type": "Feature", "properties": { "id": 122999, "address": "г Москва, Улица Корнея Чуковского 5", "workTime": "Ежедневно 10:00-21:00", "pickupType": 3, "fittingRooms": 2, "status": null }, "geometry": { "type": "Point", "coordinates": [ 4155096.396537962369621, 7486551.735169634222984 ] } },
{ "type": "Feature", "properties": { "id": 123001, "address": "г Москва, Улица Дыбенко 14к1", "workTime": "Ежедневно 10:00-21:00", "pickupType": 3, "fittingRooms": 2, "status": null }, "geometry": { "type": "Point", "coordinates": [ 4172820.463223086670041, 7532699.180920519866049 ] } },
{ "type": "Feature", "properties": { "id": 123106, "address": "г Москва, Посёлок Марьино 5", "workTime": "Ежедневно 10:00-21:00", "pickupType": 3, "fittingRooms": 3, "status": null }, "geometry": { "type": "Point", "coordinates": [ 4154821.437395704444498, 7469035.946127481758595 ] } },
{ "type": "Feature", "properties": { "id": 123142, "address": "г Москва, Старобитцевская Улица 9", "workTime": "Ежедневно 10:00-21:00", "pickupType": 3, "fittingRooms": 2, "status": null }, "geometry": { "type": "Point", "coordinates": [ 4184603.742643045727164, 7474065.46697514411062 ] } },
{ "type": "Feature", "properties": { "id": 123168, "address": "г Москва, Окская Улица 36к1", "workTime": "Ежедневно 10:00-21:00", "pickupType": 3, "fittingRooms": 2, "status": null }, "geometry": { "type": "Point", "coordinates": [ 4204718.395392953418195, 7502040.1300466991961 ] } },
{ "type": "Feature", "properties": { "id": 123170, "address": "г Москва, Улица Каховка 25", "workTime": "Ежедневно 10:00-21:00", "pickupType": 3, "fittingRooms": 3, "status": null }, "geometry": { "type": "Point", "coordinates": [ 4182748.825967956800014, 7490007.886459866538644 ] } },
{ "type": "Feature", "properties": { "id": 123171, "address": "г Москва, Улица Маршала Савицкого 8к1", "workTime": "Ежедневно 10:00-21:00", "pickupType": 3, "fittingRooms": 2, "status": null }, "geometry": { "type": "Point", "coordinates": [ 4183417.522149152122438, 7460244.160539486445487 ] } },
{ "type": "Feature", "properties": { "id": 123289, "address": "г Москва, Живописная Улица 24", "workTime": "Ежедневно 10:00-21:00", "pickupType": 3, "fittingRooms": 3, "status": null }, "geometry": { "type": "Point", "coordinates": [ 4169451.044875755906105, 7516460.738877397030592 ] } },
{ "type": "Feature", "properties": { "id": 123397, "address": "г Москва, Новокосинская Улица 47", "workTime": "Ежедневно 09:00-21:00", "pickupType": 3, "fittingRooms": 2, "status": null }, "geometry": { "type": "Point", "coordinates": [ 4216176.06530234310776, 7507592.30454623606056 ] } },
{ "type": "Feature", "properties": { "id": 123456, "address": "г Москва, 2-Я Мелитопольская Улица 21к2", "workTime": "Ежедневно 10:00-21:00", "pickupType": 3, "fittingRooms": 2, "status": null }, "geometry": { "type": "Point", "coordinates": [ 4183488.210025805514306, 7467159.497804473154247 ] } },
{ "type": "Feature", "properties": { "id": 123484, "address": "г Москва, Волгоградский Проспект 70", "workTime": "Ежедневно 10:00-21:00", "pickupType": 3, "fittingRooms": 3, "status": null }, "geometry": { "type": "Point", "coordinates": [ 4203350.056212123483419, 7500041.060038889758289 ] } },
{ "type": "Feature", "properties": { "id": 123531, "address": "г Москва, Новотушинский Проезд 6к1", "workTime": "Ежедневно 10:00-22:00", "pickupType": 3, "fittingRooms": 3, "status": null }, "geometry": { "type": "Point", "coordinates": [ 4161494.37295181537047, 7526038.332544414326549 ] } },
{ "type": "Feature", "properties": { "id": 123533, "address": "г Москва, Профсоюзная Улица 118", "workTime": "Ежедневно 10:00-21:00", "pickupType": 3, "fittingRooms": 2, "status": null }, "geometry": { "type": "Point", "coordinates": [ 4176832.974268730729818, 7486352.540696543641388 ] } },
{ "type": "Feature", "properties": { "id": 123541, "address": "г Москва, Саратовская Улица 31", "workTime": "Ежедневно 10:00-21:00", "pickupType": 3, "fittingRooms": 3, "status": null }, "geometry": { "type": "Point", "coordinates": [ 4202022.682603904046118, 7502514.236723564565182 ] } },
{ "type": "Feature", "properties": { "id": 123582, "address": "Москва,  Зеленоград к2037", "workTime": "Ежедневно 10:00-21:00", "pickupType": 4, "fittingRooms": 2, "status": null }, "geometry": { "type": "Point", "coordinates": [ 4137811.707883000839502, 7552765.487915059551597 ] } },
{ "type": "Feature", "properties": { "id": 123603, "address": "г Москва, Бартеневская Улица 57к2", "workTime": "Ежедневно 10:00-21:00", "pickupType": 3, "fittingRooms": 2, "status": null }, "geometry": { "type": "Point", "coordinates": [ 4176291.961543474346399, 7468337.807743690907955 ] } },
{ "type": "Feature", "properties": { "id": 123613, "address": "г Москва, Кленовый Бульвар 26", "workTime": "Ежедневно 10:00-21:00", "pickupType": 3, "fittingRooms": 2, "status": null }, "geometry": { "type": "Point", "coordinates": [ 4194231.208804301451892, 7494325.907894468866289 ] } },
{ "type": "Feature", "properties": { "id": 123791, "address": "г Москва, Улица Медовая Долина 5к1", "workTime": "Ежедневно 09:00-21:00", "pickupType": 3, "fittingRooms": 3, "status": null }, "geometry": { "type": "Point", "coordinates": [ 4132815.800455689430237, 7476299.693436737172306 ] } },
{ "type": "Feature", "properties": { "id": 123812, "address": "г Москва, Улица Мичуринский Проспект, Олимпийская Деревня 4к2", "workTime": "Ежедневно 10:00-21:00", "pickupType": 3, "fittingRooms": 2, "status": 3 }, "geometry": { "type": "Point", "coordinates": [ 4171045.473942387383431, 7494021.881874583661556 ] } },
{ "type": "Feature", "properties": { "id": 123814, "address": "г Москва, Улица Удальцова 42", "workTime": "Ежедневно 11:00-22:00", "pickupType": 3, "fittingRooms": 2, "status": null }, "geometry": { "type": "Point", "coordinates": [ 4173518.43643036019057, 7495700.689245142042637 ] } },
{ "type": "Feature", "properties": { "id": 124032, "address": "г Москва, Посёлок Завода Мосрентген 30", "workTime": "Ежедневно 10:00-21:00", "pickupType": 3, "fittingRooms": 2, "status": 3 }, "geometry": { "type": "Point", "coordinates": [ 4170904.877425515092909, 7483297.816856820136309 ] } },
{ "type": "Feature", "properties": { "id": 124044, "address": "г Москва, Северный Бульвар 2", "workTime": "Ежедневно 10:00-23:00", "pickupType": 3, "fittingRooms": 1, "status": null }, "geometry": { "type": "Point", "coordinates": [ 4186412.127770982217044, 7531612.577451433986425 ] } },
{ "type": "Feature", "properties": { "id": 124045, "address": "г Москва, Улица Речников 14к1", "workTime": "Ежедневно 10:00-21:00", "pickupType": 3, "fittingRooms": 2, "status": null }, "geometry": { "type": "Point", "coordinates": [ 4196020.669618803076446, 7495980.690513765439391 ] } },
{ "type": "Feature", "properties": { "id": 124179, "address": "г Москва, Дмитровское Шоссе 68", "workTime": "Ежедневно 10:00-22:00", "pickupType": 3, "fittingRooms": 2, "status": null }, "geometry": { "type": "Point", "coordinates": [ 4181134.136754000559449, 7530349.397617126815021 ] } },
{ "type": "Feature", "properties": { "id": 124261, "address": "г Москва, Новочеркасский Бульвар 55", "workTime": "Ежедневно 09:00-22:00", "pickupType": 3, "fittingRooms": 2, "status": null }, "geometry": { "type": "Point", "coordinates": [ 4201465.973830446600914, 7488896.699328566901386 ] } },
{ "type": "Feature", "properties": { "id": 124264, "address": "г Москва, Кронштадтский Бульвар 30", "workTime": "Ежедневно 09:00-20:00", "pickupType": 3, "fittingRooms": 3, "status": null }, "geometry": { "type": "Point", "coordinates": [ 4175737.701798814814538, 7528605.327855501323938 ] } },
{ "type": "Feature", "properties": { "id": 124300, "address": "г Москва, Новогиреевская Улица 29к1", "workTime": "Ежедневно 10:00-21:00", "pickupType": 3, "fittingRooms": 2, "status": null }, "geometry": { "type": "Point", "coordinates": [ 4207678.269333656877279, 7509769.7839390700683 ] } },
{ "type": "Feature", "properties": { "id": 124364, "address": "г Москва, Долгопрудная Аллея 15к1", "workTime": "Ежедневно 10:00-21:00", "pickupType": 3, "fittingRooms": 2, "status": null }, "geometry": { "type": "Point", "coordinates": [ 4177781.750288760755211, 7546703.430149341002107 ] } },
{ "type": "Feature", "properties": { "id": 124496, "address": "г Москва, Улица Тёплый Стан 10", "workTime": "Ежедневно 10:00-21:00", "pickupType": 3, "fittingRooms": 2, "status": null }, "geometry": { "type": "Point", "coordinates": [ 4172905.066036089323461, 7484889.703379007987678 ] } },
{ "type": "Feature", "properties": { "id": 124665, "address": "г Москва, Зеленоградская Улица 17к1", "workTime": "Ежедневно 10:00-21:00", "pickupType": 3, "fittingRooms": 2, "status": null }, "geometry": { "type": "Point", "coordinates": [ 4174411.107427031267434, 7532693.228685707785189 ] } },
{ "type": "Feature", "properties": { "id": 124666, "address": "г Москва, Дубравная Улица 40", "workTime": "Ежедневно 10:00-21:00", "pickupType": 3, "fittingRooms": 3, "status": null }, "geometry": { "type": "Point", "coordinates": [ 4158265.551121356897056, 7527345.4165766146034 ] } },
{ "type": "Feature", "properties": { "id": 124677, "address": "г Москва, Зарайская Улица 26", "workTime": "Ежедневно 11:00-22:00", "pickupType": 3, "fittingRooms": 2, "status": null }, "geometry": { "type": "Point", "coordinates": [ 4204513.567529894411564, 7504763.82411181833595 ] } },
{ "type": "Feature", "properties": { "id": 124681, "address": "г Москва, Нижегородская Улица 70к1", "workTime": "Ежедневно 10:00-21:00", "pickupType": 3, "fittingRooms": 3, "status": null }, "geometry": { "type": "Point", "coordinates": [ 4197684.985729672946036, 7505610.360176814720035 ] } },
{ "type": "Feature", "properties": { "id": 124690, "address": "г Москва, Петровско-Разумовский Проезд 24к5", "workTime": "Ежедневно 10:00-21:00", "pickupType": 3, "fittingRooms": 4, "status": null }, "geometry": { "type": "Point", "coordinates": [ 4181746.505272854585201, 7519412.152582028880715 ] } },
{ "type": "Feature", "properties": { "id": 124759, "address": "г Москва, Открытое Шоссе 17с13", "workTime": "Ежедневно 10:00-21:00", "pickupType": 3, "fittingRooms": 4, "status": null }, "geometry": { "type": "Point", "coordinates": [ 4202788.449381071142852, 7523217.745063412934542 ] } },
{ "type": "Feature", "properties": { "id": 124761, "address": "г Москва, Никулинская Улица 11", "workTime": "Ежедневно 10:00-21:00", "pickupType": 3, "fittingRooms": 2, "status": null }, "geometry": { "type": "Point", "coordinates": [ 4169337.053717182949185, 7491959.164247927255929 ] } },
{ "type": "Feature", "properties": { "id": 124818, "address": "г Москва, Мосфильмовская Улица 27", "workTime": "Ежедневно 10:00-21:00", "pickupType": 3, "fittingRooms": 2, "status": null }, "geometry": { "type": "Point", "coordinates": [ 4175977.706620965152979, 7501471.003340974450111 ] } },
{ "type": "Feature", "properties": { "id": 124825, "address": "г Москва, Улица Конёнкова 19", "workTime": "Ежедневно 10:00-21:00", "pickupType": 3, "fittingRooms": 3, "status": null }, "geometry": { "type": "Point", "coordinates": [ 4186808.870436168741435, 7537236.319696487858891 ] } },
{ "type": "Feature", "properties": { "id": 124827, "address": "г Москва, Кировоградская Улица 11с1", "workTime": "Ежедневно 10:00-21:00", "pickupType": 3, "fittingRooms": 4, "status": null }, "geometry": { "type": "Point", "coordinates": [ 4186373.945185639895499, 7482045.673836298286915 ] } },
{ "type": "Feature", "properties": { "id": 124829, "address": "г Москва, Микрорайон Родники 3", "workTime": "Ежедневно 10:00-21:00", "pickupType": 3, "fittingRooms": 3, "status": null }, "geometry": { "type": "Point", "coordinates": [ 4179465.234948027879, 7453625.251624723896384 ] } },
{ "type": "Feature", "properties": { "id": 124896, "address": "г Москва, Ангарская Улица 22к1", "workTime": "Ежедневно 10:00-21:00", "pickupType": 3, "fittingRooms": 3, "status": null }, "geometry": { "type": "Point", "coordinates": [ 4176456.046472903806716, 7533778.198650867678225 ] } },
{ "type": "Feature", "properties": { "id": 125172, "address": "г Москва, Каширское Шоссе 11к4", "workTime": "Ежедневно 10:00-21:00", "pickupType": 3, "fittingRooms": 3, "status": null }, "geometry": { "type": "Point", "coordinates": [ 4189195.003721323329955, 7492547.130679182708263 ] } },
{ "type": "Feature", "properties": { "id": 125173, "address": "г Москва, Озёрная Улица 2к2", "workTime": "Ежедневно 10:00-21:00", "pickupType": 3, "fittingRooms": 2, "status": null }, "geometry": { "type": "Point", "coordinates": [ 4171137.980439237318933, 7496758.744518932886422 ] } },
{ "type": "Feature", "properties": { "id": 125201, "address": "г Москва, Кантемировская Улица 20к1", "workTime": "Ежедневно 10:00-21:00", "pickupType": 3, "fittingRooms": 2, "status": null }, "geometry": { "type": "Point", "coordinates": [ 4192347.683020079042763, 7486829.827131998725235 ] } },
{ "type": "Feature", "properties": { "id": 125303, "address": "г Москва, Петровско-Разумовский Проезд 16", "workTime": "Ежедневно 10:00-21:00", "pickupType": 3, "fittingRooms": 5, "status": null }, "geometry": { "type": "Point", "coordinates": [ 4182100.946531540248543, 7518315.538042578846216 ] } },
{ "type": "Feature", "properties": { "id": 125305, "address": "г Москва, Багратионовский Проезд 3", "workTime": "Ежедневно 10:00-21:00", "pickupType": 3, "fittingRooms": 2, "status": null }, "geometry": { "type": "Point", "coordinates": [ 4175571.390479570254683, 7507799.958425885997713 ] } },
{ "type": "Feature", "properties": { "id": 125485, "address": "г Москва, Вешняковская Улица 13а", "workTime": "Ежедневно 10:00-22:00", "pickupType": 3, "fittingRooms": 4, "status": null }, "geometry": { "type": "Point", "coordinates": [ 4211223.12719847727567, 7506019.656149697490036 ] } },
{ "type": "Feature", "properties": { "id": 125583, "address": "г Москва, Загорьевская Улица 5", "workTime": "Ежедневно 10:00-21:00", "pickupType": 3, "fittingRooms": 3, "status": null }, "geometry": { "type": "Point", "coordinates": [ 4194254.363258386496454, 7475486.474498691037297 ] } },
{ "type": "Feature", "properties": { "id": 125944, "address": "Москва, Новохорошёвский проезд 20", "workTime": "Ежедневно 10:00-21:00", "pickupType": 4, "fittingRooms": 2, "status": null }, "geometry": { "type": "Point", "coordinates": [ 4173715.360609573312104, 7514435.36496639624238 ] } },
{ "type": "Feature", "properties": { "id": 126006, "address": "г Москва, Каширское Шоссе 122", "workTime": "Ежедневно 10:00-21:00", "pickupType": 3, "fittingRooms": 2, "status": null }, "geometry": { "type": "Point", "coordinates": [ 4198557.529494491405785, 7479946.345140452496707 ] } },
{ "type": "Feature", "properties": { "id": 126167, "address": "г Москва, Улица Обручева 6", "workTime": "Ежедневно 10:00-21:00", "pickupType": 3, "fittingRooms": 2, "status": null }, "geometry": { "type": "Point", "coordinates": [ 4175735.141450526658446, 7491123.180281252600253 ] } },
{ "type": "Feature", "properties": { "id": 126343, "address": "г Москва, Улица Багрицкого 8", "workTime": "Ежедневно 09:00-21:00", "pickupType": 3, "fittingRooms": 2, "status": 3 }, "geometry": { "type": "Point", "coordinates": [ 4167376.494845332577825, 7503524.799697004258633 ] } },
{ "type": "Feature", "properties": { "id": 126473, "address": "г Москва, Омская Улица 16", "workTime": "Ежедневно 10:00-21:00", "pickupType": 3, "fittingRooms": 2, "status": null }, "geometry": { "type": "Point", "coordinates": [ 4148256.593065151944757, 7483314.179640259593725 ] } },
{ "type": "Feature", "properties": { "id": 126474, "address": "г Москва, Старомарьинское Шоссе 22", "workTime": "Ежедневно 10:00-22:00", "pickupType": 3, "fittingRooms": 2, "status": null }, "geometry": { "type": "Point", "coordinates": [ 4187076.037214072421193, 7520029.945787752047181 ] } },
{ "type": "Feature", "properties": { "id": 126696, "address": "г Москва, Улица Авиаконструктора Миля 14", "workTime": "Ежедневно 10:00-21:00", "pickupType": 3, "fittingRooms": 4, "status": null }, "geometry": { "type": "Point", "coordinates": [ 4214059.993101852945983, 7495433.729929980821908 ] } },
{ "type": "Feature", "properties": { "id": 126732, "address": "г Москва, Омская Улица 7а", "workTime": "Ежедневно 10:00-21:00", "pickupType": 3, "fittingRooms": 2, "status": 3 }, "geometry": { "type": "Point", "coordinates": [ 4148118.222938096150756, 7482259.935183217749 ] } },
{ "type": "Feature", "properties": { "id": 126756, "address": "Москва,  Большая Марфинская улица 4к7", "workTime": "Ежедневно 08:00-22:00", "pickupType": 4, "fittingRooms": null, "status": null }, "geometry": { "type": "Point", "coordinates": [ 4185345.687049182597548, 7524125.191315858624876 ] } },
{ "type": "Feature", "properties": { "id": 126915, "address": "г Москва, Измайловский Проезд 10к3", "workTime": "Ежедневно 10:00-21:00", "pickupType": 3, "fittingRooms": 2, "status": null }, "geometry": { "type": "Point", "coordinates": [ 4204822.145158373750746, 7517615.109339162707329 ] } },
{ "type": "Feature", "properties": { "id": 126955, "address": "г Москва, Херсонская Улица 20к3", "workTime": "Ежедневно 10:00-21:00", "pickupType": 3, "fittingRooms": 2, "status": null }, "geometry": { "type": "Point", "coordinates": [ 4181692.737958800978959, 7489690.021689105778933 ] } },
{ "type": "Feature", "properties": { "id": 126959, "address": "г Москва, Улица Симоновский Вал 9", "workTime": "Ежедневно 11:00-22:00", "pickupType": 3, "fittingRooms": 2, "status": null }, "geometry": { "type": "Point", "coordinates": [ 4192787.283689221832901, 7504143.496343578211963 ] } },
{ "type": "Feature", "properties": { "id": 127408, "address": "Россия, г Москва, Дмитровское Шоссе 169к9", "workTime": "Ежедневно 09:00-21:00", "pickupType": 3, "fittingRooms": 2, "status": null }, "geometry": { "type": "Point", "coordinates": [ 4179111.127647814806551, 7544559.408834774978459 ] } },
{ "type": "Feature", "properties": { "id": 127409, "address": "г Москва, Улица Ибрагимова 5а", "workTime": "Ежедневно 10:00-21:00", "pickupType": 3, "fittingRooms": 2, "status": null }, "geometry": { "type": "Point", "coordinates": [ 4200149.28689334448427, 7514691.699485214427114 ] } },
{ "type": "Feature", "properties": { "id": 127417, "address": "г Москва, Вяземская Улица 16", "workTime": "Ежедневно 10:00-21:00", "pickupType": 3, "fittingRooms": 2, "status": null }, "geometry": { "type": "Point", "coordinates": [ 4163807.258012027479708, 7501277.74694035295397 ] } },
{ "type": "Feature", "properties": { "id": 127490, "address": "Россия, г Москва, Профсоюзная Улица 56", "workTime": "Ежедневно 10:00-21:00", "pickupType": 3, "fittingRooms": 2, "status": null }, "geometry": { "type": "Point", "coordinates": [ 4180358.685181135311723, 7493069.015519577078521 ] } },
{ "type": "Feature", "properties": { "id": 127509, "address": "г Москва, Улица Академика Миллионщикова 19", "workTime": "Ежедневно 09:00-21:00", "pickupType": 3, "fittingRooms": 2, "status": null }, "geometry": { "type": "Point", "coordinates": [ 4191018.973577971104532, 7492687.66503366176039 ] } },
{ "type": "Feature", "properties": { "id": 127540, "address": "Россия, г Москва, Осенний Бульвар 20к1", "workTime": "Ежедневно 10:00-21:00", "pickupType": 3, "fittingRooms": 2, "status": null }, "geometry": { "type": "Point", "coordinates": [ 4164285.263905494008213, 7511480.116623064503074 ] } },
{ "type": "Feature", "properties": { "id": 127549, "address": "г Москва, Ангелов Переулок 9", "workTime": "Ежедневно 10:00-21:00", "pickupType": 3, "fittingRooms": 3, "status": null }, "geometry": { "type": "Point", "coordinates": [ 4157425.534243830479681, 7528910.124868238344789 ] } },
{ "type": "Feature", "properties": { "id": 127555, "address": "г Москва, Улица Генерала Антонова 3а", "workTime": "Ежедневно 10:00-21:00", "pickupType": 3, "fittingRooms": 2, "status": null }, "geometry": { "type": "Point", "coordinates": [ 4178286.027582054957747, 7488292.045500298030674 ] } },
{ "type": "Feature", "properties": { "id": 127578, "address": "г Москва, Бачуринская Улица 11ак2", "workTime": "Ежедневно 10:00-21:00", "pickupType": 3, "fittingRooms": 3, "status": null }, "geometry": { "type": "Point", "coordinates": [ 4172578.565969592425972, 7474847.0281803580001 ] } },
{ "type": "Feature", "properties": { "id": 127579, "address": "г Москва, Улица Марьинский Парк 39к1", "workTime": "Ежедневно 10:00-21:00", "pickupType": 3, "fittingRooms": 2, "status": null }, "geometry": { "type": "Point", "coordinates": [ 4206895.470674398355186, 7492732.273383066058159 ] } },
{ "type": "Feature", "properties": { "id": 127984, "address": "г Москва, Скандинавский Бульвар 3к2", "workTime": "Ежедневно 10:00-21:00", "pickupType": 3, "fittingRooms": 2, "status": null }, "geometry": { "type": "Point", "coordinates": [ 4174329.955518242903054, 7472825.449572501704097 ] } },
{ "type": "Feature", "properties": { "id": 128036, "address": "г Москва, Алтуфьевское Шоссе 56", "workTime": "Ежедневно 10:00-21:00", "pickupType": 3, "fittingRooms": 2, "status": null }, "geometry": { "type": "Point", "coordinates": [ 4184261.991806310135871, 7534718.44432629738003 ] } },
{ "type": "Feature", "properties": { "id": 128200, "address": "г Москва, Улица Александры Монаховой 90к1", "workTime": "Ежедневно 10:00-21:00", "pickupType": 3, "fittingRooms": 4, "status": null }, "geometry": { "type": "Point", "coordinates": [ 4172628.882379431277514, 7468177.84296809323132 ] } },
{ "type": "Feature", "properties": { "id": 128345, "address": "Россия, г Москва, Боровское Шоссе 2ак1", "workTime": "Ежедневно 10:00-21:00", "pickupType": 3, "fittingRooms": 2, "status": null }, "geometry": { "type": "Point", "coordinates": [ 4164932.030147002544254, 7491301.973778547719121 ] } },
{ "type": "Feature", "properties": { "id": 128347, "address": "г Москва, Енисейская Улица 28к2", "workTime": "Ежедневно 10:00-21:00", "pickupType": 3, "fittingRooms": 2, "status": null }, "geometry": { "type": "Point", "coordinates": [ 4193254.380272590089589, 7532726.9580771131441 ] } },
{ "type": "Feature", "properties": { "id": 128437, "address": "Россия, г Москва, Воронежская Улица 36к1", "workTime": "пн, вт, ср, чт, пт, сб 10:00-21:00 вс 10:00-20:00", "pickupType": 3, "fittingRooms": 2, "status": null }, "geometry": { "type": "Point", "coordinates": [ 4201170.197943408973515, 7481246.631922133266926 ] } },
{ "type": "Feature", "properties": { "id": 128607, "address": "г Москва, Посёлок Воскресенское 40к1", "workTime": "Ежедневно 10:00-21:00", "pickupType": 3, "fittingRooms": 2, "status": null }, "geometry": { "type": "Point", "coordinates": [ 4169043.170261488761753, 7466071.653490236029029 ] } },
{ "type": "Feature", "properties": { "id": 128870, "address": "г Москва, Волоколамское Шоссе 15/22", "workTime": "Ежедневно 10:00-21:00", "pickupType": 3, "fittingRooms": 2, "status": null }, "geometry": { "type": "Point", "coordinates": [ 4173875.326717843301594, 7520404.329975173808634 ] } },
{ "type": "Feature", "properties": { "id": 128952, "address": "г Москва, Улица Хромова 7/1к1", "workTime": "Ежедневно 10:00-21:00", "pickupType": 3, "fittingRooms": 3, "status": null }, "geometry": { "type": "Point", "coordinates": [ 4198934.123331844806671, 7518809.064605235122144 ] } },
{ "type": "Feature", "properties": { "id": 129208, "address": "Москва Москва, Новомосковский административный округ Скандинавский бульвар 6", "workTime": "Ежедневно 10:00-21:00", "pickupType": 4, "fittingRooms": null, "status": null }, "geometry": { "type": "Point", "coordinates": [ 4174228.988740094006062, 7472544.514224065467715 ] } },
{ "type": "Feature", "properties": { "id": 129233, "address": "Россия, г Москва, г Зеленоград, Зеленоград к1131е", "workTime": "Ежедневно 10:00-21:00", "pickupType": 3, "fittingRooms": 2, "status": null }, "geometry": { "type": "Point", "coordinates": [ 4137804.026838136371225, 7557138.716999610885978 ] } },
{ "type": "Feature", "properties": { "id": 129310, "address": "г Москва, Вольная Улица 28/4к3", "workTime": "Ежедневно 10:00-21:00", "pickupType": 3, "fittingRooms": 2, "status": null }, "geometry": { "type": "Point", "coordinates": [ 4200820.543422827497125, 7513689.173199110664427 ] } },
{ "type": "Feature", "properties": { "id": 129312, "address": "г Москва, Саларьевская Улица 9", "workTime": "Ежедневно 10:00-21:00", "pickupType": 3, "fittingRooms": 2, "status": null }, "geometry": { "type": "Point", "coordinates": [ 4165203.872343519702554, 7482431.821624863892794 ] } },
{ "type": "Feature", "properties": { "id": 129418, "address": "г Москва, Улица Маршала Савицкого 24к1", "workTime": "Ежедневно 10:00-21:00", "pickupType": 3, "fittingRooms": 2, "status": null }, "geometry": { "type": "Point", "coordinates": [ 4184816.474189951550215, 7460346.762905421666801 ] } },
{ "type": "Feature", "properties": { "id": 129539, "address": "Москва,  Ангарская улица 51к2", "workTime": "Ежедневно 08:00-22:00", "pickupType": 4, "fittingRooms": null, "status": null }, "geometry": { "type": "Point", "coordinates": [ 4177460.593557822518051, 7534972.675665121525526 ] } },
{ "type": "Feature", "properties": { "id": 129685, "address": "г Москва, Улица Обручева 28к1", "workTime": "Ежедневно 10:00-21:00", "pickupType": 3, "fittingRooms": 2, "status": null }, "geometry": { "type": "Point", "coordinates": [ 4176382.909567452501506, 7490369.175088106654584 ] } },
{ "type": "Feature", "properties": { "id": 130297, "address": "г Москва, Улица Александры Монаховой 5к2", "workTime": "Ежедневно 10:00-21:00", "pickupType": 3, "fittingRooms": 2, "status": null }, "geometry": { "type": "Point", "coordinates": [ 4171486.967042873613536, 7474357.878585078753531 ] } },
{ "type": "Feature", "properties": { "id": 130584, "address": "г Москва, Улица Лобачевского 118к2", "workTime": "Ежедневно 10:00-21:00", "pickupType": 3, "fittingRooms": 2, "status": null }, "geometry": { "type": "Point", "coordinates": [ 4171283.029735740274191, 7497838.868724590167403 ] } },
{ "type": "Feature", "properties": { "id": 130666, "address": "Москва, Люблинская улица 59", "workTime": "Ежедневно 10:00-21:00", "pickupType": null, "fittingRooms": null, "status": null }, "geometry": { "type": "Point", "coordinates": [ 4200997.207454716786742, 7496006.756028519012034 ] } },
{ "type": "Feature", "properties": { "id": 130940, "address": "г Москва, Левобережная Улица 4к16", "workTime": "Ежедневно 10:00-21:00", "pickupType": 3, "fittingRooms": 2, "status": null }, "geometry": { "type": "Point", "coordinates": [ 4171724.968114189337939, 7532786.282482571899891 ] } },
{ "type": "Feature", "properties": { "id": 131046, "address": "г Москва, Рублёвское Шоссе 11к2", "workTime": "Ежедневно 10:00-21:00", "pickupType": 3, "fittingRooms": 2, "status": null }, "geometry": { "type": "Point", "coordinates": [ 4169008.995177815668285, 7504837.958394423127174 ] } },
{ "type": "Feature", "properties": { "id": 131209, "address": "г Москва, Щербаковская Улица 20", "workTime": "Ежедневно 10:00-21:00", "pickupType": 3, "fittingRooms": 2, "status": null }, "geometry": { "type": "Point", "coordinates": [ 4199604.934583364985883, 7515142.037511616013944 ] } },
{ "type": "Feature", "properties": { "id": 131307, "address": "Московский Москва, Новомосковский административный округ улица Никитина 2", "workTime": "Ежедневно 09:00-22:00", "pickupType": 4, "fittingRooms": null, "status": null }, "geometry": { "type": "Point", "coordinates": [ 4158544.740404265467077, 7480079.359282319433987 ] } },
{ "type": "Feature", "properties": { "id": 131465, "address": "г Москва, Южнопортовая Улица 19", "workTime": "Ежедневно 10:00-21:00", "pickupType": 3, "fittingRooms": 3, "status": null }, "geometry": { "type": "Point", "coordinates": [ 4195075.567141967825592, 7500056.47047967184335 ] } },
{ "type": "Feature", "properties": { "id": 131493, "address": "г Москва, Синявинская Улица 11к4", "workTime": "Ежедневно 10:00-21:00", "pickupType": 3, "fittingRooms": 4, "status": null }, "geometry": { "type": "Point", "coordinates": [ 4157172.505041257478297, 7547932.31812612619251 ] } },
{ "type": "Feature", "properties": { "id": 131503, "address": "г Москва, Новокосинская Улица 19", "workTime": "Ежедневно 10:00-21:00", "pickupType": 3, "fittingRooms": 2, "status": null }, "geometry": { "type": "Point", "coordinates": [ 4214390.83462849073112, 7506842.028430510312319 ] } },
{ "type": "Feature", "properties": { "id": 131521, "address": "г Москва, Улица Маршала Рыбалко 2к6", "workTime": "Ежедневно 10:00-22:00", "pickupType": 3, "fittingRooms": 2, "status": null }, "geometry": { "type": "Point", "coordinates": [ 4173993.993295029271394, 7518330.588947552256286 ] } },
{ "type": "Feature", "properties": { "id": 131735, "address": "г Москва, Улица Тёплый Стан 1а", "workTime": "Ежедневно 10:00-21:00", "pickupType": 3, "fittingRooms": 3, "status": null }, "geometry": { "type": "Point", "coordinates": [ 4174567.288672614842653, 7483042.128223300911486 ] } },
{ "type": "Feature", "properties": { "id": 131769, "address": "г Москва, Улица Татьянин Парк 19к2", "workTime": "Ежедневно 10:00-21:00", "pickupType": 3, "fittingRooms": 2, "status": 3 }, "geometry": { "type": "Point", "coordinates": [ 4166366.159146892372519, 7490517.760186699219048 ] } },
{ "type": "Feature", "properties": { "id": 131804, "address": "г Москва, Рабочая Улица 9", "workTime": "Ежедневно 10:00-21:00", "pickupType": 3, "fittingRooms": 4, "status": null }, "geometry": { "type": "Point", "coordinates": [ 4136142.026840592268854, 7467526.015793260186911 ] } },
{ "type": "Feature", "properties": { "id": 132053, "address": "г Москва, Лазурная Улица 6", "workTime": "Ежедневно 10:00-21:00", "pickupType": 3, "fittingRooms": 2, "status": null }, "geometry": { "type": "Point", "coordinates": [ 4171342.919621787499636, 7473118.601823100820184 ] } },
{ "type": "Feature", "properties": { "id": 132295, "address": "г Москва, Улица Стромынка 16", "workTime": "Ежедневно 10:00-21:00", "pickupType": 3, "fittingRooms": 2, "status": null }, "geometry": { "type": "Point", "coordinates": [ 4196007.979196853004396, 7517391.745963739231229 ] } },
{ "type": "Feature", "properties": { "id": 132302, "address": "г Москва, Химкинский Бульвар 17", "workTime": "Ежедневно 10:00-21:00", "pickupType": 3, "fittingRooms": 3, "status": null }, "geometry": { "type": "Point", "coordinates": [ 4168488.576558357104659, 7528579.350268092006445 ] } },
{ "type": "Feature", "properties": { "id": 132350, "address": "г Москва, Погонный Проезд 14к2", "workTime": "Ежедневно 10:00-22:00", "pickupType": 3, "fittingRooms": 4, "status": null }, "geometry": { "type": "Point", "coordinates": [ 4197897.627553068101406, 7522537.081851914525032 ] } },
{ "type": "Feature", "properties": { "id": 132429, "address": "г. Москва, 3-я Нововатутинская улица, д. 8", "workTime": "Ежедневно 09:00-21:00", "pickupType": 4, "fittingRooms": 5, "status": null }, "geometry": { "type": "Point", "coordinates": [ 4157531.955677029676735, 7463929.263898214325309 ] } },
{ "type": "Feature", "properties": { "id": 132652, "address": "г Москва, Измайловский Проезд 13", "workTime": "Ежедневно 10:00-21:00", "pickupType": 3, "fittingRooms": 2, "status": null }, "geometry": { "type": "Point", "coordinates": [ 4204157.567798337899148, 7518786.288807867094874 ] } },
{ "type": "Feature", "properties": { "id": 132822, "address": "г Москва, Дмитровское Шоссе 165ек12", "workTime": "Ежедневно 10:00-21:00", "pickupType": 3, "fittingRooms": 2, "status": null }, "geometry": { "type": "Point", "coordinates": [ 4179541.266160239931196, 7544050.321301019750535 ] } },
{ "type": "Feature", "properties": { "id": 133091, "address": "г Москва, Проспект Мира 124к2", "workTime": "Ежедневно 10:00-21:00", "pickupType": 3, "fittingRooms": 3, "status": null }, "geometry": { "type": "Point", "coordinates": [ 4190027.673512456472963, 7521943.854107622988522 ] } },
{ "type": "Feature", "properties": { "id": 133432, "address": "г Москва, Большая Почтовая Улица 1/33", "workTime": "Ежедневно 10:00-21:00", "pickupType": 3, "fittingRooms": 2, "status": null }, "geometry": { "type": "Point", "coordinates": [ 4195358.429968073964119, 7513480.37118698656559 ] } },
{ "type": "Feature", "properties": { "id": 133582, "address": "г Москва, Проспект Куприна 34к2", "workTime": "Ежедневно 10:00-21:00", "pickupType": 3, "fittingRooms": 3, "status": null }, "geometry": { "type": "Point", "coordinates": [ 4169502.14052202925086, 7467629.69848279748112 ] } },
{ "type": "Feature", "properties": { "id": 133609, "address": "г Москва, Улица Поляны 5", "workTime": "Ежедневно 10:00-21:00", "pickupType": 3, "fittingRooms": 3, "status": null }, "geometry": { "type": "Point", "coordinates": [ 4180529.226641030050814, 7470682.172925231046975 ] } },
{ "type": "Feature", "properties": { "id": 133632, "address": "г Москва, 9-Я Северная Линия 25к3", "workTime": "Ежедневно 10:00-21:00", "pickupType": 3, "fittingRooms": 2, "status": null }, "geometry": { "type": "Point", "coordinates": [ 4180537.686922330409288, 7545047.067567249760032 ] } },
{ "type": "Feature", "properties": { "id": 133813, "address": "г Москва, Улица Руднёвка 23", "workTime": "Ежедневно 10:00-21:00", "pickupType": 3, "fittingRooms": 2, "status": null }, "geometry": { "type": "Point", "coordinates": [ 4217755.577557208947837, 7502229.453022252768278 ] } },
{ "type": "Feature", "properties": { "id": 133981, "address": "г Москва, Улица Егора Абакумова 9", "workTime": "Ежедневно 09:00-21:00", "pickupType": 3, "fittingRooms": 3, "status": null }, "geometry": { "type": "Point", "coordinates": [ 4198353.369548376649618, 7534353.286746397614479 ] } },
{ "type": "Feature", "properties": { "id": 134258, "address": "г Москва, Варшавское Шоссе вл132с2", "workTime": "Ежедневно 10:00-21:00", "pickupType": 3, "fittingRooms": 2, "status": null }, "geometry": { "type": "Point", "coordinates": [ 4186612.280215428210795, 7483191.952456538565457 ] } },
{ "type": "Feature", "properties": { "id": 134530, "address": "г Москва, г Зеленоград, Центральный пр-кт, к 438 ", "workTime": "Ежедневно 10:00-21:00", "pickupType": 4, "fittingRooms": 2, "status": null }, "geometry": { "type": "Point", "coordinates": [ 4142529.984500273596495, 7557152.84875874593854 ] } },
{ "type": "Feature", "properties": { "id": 134618, "address": "г Москва, Уральская Улица 6к1", "workTime": "Ежедневно 10:00-21:00", "pickupType": 3, "fittingRooms": 2, "status": null }, "geometry": { "type": "Point", "coordinates": [ 4207794.709521026350558, 7521700.156537806615233 ] } },
{ "type": "Feature", "properties": { "id": 134638, "address": "г Москва, Братиславская Улица 16к1", "workTime": "Ежедневно 11:00-22:00", "pickupType": 3, "fittingRooms": 2, "status": null }, "geometry": { "type": "Point", "coordinates": [ 4203215.025669790804386, 7490752.384442170150578 ] } },
{ "type": "Feature", "properties": { "id": 134875, "address": "г Москва, Люблинская Улица 4к1а", "workTime": "Ежедневно 10:00-21:00", "pickupType": 3, "fittingRooms": 3, "status": null }, "geometry": { "type": "Point", "coordinates": [ 4200218.304977635852993, 7500560.487876386381686 ] } },
{ "type": "Feature", "properties": { "id": 135176, "address": "г Москва, Улица Молостовых 10г", "workTime": "Ежедневно 10:00-21:00", "pickupType": 3, "fittingRooms": 2, "status": null }, "geometry": { "type": "Point", "coordinates": [ 4211235.594981446862221, 7510304.11089504044503 ] } },
{ "type": "Feature", "properties": { "id": 135295, "address": "г Москва, Жилой Комплекс Бутово Парк 4", "workTime": "Ежедневно 10:00-21:00", "pickupType": 3, "fittingRooms": 4, "status": null }, "geometry": { "type": "Point", "coordinates": [ 4184416.837218003347516, 7469014.497307691723108 ] } },
{ "type": "Feature", "properties": { "id": 135310, "address": "г Москва, Загорьевский Проезд 1", "workTime": "Ежедневно 10:00-21:00", "pickupType": 3, "fittingRooms": 3, "status": null }, "geometry": { "type": "Point", "coordinates": [ 4192673.181211158633232, 7474944.901198646053672 ] } },
{ "type": "Feature", "properties": { "id": 135315, "address": "г Москва, Проезд Дежнёва 26", "workTime": "Ежедневно 10:00-21:00", "pickupType": 3, "fittingRooms": 2, "status": null }, "geometry": { "type": "Point", "coordinates": [ 4189432.559514675755054, 7532887.472321796230972 ] } },
{ "type": "Feature", "properties": { "id": 135319, "address": "г Москва, Долгопрудная Аллея 15к4", "workTime": "Ежедневно 10:00-21:00", "pickupType": 3, "fittingRooms": 3, "status": null }, "geometry": { "type": "Point", "coordinates": [ 4177440.333410497289151, 7546543.82030423451215 ] } },
{ "type": "Feature", "properties": { "id": 135351, "address": "г Москва, Пятницкая Улица 41с2", "workTime": "Ежедневно 09:00-21:00", "pickupType": 3, "fittingRooms": 4, "status": null }, "geometry": { "type": "Point", "coordinates": [ 4188801.266682386863977, 7506380.310674736276269 ] } },
{ "type": "Feature", "properties": { "id": 135486, "address": "г Москва, Боровское Шоссе 2к4", "workTime": "Ежедневно 10:00-21:00", "pickupType": 3, "fittingRooms": 2, "status": null }, "geometry": { "type": "Point", "coordinates": [ 4165803.995718386955559, 7491323.48453339189291 ] } },
{ "type": "Feature", "properties": { "id": 136641, "address": "Москва, Москва, Малая Филёвская улица, 38", "workTime": "Ежедневно 08:00-22:00", "pickupType": 4, "fittingRooms": 2, "status": null }, "geometry": { "type": "Point", "coordinates": [ 4169429.226255559828132, 7505807.107237050309777 ] } },
{ "type": "Feature", "properties": { "id": 136766, "address": "г Москва, Верхняя Красносельская Улица 3с1", "workTime": "Ежедневно 10:00-21:00", "pickupType": 3, "fittingRooms": 3, "status": null }, "geometry": { "type": "Point", "coordinates": [ 4192270.538612959440798, 7515853.328225917182863 ] } },
{ "type": "Feature", "properties": { "id": 136997, "address": "г Москва, Посёлок Знамя Октября 31с2", "workTime": "Ежедневно 10:00-21:00", "pickupType": 3, "fittingRooms": 7, "status": null }, "geometry": { "type": "Point", "coordinates": [ 4179121.591679948847741, 7454257.643434226512909 ] } },
{ "type": "Feature", "properties": { "id": 137075, "address": "г Москва, Днепропетровская Улица 5к4", "workTime": "Ежедневно 10:00-21:00", "pickupType": 3, "fittingRooms": 2, "status": null }, "geometry": { "type": "Point", "coordinates": [ 4185421.050344449467957, 7483005.2640216993168 ] } },
{ "type": "Feature", "properties": { "id": 137146, "address": "г Москва, 2-Я Парковая Улица 11", "workTime": "Ежедневно 10:00-21:00", "pickupType": 3, "fittingRooms": 2, "status": null }, "geometry": { "type": "Point", "coordinates": [ 4205587.355338087305427, 7516847.621836931444705 ] } },
{ "type": "Feature", "properties": { "id": 137158, "address": "г Москва, Большая Калитниковская Улица 38", "workTime": "Ежедневно 10:00-22:00", "pickupType": 3, "fittingRooms": 3, "status": null }, "geometry": { "type": "Point", "coordinates": [ 4195191.784690355882049, 7505986.636539209634066 ] } },
{ "type": "Feature", "properties": { "id": 137168, "address": "г Москва, Киевское Шоссе, 22-Й Километр 6с1", "workTime": "пн - пт 09:00-20:00 сб, вс 09:00-19:00", "pickupType": 3, "fittingRooms": 2, "status": null }, "geometry": { "type": "Point", "coordinates": [ 4166925.984866091515869, 7485788.71012247633189 ] } },
{ "type": "Feature", "properties": { "id": 137190, "address": "г Москва, Сторожевая Улица 29", "workTime": "Ежедневно 10:00-21:00", "pickupType": 3, "fittingRooms": 4, "status": null }, "geometry": { "type": "Point", "coordinates": [ 4198516.007324424572289, 7511797.692650222219527 ] } },
{ "type": "Feature", "properties": { "id": 137330, "address": "г Москва, Улица Фабрициуса 30", "workTime": "Ежедневно 10:00-21:00", "pickupType": 3, "fittingRooms": 2, "status": null }, "geometry": { "type": "Point", "coordinates": [ 4167625.739185218233615, 7527400.139322482980788 ] } },
{ "type": "Feature", "properties": { "id": 137384, "address": "г Москва, Тайнинская Улица 9", "workTime": "Ежедневно 09:00-21:00", "pickupType": 3, "fittingRooms": 2, "status": null }, "geometry": { "type": "Point", "coordinates": [ 4194770.217778722755611, 7535039.956088396720588 ] } },
{ "type": "Feature", "properties": { "id": 137622, "address": "г Москва, Синявинская Улица 11к16", "workTime": "Ежедневно 10:00-21:00", "pickupType": 3, "fittingRooms": 3, "status": null }, "geometry": { "type": "Point", "coordinates": [ 4157467.724330841563642, 7547270.340183480642736 ] } },
{ "type": "Feature", "properties": { "id": 137977, "address": "г Москва, Улица Татьянин Парк 14к4", "workTime": "Ежедневно 10:00-21:00", "pickupType": 3, "fittingRooms": 4, "status": null }, "geometry": { "type": "Point", "coordinates": [ 4166111.905429919715971, 7489482.656998014077544 ] } },
{ "type": "Feature", "properties": { "id": 138044, "address": "Москва, Зеленоград, Солнечная аллея, к934", "workTime": "Ежедневно 10:00-21:00", "pickupType": 4, "fittingRooms": 1, "status": null }, "geometry": { "type": "Point", "coordinates": [ 4139575.34257563855499, 7554641.78389101382345 ] } },
{ "type": "Feature", "properties": { "id": 138465, "address": "г Москва, Митинская Улица 42", "workTime": "Ежедневно 10:00-21:00", "pickupType": 3, "fittingRooms": 2, "status": null }, "geometry": { "type": "Point", "coordinates": [ 4158867.01033011265099, 7528254.340372909791768 ] } },
{ "type": "Feature", "properties": { "id": 138471, "address": "г Москва, Дорожная Улица 12с5", "workTime": "Ежедневно 10:00-21:00", "pickupType": 3, "fittingRooms": 3, "status": null }, "geometry": { "type": "Point", "coordinates": [ 4146398.002846867311746, 7461597.166555445641279 ] } },
{ "type": "Feature", "properties": { "id": 138472, "address": "г Москва, Улица Захарьинские Дворики 1к1", "workTime": "Ежедневно 10:00-21:00", "pickupType": 3, "fittingRooms": 4, "status": null }, "geometry": { "type": "Point", "coordinates": [ 4182988.05155367217958, 7460257.329732584767044 ] } },
{ "type": "Feature", "properties": { "id": 139155, "address": "г Москва, 3-Й Крутицкий Переулок 13", "workTime": "пн - пт 10:00-21:00 сб, вс 09:00-20:00", "pickupType": 3, "fittingRooms": 5, "status": null }, "geometry": { "type": "Point", "coordinates": [ 4192637.447654613759369, 7504977.728165393695235 ] } },
{ "type": "Feature", "properties": { "id": 139179, "address": "г Москва, 1-Й Рощинский Проезд 8", "workTime": "Ежедневно 10:00-21:00", "pickupType": 3, "fittingRooms": 2, "status": null }, "geometry": { "type": "Point", "coordinates": [ 4186302.589392041321844, 7500625.888076681643724 ] } },
{ "type": "Feature", "properties": { "id": 139210, "address": "г Москва, Харьковский Проезд 9к1", "workTime": "Ежедневно 10:00-21:00", "pickupType": 3, "fittingRooms": 3, "status": null }, "geometry": { "type": "Point", "coordinates": [ 4190259.329372797161341, 7477228.62844127509743 ] } },
{ "type": "Feature", "properties": { "id": 139218, "address": "г Москва, Улица Сервантеса 1к4", "workTime": "Ежедневно 10:00-21:00", "pickupType": 3, "fittingRooms": 4, "status": null }, "geometry": { "type": "Point", "coordinates": [ 4169176.197052987292409, 7477342.684770761057734 ] } },
{ "type": "Feature", "properties": { "id": 139287, "address": "г Москва, Южнобутовская Улица 111", "workTime": "Ежедневно 10:00-21:00", "pickupType": 3, "fittingRooms": 2, "status": null }, "geometry": { "type": "Point", "coordinates": [ 4176609.556050708051771, 7466034.476704326458275 ] } },
{ "type": "Feature", "properties": { "id": 139333, "address": "г Москва, Привольная Улица 70к1", "workTime": "Ежедневно 10:00-21:00", "pickupType": 3, "fittingRooms": 2, "status": null }, "geometry": { "type": "Point", "coordinates": [ 4213978.952512555755675, 7494546.82781570404768 ] } },
{ "type": "Feature", "properties": { "id": 139349, "address": "г Москва, Дмитровское Шоссе 169к2", "workTime": "Ежедневно 10:00-21:00", "pickupType": 3, "fittingRooms": 3, "status": null }, "geometry": { "type": "Point", "coordinates": [ 4179316.846066799946129, 7544577.889226128347218 ] } },
{ "type": "Feature", "properties": { "id": 139385, "address": "г Москва, Улица Лётчика Ульянина 4", "workTime": "Ежедневно 10:00-21:00", "pickupType": 3, "fittingRooms": 4, "status": null }, "geometry": { "type": "Point", "coordinates": [ 4152945.036058891564608, 7484117.575774158351123 ] } },
{ "type": "Feature", "properties": { "id": 139389, "address": "г Москва, Лухмановская Улица 13", "workTime": "Ежедневно 10:00-21:00", "pickupType": 3, "fittingRooms": 2, "status": null }, "geometry": { "type": "Point", "coordinates": [ 4218759.011447219178081, 7503115.261656071059406 ] } },
{ "type": "Feature", "properties": { "id": 139446, "address": "г Москва, Варшавское Шоссе 160к1", "workTime": "Ежедневно 10:00-21:00", "pickupType": 3, "fittingRooms": 2, "status": null }, "geometry": { "type": "Point", "coordinates": [ 4184865.677404881920666, 7475897.307766404934227 ] } },
{ "type": "Feature", "properties": { "id": 139586, "address": "г Москва, Святоозёрская Улица 9", "workTime": "Ежедневно 10:00-21:00", "pickupType": 3, "fittingRooms": 2, "status": null }, "geometry": { "type": "Point", "coordinates": [ 4217994.023906487040222, 7501574.549660690128803 ] } },
{ "type": "Feature", "properties": { "id": 139592, "address": "г Москва, 1-Й Микрорайон 158", "workTime": "Ежедневно 10:00-21:00", "pickupType": 3, "fittingRooms": 2, "status": null }, "geometry": { "type": "Point", "coordinates": [ 4157423.419173505622894, 7478822.614790164865553 ] } },
{ "type": "Feature", "properties": { "id": 139683, "address": "г Москва, Ясный Проезд 12к2", "workTime": "Ежедневно 10:00-21:00", "pickupType": 3, "fittingRooms": 3, "status": null }, "geometry": { "type": "Point", "coordinates": [ 4188706.088517758529633, 7533419.038421110250056 ] } },
{ "type": "Feature", "properties": { "id": 139897, "address": "г Москва, Большая Очаковская Улица 10к1", "workTime": "Ежедневно 10:00-21:00", "pickupType": 3, "fittingRooms": 5, "status": null }, "geometry": { "type": "Point", "coordinates": [ 4170352.732751181349158, 7496689.032422144897282 ] } },
{ "type": "Feature", "properties": { "id": 139954, "address": "г Москва, Дубнинская Улица 17к1", "workTime": "Ежедневно 10:00-21:00", "pickupType": 3, "fittingRooms": 3, "status": null }, "geometry": { "type": "Point", "coordinates": [ 4181971.70460272859782, 7530777.641575084067881 ] } },
{ "type": "Feature", "properties": { "id": 140043, "address": "г Москва, Флотская Улица 13к3с1", "workTime": "Ежедневно 10:00-21:00", "pickupType": 3, "fittingRooms": 4, "status": null }, "geometry": { "type": "Point", "coordinates": [ 4174778.573066140525043, 7529888.650356576777995 ] } },
{ "type": "Feature", "properties": { "id": 140093, "address": "г Москва, 8-Я Улица Текстильщиков 13к2", "workTime": "Ежедневно 10:00-21:00", "pickupType": 3, "fittingRooms": 3, "status": null }, "geometry": { "type": "Point", "coordinates": [ 4201804.830360421910882, 7499852.976112243719399 ] } },
{ "type": "Feature", "properties": { "id": 140094, "address": "г Москва, Булатниковская Улица 6а", "workTime": "Ежедневно 10:00-21:00", "pickupType": 3, "fittingRooms": 2, "status": null }, "geometry": { "type": "Point", "coordinates": [ 4190466.606264654546976, 7475440.58699909504503 ] } },
{ "type": "Feature", "properties": { "id": 140108, "address": "г Москва, Улица Липовый Парк 6а", "workTime": "Ежедневно 10:00-21:00", "pickupType": 3, "fittingRooms": 3, "status": null }, "geometry": { "type": "Point", "coordinates": [ 4173277.095774319954216, 7473260.555294650606811 ] } },
{ "type": "Feature", "properties": { "id": 140110, "address": "г Москва, Улица Авиаконструктора Миля 24", "workTime": "Ежедневно 10:00-21:00", "pickupType": 3, "fittingRooms": 3, "status": null }, "geometry": { "type": "Point", "coordinates": [ 4214285.74902918189764, 7494680.488423540256917 ] } },
{ "type": "Feature", "properties": { "id": 140113, "address": "г Москва, Бульвар Маршала Рокоссовского 4", "workTime": "Ежедневно 10:00-21:00", "pickupType": 3, "fittingRooms": 2, "status": null }, "geometry": { "type": "Point", "coordinates": [ 4200087.949853916652501, 7520940.582801108248532 ] } },
{ "type": "Feature", "properties": { "id": 140115, "address": "г Москва, Бульвар Адмирала Ушакова 3", "workTime": "Ежедневно 10:00-21:00", "pickupType": 3, "fittingRooms": 3, "status": null }, "geometry": { "type": "Point", "coordinates": [ 4180546.703801084775478, 7468762.428937444463372 ] } },
{ "type": "Feature", "properties": { "id": 140123, "address": "г Москва, Кировоградская Улица 4к3а", "workTime": "Ежедневно 10:00-21:00", "pickupType": 3, "fittingRooms": 4, "status": null }, "geometry": { "type": "Point", "coordinates": [ 4186488.158983193803579, 7485265.344934173859656 ] } },
{ "type": "Feature", "properties": { "id": 140158, "address": "г Москва, Улица Дмитрия Ульянова 27", "workTime": "Ежедневно 10:00-21:00", "pickupType": 3, "fittingRooms": 4, "status": null }, "geometry": { "type": "Point", "coordinates": [ 4183540.975464441347867, 7496095.221461898647249 ] } },
{ "type": "Feature", "properties": { "id": 140166, "address": "г Москва, Улица Космонавтов 28", "workTime": "Ежедневно 10:00-21:00", "pickupType": 3, "fittingRooms": 4, "status": null }, "geometry": { "type": "Point", "coordinates": [ 4192565.980541525408626, 7522774.068686706013978 ] } },
{ "type": "Feature", "properties": { "id": 140275, "address": "г Москва, Совхозная Улица 2а", "workTime": "Ежедневно 10:00-21:00", "pickupType": 3, "fittingRooms": 3, "status": null }, "geometry": { "type": "Point", "coordinates": [ 4201637.071887796744704, 7492885.838609064929187 ] } },
{ "type": "Feature", "properties": { "id": 140287, "address": "г Москва, Дубнинская Улица 13", "workTime": "Ежедневно 10:00-21:00", "pickupType": 3, "fittingRooms": 2, "status": null }, "geometry": { "type": "Point", "coordinates": [ 4181969.032934949733317, 7530503.713447504676878 ] } },
{ "type": "Feature", "properties": { "id": 140528, "address": "г Москва, Куликовская Улица 9", "workTime": "Ежедневно 10:00-21:00", "pickupType": 3, "fittingRooms": 2, "status": null }, "geometry": { "type": "Point", "coordinates": [ 4181376.034007493872195, 7472776.231009517796338 ] } },
{ "type": "Feature", "properties": { "id": 140768, "address": "г Москва, Авиамоторная Улица 49/1", "workTime": "Ежедневно 10:00-21:00", "pickupType": null, "fittingRooms": 2, "status": null }, "geometry": { "type": "Point", "coordinates": [ 4198962.955079960636795, 7508634.783410555683076 ] } },
{ "type": "Feature", "properties": { "id": 140772, "address": "г Москва, Дубравная Улица 36", "workTime": "Ежедневно 10:00-21:00", "pickupType": 3, "fittingRooms": 2, "status": null }, "geometry": { "type": "Point", "coordinates": [ 4158491.529687666334212, 7527767.941771766170859 ] } },
{ "type": "Feature", "properties": { "id": 140792, "address": "г Москва, Бибиревская Улица 7к2", "workTime": "Ежедневно 10:00-21:00", "pickupType": 3, "fittingRooms": 2, "status": null }, "geometry": { "type": "Point", "coordinates": [ 4184725.526165972929448, 7534508.07969415280968 ] } },
{ "type": "Feature", "properties": { "id": 140806, "address": "г Москва, Северный Бульвар 2", "workTime": "Ежедневно 10:00-21:00", "pickupType": 3, "fittingRooms": 4, "status": null }, "geometry": { "type": "Point", "coordinates": [ 4186461.553624894469976, 7531649.27782526332885 ] } },
{ "type": "Feature", "properties": { "id": 140829, "address": "г Москва, Микрорайон Северное Чертаново 4к402", "workTime": "Ежедневно 10:00-21:00", "pickupType": 3, "fittingRooms": 5, "status": null }, "geometry": { "type": "Point", "coordinates": [ 4185089.98617883073166, 7486573.035476621240377 ] } },
{ "type": "Feature", "properties": { "id": 140921, "address": "г Москва, Улица Бианки 5к1", "workTime": "Ежедневно 10:00-21:00", "pickupType": 3, "fittingRooms": 3, "status": null }, "geometry": { "type": "Point", "coordinates": [ 4159179.929418732877821, 7480189.713492821902037 ] } },
{ "type": "Feature", "properties": { "id": 140964, "address": "г Москва, 3-Я Парковая Улица 40", "workTime": "Ежедневно 10:00-21:00", "pickupType": 3, "fittingRooms": 3, "status": null }, "geometry": { "type": "Point", "coordinates": [ 4205936.230622231960297, 7519319.062032798305154 ] } },
{ "type": "Feature", "properties": { "id": 140972, "address": "г Москва, Пятницкое Шоссе 6к4", "workTime": "Ежедневно 10:00-21:00", "pickupType": 3, "fittingRooms": 4, "status": null }, "geometry": { "type": "Point", "coordinates": [ 4162224.294852946419269, 7526406.664753171615303 ] } },
{ "type": "Feature", "properties": { "id": 140987, "address": "г Москва, Россошанская Улица 6", "workTime": "Ежедневно 10:00-21:00", "pickupType": 3, "fittingRooms": 3, "status": null }, "geometry": { "type": "Point", "coordinates": [ 4187050.099772717803717, 7477772.528752936981618 ] } },
{ "type": "Feature", "properties": { "id": 141030, "address": "г Москва, Улица Героев Панфиловцев 8к1", "workTime": "Ежедневно 10:00-21:00", "pickupType": 3, "fittingRooms": 3, "status": null }, "geometry": { "type": "Point", "coordinates": [ 4167744.071803931612521, 7529459.067524173296988 ] } },
{ "type": "Feature", "properties": { "id": 141117, "address": "г Москва, Ленинский Проспект 107к1", "workTime": "Ежедневно 10:00-21:00", "pickupType": 3, "fittingRooms": 2, "status": null }, "geometry": { "type": "Point", "coordinates": [ 4176061.307558551430702, 7491699.636406008154154 ] } },
{ "type": "Feature", "properties": { "id": 141122, "address": "г Москва, Чечёрский Проезд 124к3", "workTime": "пн, вт, ср, чт, пт, сб 10:00-21:00 вс 10:00-20:00", "pickupType": 3, "fittingRooms": 2, "status": null }, "geometry": { "type": "Point", "coordinates": [ 4175634.842589321546257, 7464443.910351816564798 ] } },
{ "type": "Feature", "properties": { "id": 141208, "address": "г Москва, г Москва, Нововатутинский пр-кт, д 10 ", "workTime": "Ежедневно 09:00-21:00", "pickupType": 4, "fittingRooms": 3, "status": null }, "geometry": { "type": "Point", "coordinates": [ 4157788.324464326258749, 7463137.990468414500356 ] } },
{ "type": "Feature", "properties": { "id": 141273, "address": "г Москва, Планерная Улица 14к5", "workTime": "Ежедневно 10:00-21:00", "pickupType": 3, "fittingRooms": 2, "status": 3 }, "geometry": { "type": "Point", "coordinates": [ 4167611.045012433547527, 7531179.327871421352029 ] } },
{ "type": "Feature", "properties": { "id": 141616, "address": "г Москва, Улица Маршала Савицкого 28к1", "workTime": "Ежедневно 10:00-21:00", "pickupType": null, "fittingRooms": 2, "status": null }, "geometry": { "type": "Point", "coordinates": [ 4185231.584571119397879, 7460270.302392470650375 ] } },
{ "type": "Feature", "properties": { "id": 141635, "address": "г Москва, Жулебинский Бульвар 33к1", "workTime": "Ежедневно 10:00-22:00", "pickupType": 3, "fittingRooms": 3, "status": null }, "geometry": { "type": "Point", "coordinates": [ 4213005.574885059148073, 7496151.895162750966847 ] } },
{ "type": "Feature", "properties": { "id": 141662, "address": "г Москва, Привольная Улица 73к1", "workTime": "Ежедневно 10:00-21:00", "pickupType": 3, "fittingRooms": 2, "status": null }, "geometry": { "type": "Point", "coordinates": [ 4213804.403550991788507, 7494859.5617262609303 ] } },
{ "type": "Feature", "properties": { "id": 141667, "address": "г Москва, Улица Покрышкина 8к2", "workTime": "Ежедневно 08:00-22:00", "pickupType": null, "fittingRooms": 2, "status": null }, "geometry": { "type": "Point", "coordinates": [ 4171210.115469271317124, 7492285.806739625521004 ] } },
{ "type": "Feature", "properties": { "id": 141709, "address": "г Москва, Русаковская Улица 22", "workTime": "Ежедневно 10:00-21:00", "pickupType": 3, "fittingRooms": 2, "status": null }, "geometry": { "type": "Point", "coordinates": [ 4194514.294269389472902, 7516209.4931425973773 ] } },
{ "type": "Feature", "properties": { "id": 141725, "address": "г Москва, Улица Мнёвники 7к1", "workTime": "Ежедневно 10:00-21:00", "pickupType": 3, "fittingRooms": 3, "status": null }, "geometry": { "type": "Point", "coordinates": [ 4173849.611915470566601, 7513101.177435083314776 ] } },
{ "type": "Feature", "properties": { "id": 141853, "address": "г Москва, Улица Барышевская Роща 18", "workTime": "Ежедневно 10:00-21:00", "pickupType": 3, "fittingRooms": 2, "status": null }, "geometry": { "type": "Point", "coordinates": [ 4178583.584580945782363, 7460124.06639464572072 ] } },
{ "type": "Feature", "properties": { "id": 141875, "address": "г Москва, Никулинская Улица 15к1", "workTime": "Ежедневно 10:00-21:00", "pickupType": 3, "fittingRooms": 2, "status": null }, "geometry": { "type": "Point", "coordinates": [ 4169596.428130731917918, 7492613.647323185577989 ] } },
{ "type": "Feature", "properties": { "id": 141902, "address": "г Москва, Валдайский Проезд 8", "workTime": "Ежедневно 10:00-21:00", "pickupType": 3, "fittingRooms": 2, "status": null }, "geometry": { "type": "Point", "coordinates": [ 4170904.432147552259266, 7531791.518222938291728 ] } },
{ "type": "Feature", "properties": { "id": 141911, "address": "г Москва, Авиамоторная Улица 47", "workTime": "Ежедневно 10:00-21:00", "pickupType": 3, "fittingRooms": 2, "status": null }, "geometry": { "type": "Point", "coordinates": [ 4198846.848851062357426, 7508800.335130034014583 ] } },
{ "type": "Feature", "properties": { "id": 141914, "address": "г Москва, Улица Декабристов 20к2", "workTime": "Ежедневно 10:00-21:00", "pickupType": 3, "fittingRooms": 2, "status": null }, "geometry": { "type": "Point", "coordinates": [ 4186690.315178473945707, 7530994.847120566293597 ] } },
{ "type": "Feature", "properties": { "id": 141922, "address": "г Москва, Улица Академика Королёва 10", "workTime": "Ежедневно 10:00-21:00", "pickupType": null, "fittingRooms": 2, "status": null }, "geometry": { "type": "Point", "coordinates": [ 4187868.965946993324906, 7523454.158312173560262 ] } },
{ "type": "Feature", "properties": { "id": 141929, "address": "г Москва, Улица Малышева 13к2", "workTime": "Ежедневно 10:00-21:00", "pickupType": 3, "fittingRooms": 3, "status": null }, "geometry": { "type": "Point", "coordinates": [ 4201744.272557430900633, 7498565.554026576690376 ] } },
{ "type": "Feature", "properties": { "id": 141976, "address": "г Москва, Волгоградский Проспект 86к1", "workTime": "Ежедневно 10:00-21:00", "pickupType": 3, "fittingRooms": 3, "status": null }, "geometry": { "type": "Point", "coordinates": [ 4204395.23491118196398, 7499716.064959128387272 ] } },
{ "type": "Feature", "properties": { "id": 142066, "address": "г Москва, Проспект Мира 89", "workTime": "Ежедневно 10:00-22:00", "pickupType": 3, "fittingRooms": 4, "status": null }, "geometry": { "type": "Point", "coordinates": [ 4189532.969695371575654, 7519647.656882708892226 ] } },
{ "type": "Feature", "properties": { "id": 142068, "address": "г Москва, Улица Фабрициуса 46", "workTime": "Ежедневно 10:00-22:00", "pickupType": 3, "fittingRooms": 3, "status": null }, "geometry": { "type": "Point", "coordinates": [ 4166550.615543136838824, 7527470.526034261099994 ] } },
{ "type": "Feature", "properties": { "id": 142104, "address": "г Москва, Улица Грина 1к1", "workTime": "Ежедневно 10:00-21:00", "pickupType": 3, "fittingRooms": 5, "status": null }, "geometry": { "type": "Point", "coordinates": [ 4183690.8114990494214, 7471804.720695500262082 ] } },
{ "type": "Feature", "properties": { "id": 142151, "address": "г Москва, Волгоградский Проспект 160к3", "workTime": "Ежедневно 10:00-21:00", "pickupType": 3, "fittingRooms": 2, "status": null }, "geometry": { "type": "Point", "coordinates": [ 4208471.532025049440563, 7497945.131563833914697 ] } },
{ "type": "Feature", "properties": { "id": 142209, "address": "г Москва, Улица Знаменские Садки 11", "workTime": "Ежедневно 10:00-21:00", "pickupType": 3, "fittingRooms": 3, "status": null }, "geometry": { "type": "Point", "coordinates": [ 4182027.141709143761545, 7473950.080655277706683 ] } },
{ "type": "Feature", "properties": { "id": 142272, "address": "г Москва, 1-Я Вольская Улица 7к1", "workTime": "Ежедневно 10:00-21:00", "pickupType": 3, "fittingRooms": 2, "status": null }, "geometry": { "type": "Point", "coordinates": [ 4221089.818945448845625, 7495786.979103890247643 ] } },
{ "type": "Feature", "properties": { "id": 142301, "address": "г Москва, Головинское Шоссе 4", "workTime": "Ежедневно 10:00-21:00", "pickupType": 3, "fittingRooms": 4, "status": null }, "geometry": { "type": "Point", "coordinates": [ 4173233.347214438486844, 7526439.771900990977883 ] } },
{ "type": "Feature", "properties": { "id": 142312, "address": "г Москва, Липецкая Улица 17к1", "workTime": "Ежедневно 10:00-21:00", "pickupType": 3, "fittingRooms": 2, "status": null }, "geometry": { "type": "Point", "coordinates": [ 4195289.411883781664073, 7475348.81281691044569 ] } },
{ "type": "Feature", "properties": { "id": 142426, "address": "г Москва, Улица Александры Монаховой 84к4", "workTime": "Ежедневно 10:00-21:00", "pickupType": 3, "fittingRooms": 4, "status": null }, "geometry": { "type": "Point", "coordinates": [ 4172377.077691257465631, 7468406.477524462155998 ] } },
{ "type": "Feature", "properties": { "id": 142427, "address": "г Москва, Муравская Улица 42к1", "workTime": "Ежедневно 10:00-21:00", "pickupType": 3, "fittingRooms": 3, "status": null }, "geometry": { "type": "Point", "coordinates": [ 4160324.961701032705605, 7530830.405098960734904 ] } },
{ "type": "Feature", "properties": { "id": 142430, "address": "г Москва, Вешняковская Улица 25к1", "workTime": "Ежедневно 10:00-21:00", "pickupType": 3, "fittingRooms": 2, "status": null }, "geometry": { "type": "Point", "coordinates": [ 4211273.666247298009694, 7504018.962361116893589 ] } },
{ "type": "Feature", "properties": { "id": 142540, "address": "г Москва, Коломенская Улица 23к2", "workTime": "Ежедневно 10:00-21:00", "pickupType": 3, "fittingRooms": 2, "status": null }, "geometry": { "type": "Point", "coordinates": [ 4195841.222599644213915, 7494309.521771367639303 ] } },
{ "type": "Feature", "properties": { "id": 142693, "address": "г Москва, Ключевая Улица 18", "workTime": "Ежедневно 10:00-21:00", "pickupType": 3, "fittingRooms": 4, "status": null }, "geometry": { "type": "Point", "coordinates": [ 4203544.976640502922237, 7485889.482696906663477 ] } },
{ "type": "Feature", "properties": { "id": 142744, "address": "г Москва, Венёвская Улица 7", "workTime": "Ежедневно 10:00-21:00", "pickupType": 3, "fittingRooms": 3, "status": null }, "geometry": { "type": "Point", "coordinates": [ 4179725.388598011340946, 7468750.622657789848745 ] } },
{ "type": "Feature", "properties": { "id": 142821, "address": "г Москва, Улица Маршала Голованова 11", "workTime": "Ежедневно 10:00-21:00", "pickupType": 3, "fittingRooms": 2, "status": null }, "geometry": { "type": "Point", "coordinates": [ 4200118.45139439497143, 7488592.097814442589879 ] } },
{ "type": "Feature", "properties": { "id": 142847, "address": "г Москва, Олонецкая Улица 4", "workTime": "Ежедневно 10:00-21:00", "pickupType": 3, "fittingRooms": 3, "status": null }, "geometry": { "type": "Point", "coordinates": [ 4187947.112229530699551, 7529164.362957008183002 ] } },
{ "type": "Feature", "properties": { "id": 142913, "address": "г Москва, 3-Я Институтская Улица 12", "workTime": "Ежедневно 10:00-21:00", "pickupType": null, "fittingRooms": 2, "status": null }, "geometry": { "type": "Point", "coordinates": [ 4206161.986549561843276, 7503377.742996599525213 ] } },
{ "type": "Feature", "properties": { "id": 142925, "address": "г Москва, Южнобутовская Улица 80к1", "workTime": "Ежедневно 10:00-21:00", "pickupType": 3, "fittingRooms": 2, "status": null }, "geometry": { "type": "Point", "coordinates": [ 4176403.72631223173812, 7466423.366527135483921 ] } },
{ "type": "Feature", "properties": { "id": 142926, "address": "г Москва, Улица Фёдора Полетаева 7", "workTime": "Ежедневно 09:00-21:00", "pickupType": 3, "fittingRooms": 2, "status": null }, "geometry": { "type": "Point", "coordinates": [ 4205403.455539296381176, 7501568.423790144734085 ] } },
{ "type": "Feature", "properties": { "id": 142944, "address": "г Москва, Артековская Улица 1", "workTime": "Ежедневно 10:00-21:00", "pickupType": null, "fittingRooms": 2, "status": null }, "geometry": { "type": "Point", "coordinates": [ 4187085.944648753385991, 7489335.867470120079815 ] } },
{ "type": "Feature", "properties": { "id": 142945, "address": "г Москва, Изюмская Улица 47к2", "workTime": "Ежедневно 10:00-21:00", "pickupType": null, "fittingRooms": 2, "status": null }, "geometry": { "type": "Point", "coordinates": [ 4182013.004133813548833, 7468763.609566402621567 ] } },
{ "type": "Feature", "properties": { "id": 142951, "address": "г Москва, Федеративный Проспект 16к1", "workTime": "Ежедневно 10:00-21:00", "pickupType": 3, "fittingRooms": 3, "status": null }, "geometry": { "type": "Point", "coordinates": [ 4208584.40998871345073, 7509954.153220627456903 ] } },
{ "type": "Feature", "properties": { "id": 142955, "address": "г Москва, Сходненская Улица 44/17", "workTime": "Ежедневно 10:00-21:00", "pickupType": null, "fittingRooms": 2, "status": null }, "geometry": { "type": "Point", "coordinates": [ 4167851.606432037893683, 7527697.750623066909611 ] } },
{ "type": "Feature", "properties": { "id": 142959, "address": "г Москва, Бульвар Яна Райниса 2к1", "workTime": "Ежедневно 10:00-21:00", "pickupType": 3, "fittingRooms": 4, "status": null }, "geometry": { "type": "Point", "coordinates": [ 4167463.880645605269819, 7528884.74118257779628 ] } },
{ "type": "Feature", "properties": { "id": 142988, "address": "г Москва, Улица Лётчика Ульянина 3а", "workTime": "Ежедневно 10:00-21:00", "pickupType": 4, "fittingRooms": 2, "status": null }, "geometry": { "type": "Point", "coordinates": [ 4152643.360238842200488, 7484220.889705936424434 ] } },
{ "type": "Feature", "properties": { "id": 143009, "address": "г Москва, Улица Академика Скрябина 26к1", "workTime": "Ежедневно 10:00-21:00", "pickupType": null, "fittingRooms": 2, "status": null }, "geometry": { "type": "Point", "coordinates": [ 4207147.498001554049551, 7500160.788118480704725 ] } },
{ "type": "Feature", "properties": { "id": 143073, "address": "г Москва, Денежный Переулок 4", "workTime": "Ежедневно 10:00-21:00", "pickupType": null, "fittingRooms": 2, "status": null }, "geometry": { "type": "Point", "coordinates": [ 4184320.879816939588636, 7507376.943711061961949 ] } },
{ "type": "Feature", "properties": { "id": 143216, "address": "г Москва, Юбилейная Улица 2б", "workTime": "Ежедневно 10:00-21:00", "pickupType": 3, "fittingRooms": 2, "status": null }, "geometry": { "type": "Point", "coordinates": [ 4127209.973538321442902, 7403816.760928902775049 ] } },
{ "type": "Feature", "properties": { "id": 143218, "address": "г Москва, Алтуфьевское Шоссе 72", "workTime": "Ежедневно 10:00-21:00", "pickupType": null, "fittingRooms": 2, "status": null }, "geometry": { "type": "Point", "coordinates": [ 4184258.65222158562392, 7536644.1430250313133 ] } },
{ "type": "Feature", "properties": { "id": 143229, "address": "г Москва, Улица Декабристов 2к3", "workTime": "Ежедневно 10:00-21:00", "pickupType": null, "fittingRooms": 2, "status": null }, "geometry": { "type": "Point", "coordinates": [ 4184911.207076615653932, 7532029.186559313908219 ] } },
{ "type": "Feature", "properties": { "id": 143311, "address": "г Москва, Новокосинская Улица 17к2", "workTime": "Ежедневно 10:00-21:00", "pickupType": 3, "fittingRooms": 2, "status": null }, "geometry": { "type": "Point", "coordinates": [ 4214099.956799048930407, 7506634.795802478678524 ] } },
{ "type": "Feature", "properties": { "id": 143353, "address": "г Москва, Улица Маршала Федоренко 7", "workTime": "Ежедневно 10:00-21:00", "pickupType": null, "fittingRooms": 2, "status": null }, "geometry": { "type": "Point", "coordinates": [ 4173382.515332101844251, 7534599.170843906700611 ] } },
{ "type": "Feature", "properties": { "id": 143486, "address": "г Москва, Рождественская Улица 31", "workTime": "Ежедневно 10:00-21:00", "pickupType": 3, "fittingRooms": 3, "status": null }, "geometry": { "type": "Point", "coordinates": [ 4222610.999787138774991, 7499955.908029660582542 ] } },
{ "type": "Feature", "properties": { "id": 143587, "address": "г Москва, Улица Вертолётчиков 1", "workTime": "Ежедневно 10:00-21:00", "pickupType": 3, "fittingRooms": 3, "status": null }, "geometry": { "type": "Point", "coordinates": [ 4223446.007287579588592, 7498950.355565897189081 ] } },
{ "type": "Feature", "properties": { "id": 143608, "address": "г Москва, Новодмитровская Улица 2к6", "workTime": "пн - пт 10:00-21:00 сб, вс 10:00-20:00", "pickupType": 3, "fittingRooms": 2, "status": null }, "geometry": { "type": "Point", "coordinates": [ 4184671.647532429546118, 7519306.782086798921227 ] } },
{ "type": "Feature", "properties": { "id": 143610, "address": "г Москва, Рязанский Проспект 34", "workTime": "Ежедневно 10:00-21:00", "pickupType": null, "fittingRooms": 2, "status": null }, "geometry": { "type": "Point", "coordinates": [ 4206420.025129220448434, 7502364.234838501550257 ] } },
{ "type": "Feature", "properties": { "id": 143655, "address": "г Москва, Гжатская Улица 5к7", "workTime": "Ежедневно 10:00-21:00", "pickupType": null, "fittingRooms": 2, "status": null }, "geometry": { "type": "Point", "coordinates": [ 4166995.670867328066379, 7501864.842454400844872 ] } },
{ "type": "Feature", "properties": { "id": 143687, "address": "г Москва, Улица Вавилова 97", "workTime": "Ежедневно 10:00-21:00", "pickupType": 3, "fittingRooms": 2, "status": null }, "geometry": { "type": "Point", "coordinates": [ 4179088.975069146603346, 7494055.837433747015893 ] } },
{ "type": "Feature", "properties": { "id": 143688, "address": "г Москва, Парковая Улица 3", "workTime": "пн - пт 10:00-22:00 сб, вс 10:00-21:00", "pickupType": 3, "fittingRooms": 4, "status": null }, "geometry": { "type": "Point", "coordinates": [ 4184964.306473725475371, 7470413.321035902947187 ] } },
{ "type": "Feature", "properties": { "id": 143700, "address": "г Москва, Нововатутинский Проспект 9", "workTime": "Ежедневно 10:00-21:00", "pickupType": 3, "fittingRooms": 4, "status": null }, "geometry": { "type": "Point", "coordinates": [ 4157571.140137788839638, 7463081.558302748017013 ] } },
{ "type": "Feature", "properties": { "id": 143824, "address": "г Москва, Улица Льва Яшина 5к2", "workTime": "Ежедневно 10:00-21:00", "pickupType": 3, "fittingRooms": 3, "status": null }, "geometry": { "type": "Point", "coordinates": [ 4221648.976747703738511, 7498654.838917357847095 ] } },
{ "type": "Feature", "properties": { "id": 143828, "address": "г Москва, Северодвинская Улица 21", "workTime": "пн, вт, ср, чт, пт, сб 10:00-21:00 вс 10:00-20:00", "pickupType": 3, "fittingRooms": 3, "status": null }, "geometry": { "type": "Point", "coordinates": [ 4194512.958435499109328, 7537127.131838593631983 ] } },
{ "type": "Feature", "properties": { "id": 143852, "address": "г Москва, Таллинская Улица 14", "workTime": "Ежедневно 08:00-22:00", "pickupType": null, "fittingRooms": 2, "status": null }, "geometry": { "type": "Point", "coordinates": [ 4163396.043813037220389, 7518446.83837425801903 ] } },
{ "type": "Feature", "properties": { "id": 143854, "address": "г Москва, Коломенская Набережная 6", "workTime": "Ежедневно 10:00-21:00", "pickupType": 3, "fittingRooms": 2, "status": null }, "geometry": { "type": "Point", "coordinates": [ 4197647.603976747021079, 7495656.853576388210058 ] } },
{ "type": "Feature", "properties": { "id": 143901, "address": "г Москва, Шенкурский Проезд 11", "workTime": "Ежедневно 10:00-22:00", "pickupType": 3, "fittingRooms": 3, "status": null }, "geometry": { "type": "Point", "coordinates": [ 4184497.989126791711897, 7537484.281143824569881 ] } },
{ "type": "Feature", "properties": { "id": 143905, "address": "г Москва, Окская Улица 1к1", "workTime": "Ежедневно 09:00-21:00", "pickupType": 3, "fittingRooms": 4, "status": null }, "geometry": { "type": "Point", "coordinates": [ 4202453.155074801295996, 7501239.610001369379461 ] } },
{ "type": "Feature", "properties": { "id": 143920, "address": "г Москва, Бибиревская Улица 4а", "workTime": "Ежедневно 10:00-21:00", "pickupType": null, "fittingRooms": 2, "status": null }, "geometry": { "type": "Point", "coordinates": [ 4185272.216185258235782, 7534539.832478106021881 ] } },
{ "type": "Feature", "properties": { "id": 144077, "address": "г Москва, Клинская Улица 14к2", "workTime": "Ежедневно 08:00-22:00", "pickupType": null, "fittingRooms": 2, "status": null }, "geometry": { "type": "Point", "coordinates": [ 4173945.012719079852104, 7532555.931745618581772 ] } },
{ "type": "Feature", "properties": { "id": 144166, "address": "г Москва, Бульвар Маршала Рокоссовского 30", "workTime": "Ежедневно 10:00-21:00", "pickupType": null, "fittingRooms": 2, "status": null }, "geometry": { "type": "Point", "coordinates": [ 4198646.028489671647549, 7521965.054179098457098 ] } },
{ "type": "Feature", "properties": { "id": 144206, "address": "г Москва, Улица Александры Монаховой 80к3", "workTime": "Ежедневно 10:00-21:00", "pickupType": 4, "fittingRooms": 2, "status": null }, "geometry": { "type": "Point", "coordinates": [ 4172267.984590278938413, 7468702.610639507882297 ] } },
{ "type": "Feature", "properties": { "id": 144207, "address": "г Москва, Чароитовая Улица 1к1", "workTime": "Ежедневно 10:00-21:00", "pickupType": null, "fittingRooms": 2, "status": null }, "geometry": { "type": "Point", "coordinates": [ 4158126.958355319220573, 7461907.980515484698117 ] } },
{ "type": "Feature", "properties": { "id": 144216, "address": "г Москва, Балаклавский Проспект 5а", "workTime": "Ежедневно 09:00-22:00", "pickupType": 3, "fittingRooms": 7, "status": 3 }, "geometry": { "type": "Point", "coordinates": [ 4186529.347194787114859, 7487198.856813653372228 ] } },
{ "type": "Feature", "properties": { "id": 144233, "address": "г Москва, Центральная Улица 90", "workTime": "Ежедневно 10:00-21:00", "pickupType": 3, "fittingRooms": 3, "status": null }, "geometry": { "type": "Point", "coordinates": [ 4143338.052683941554278, 7463816.97837296500802 ] } },
{ "type": "Feature", "properties": { "id": 144249, "address": "г Москва, Осташковская Улица 21", "workTime": "Ежедневно 10:00-21:00", "pickupType": null, "fittingRooms": 2, "status": null }, "geometry": { "type": "Point", "coordinates": [ 4193908.048322528600693, 7534926.830049574375153 ] } },
{ "type": "Feature", "properties": { "id": 144252, "address": "г Москва, Михалковская Улица 2", "workTime": "Ежедневно 10:00-21:00", "pickupType": null, "fittingRooms": 2, "status": null }, "geometry": { "type": "Point", "coordinates": [ 4178845.296703800093383, 7526114.653973014093935 ] } },
{ "type": "Feature", "properties": { "id": 144254, "address": "г Москва, Изумрудная Улица 24", "workTime": "Ежедневно 10:00-21:00", "pickupType": null, "fittingRooms": 2, "status": null }, "geometry": { "type": "Point", "coordinates": [ 4195042.950531166046858, 7533012.870201664045453 ] } },
{ "type": "Feature", "properties": { "id": 144256, "address": "г Москва, Улица Милашенкова 18", "workTime": "Ежедневно 10:00-21:00", "pickupType": null, "fittingRooms": 2, "status": null }, "geometry": { "type": "Point", "coordinates": [ 4183224.939430079888552, 7524773.489243670366704 ] } },
{ "type": "Feature", "properties": { "id": 144257, "address": "г Москва, Улица Клары Цеткин 25к2", "workTime": "Ежедневно 10:00-21:00", "pickupType": null, "fittingRooms": 2, "status": null }, "geometry": { "type": "Point", "coordinates": [ 4176199.009768662042916, 7523411.551868436858058 ] } },
{ "type": "Feature", "properties": { "id": 144366, "address": "г Москва, Братеевская Улица 21к2", "workTime": "Ежедневно 10:00-21:00", "pickupType": 3, "fittingRooms": 2, "status": null }, "geometry": { "type": "Point", "coordinates": [ 4202460.947439156472683, 7486005.244595226831734 ] } },
{ "type": "Feature", "properties": { "id": 144389, "address": "г Москва, Люблинская Улица 78к3", "workTime": "Ежедневно 10:00-21:00", "pickupType": 3, "fittingRooms": 3, "status": null }, "geometry": { "type": "Point", "coordinates": [ 4200170.21495761256665, 7491332.95717837754637 ] } },
{ "type": "Feature", "properties": { "id": 144468, "address": "г Москва, Коломенская Улица 12к2", "workTime": "Ежедневно 10:00-21:00", "pickupType": 3, "fittingRooms": 3, "status": null }, "geometry": { "type": "Point", "coordinates": [ 4196269.246041744947433, 7495241.019473514519632 ] } },
{ "type": "Feature", "properties": { "id": 144596, "address": "г Москва, Родниковая Улица 9ак6", "workTime": "Ежедневно 10:00-21:00", "pickupType": 3, "fittingRooms": 2, "status": null }, "geometry": { "type": "Point", "coordinates": [ 4165069.398398641496897, 7485747.494321016594768 ] } },
{ "type": "Feature", "properties": { "id": 144637, "address": "г Москва, Улица Полины Осипенко 10к1", "workTime": "Ежедневно 10:00-21:00", "pickupType": 3, "fittingRooms": 4, "status": null }, "geometry": { "type": "Point", "coordinates": [ 4178358.941848524380475, 7514783.744460511021316 ] } },
{ "type": "Feature", "properties": { "id": 144786, "address": "г Москва, Улица Адмирала Лазарева 43", "workTime": "Ежедневно 10:00-21:00", "pickupType": 3, "fittingRooms": 5, "status": null }, "geometry": { "type": "Point", "coordinates": [ 4176863.253170225769281, 7467675.539659548550844 ] } },
{ "type": "Feature", "properties": { "id": 144802, "address": "г Москва, Улица Лобачевского 52к1", "workTime": "Ежедневно 10:00-21:00", "pickupType": 3, "fittingRooms": 3, "status": null }, "geometry": { "type": "Point", "coordinates": [ 4173626.972933883778751, 7493434.592771822586656 ] } },
{ "type": "Feature", "properties": { "id": 144917, "address": "г Москва, Зюзинская Улица 6", "workTime": "Ежедневно 10:00-21:00", "pickupType": null, "fittingRooms": 2, "status": null }, "geometry": { "type": "Point", "coordinates": [ 4183069.982698895502836, 7492335.347079191356897 ] } },
{ "type": "Feature", "properties": { "id": 144918, "address": "г Москва, Бирюлёвская Улица 1к1", "workTime": "Ежедневно 08:00-22:00", "pickupType": null, "fittingRooms": 2, "status": null }, "geometry": { "type": "Point", "coordinates": [ 4192835.1510702627711, 7479586.331678149290383 ] } },
{ "type": "Feature", "properties": { "id": 144920, "address": "г Москва, Россошанский Проезд 5к1", "workTime": "Ежедневно 10:00-21:00", "pickupType": null, "fittingRooms": 2, "status": null }, "geometry": { "type": "Point", "coordinates": [ 4186646.010021138936281, 7479113.82713864557445 ] } },
{ "type": "Feature", "properties": { "id": 144921, "address": "г Москва, Алма-Атинская Улица 9к2", "workTime": "Ежедневно 10:00-21:00", "pickupType": null, "fittingRooms": 2, "status": null }, "geometry": { "type": "Point", "coordinates": [ 4204862.999411494471133, 7486958.817865749821067 ] } },
{ "type": "Feature", "properties": { "id": 144923, "address": "г Москва, 1-Я Мелитопольская Улица 8", "workTime": "Ежедневно 10:00-21:00", "pickupType": null, "fittingRooms": 2, "status": null }, "geometry": { "type": "Point", "coordinates": [ 4183303.197032107040286, 7467262.782114835456014 ] } },
{ "type": "Feature", "properties": { "id": 144924, "address": "г Москва, Микрорайон Северное Чертаново 6к607", "workTime": "Ежедневно 10:00-21:00", "pickupType": null, "fittingRooms": 2, "status": null }, "geometry": { "type": "Point", "coordinates": [ 4184504.000379294157028, 7486356.485091716051102 ] } },
{ "type": "Feature", "properties": { "id": 144928, "address": "г Москва, Ленинский Проспект 129к2", "workTime": "Ежедневно 10:00-21:00", "pickupType": null, "fittingRooms": 2, "status": null }, "geometry": { "type": "Point", "coordinates": [ 4172350.472332957200706, 7487822.953530412167311 ] } },
{ "type": "Feature", "properties": { "id": 144996, "address": "г Москва, Дубнинская Улица 53к3", "workTime": "Ежедневно 10:00-21:00", "pickupType": 3, "fittingRooms": 3, "status": null }, "geometry": { "type": "Point", "coordinates": [ 4180888.454637819901109, 7533212.28084344509989 ] } },
{ "type": "Feature", "properties": { "id": 145117, "address": "г Москва, Фестивальная Улица 22к2", "workTime": "Ежедневно 10:00-21:00", "pickupType": 3, "fittingRooms": 2, "status": null }, "geometry": { "type": "Point", "coordinates": [ 4174496.044198506511748, 7530372.207603082060814 ] } },
{ "type": "Feature", "properties": { "id": 145140, "address": "г Москва, Каширское Шоссе 142к3с2", "workTime": "Ежедневно 10:00-21:00", "pickupType": null, "fittingRooms": 2, "status": null }, "geometry": { "type": "Point", "coordinates": [ 4199001.3603042839095, 7478664.403208144940436 ] } },
{ "type": "Feature", "properties": { "id": 145180, "address": "г Москва, Улица Комдива Орлова 8", "workTime": "Ежедневно 10:00-21:00", "pickupType": 4, "fittingRooms": 2, "status": null }, "geometry": { "type": "Point", "coordinates": [ 4183501.568364701233804, 7527140.804534312337637 ] } },
{ "type": "Feature", "properties": { "id": 145294, "address": "г Москва, Митинская Улица 52", "workTime": "Ежедневно 10:00-21:00", "pickupType": 3, "fittingRooms": 4, "status": null }, "geometry": { "type": "Point", "coordinates": [ 4158254.307852786034346, 7529182.211499834433198 ] } },
{ "type": "Feature", "properties": { "id": 145295, "address": "г Москва, Фитарёвская Улица 15к2", "workTime": "Ежедневно 10:00-21:00", "pickupType": 3, "fittingRooms": 3, "status": null }, "geometry": { "type": "Point", "coordinates": [ 4172116.701402292121202, 7472828.796446161344647 ] } },
{ "type": "Feature", "properties": { "id": 145361, "address": "г Москва, Новочерёмушкинская Улица 17", "workTime": "Ежедневно 10:00-21:00", "pickupType": 4, "fittingRooms": 2, "status": null }, "geometry": { "type": "Point", "coordinates": [ 4183766.954030752182007, 7495566.023703376762569 ] } },
{ "type": "Feature", "properties": { "id": 145405, "address": "г Москва, Мытная Улица 56", "workTime": "Ежедневно 10:00-21:00", "pickupType": null, "fittingRooms": 2, "status": null }, "geometry": { "type": "Point", "coordinates": [ 4187796.106449713930488, 7502036.202928664162755 ] } },
{ "type": "Feature", "properties": { "id": 145496, "address": "г Москва, Улица Пырьева 5а", "workTime": "Ежедневно 09:00-22:00", "pickupType": null, "fittingRooms": 2, "status": null }, "geometry": { "type": "Point", "coordinates": [ 4177414.952566596679389, 7504041.299260885454714 ] } },
{ "type": "Feature", "properties": { "id": 145639, "address": "г Москва, Белореченская Улица 38к2", "workTime": "Ежедневно 10:00-21:00", "pickupType": 4, "fittingRooms": 2, "status": null }, "geometry": { "type": "Point", "coordinates": [ 4205326.979049121960998, 7490930.182673927396536 ] } },
{ "type": "Feature", "properties": { "id": 145659, "address": "г Москва, Митинская Улица 27а", "workTime": "Ежедневно 10:00-21:00", "pickupType": 3, "fittingRooms": 2, "status": null }, "geometry": { "type": "Point", "coordinates": [ 4158951.835782097652555, 7527710.440500920638442 ] } },
{ "type": "Feature", "properties": { "id": 145664, "address": "г Москва, Волгоградский Проспект 111", "workTime": "Ежедневно 10:00-21:00", "pickupType": null, "fittingRooms": 2, "status": null }, "geometry": { "type": "Point", "coordinates": [ 4203388.127477974630892, 7500244.164214524440467 ] } },
{ "type": "Feature", "properties": { "id": 145672, "address": "г Москва, Малая Пироговская Улица 25", "workTime": "Ежедневно 10:00-21:00", "pickupType": null, "fittingRooms": 2, "status": null }, "geometry": { "type": "Point", "coordinates": [ 4181657.33836072916165, 7504212.682757625356317 ] } },
{ "type": "Feature", "properties": { "id": 145676, "address": "г Москва, Бирюлёвская Улица 37а", "workTime": "Ежедневно 10:00-21:00", "pickupType": 4, "fittingRooms": 2, "status": null }, "geometry": { "type": "Point", "coordinates": [ 4192912.934005982242525, 7477040.45335906650871 ] } },
{ "type": "Feature", "properties": { "id": 145680, "address": "г Москва, Производственная Улица 12к2", "workTime": "Ежедневно 10:00-21:00", "pickupType": null, "fittingRooms": 2, "status": null }, "geometry": { "type": "Point", "coordinates": [ 4162176.650110887829214, 7487674.814759423956275 ] } },
{ "type": "Feature", "properties": { "id": 145696, "address": "г Москва, Улица Судакова 14", "workTime": "Ежедневно 10:00-21:00", "pickupType": null, "fittingRooms": 2, "status": null }, "geometry": { "type": "Point", "coordinates": [ 4201847.020447432994843, 7493488.680724614299834 ] } },
{ "type": "Feature", "properties": { "id": 145735, "address": "г Москва, Болотниковская Улица 5", "workTime": "Ежедневно 10:00-21:00", "pickupType": null, "fittingRooms": 2, "status": null }, "geometry": { "type": "Point", "coordinates": [ 4187116.000911268405616, 7490232.826602609828115 ] } },
{ "type": "Feature", "properties": { "id": 145750, "address": "г Москва, 5-Я Парковая Улица 62б", "workTime": "Ежедневно 10:00-21:00", "pickupType": 3, "fittingRooms": 3, "status": null }, "geometry": { "type": "Point", "coordinates": [ 4206724.929214503616095, 7520299.93636619579047 ] } },
{ "type": "Feature", "properties": { "id": 145795, "address": "г Москва, Улица Бориса Пастернака 8", "workTime": "пн - пт 10:00-21:00 сб, вс 10:00-20:00", "pickupType": 3, "fittingRooms": 2, "status": 3 }, "geometry": { "type": "Point", "coordinates": [ 4154667.816498409025371, 7486665.731940840370953 ] } },
{ "type": "Feature", "properties": { "id": 145892, "address": "г Москва, Улица Захарьинские Дворики 1к1", "workTime": "Ежедневно 10:00-21:00", "pickupType": null, "fittingRooms": 2, "status": null }, "geometry": { "type": "Point", "coordinates": [ 4182973.023422415368259, 7460174.776951886713505 ] } },
{ "type": "Feature", "properties": { "id": 145933, "address": "г Москва, Улица Анны Ахматовой 2", "workTime": "Ежедневно 08:00-22:00", "pickupType": null, "fittingRooms": 2, "status": null }, "geometry": { "type": "Point", "coordinates": [ 4155645.980864009354264, 7486798.467324895784259 ] } },
{ "type": "Feature", "properties": { "id": 145935, "address": "г Москва, Улица Островитянова 11", "workTime": "Ежедневно 10:00-21:00", "pickupType": 3, "fittingRooms": 2, "status": null }, "geometry": { "type": "Point", "coordinates": [ 4174684.285457438323647, 7487436.339003004133701 ] } },
{ "type": "Feature", "properties": { "id": 146035, "address": "г Москва, Улица Адмирала Лазарева 41", "workTime": "Ежедневно 10:00-21:00", "pickupType": null, "fittingRooms": 2, "status": null }, "geometry": { "type": "Point", "coordinates": [ 4176946.074871376156807, 7467809.916863171383739 ] } },
{ "type": "Feature", "properties": { "id": 146062, "address": "г Москва, Элеваторная Улица 8", "workTime": "Ежедневно 08:00-22:00", "pickupType": 4, "fittingRooms": 2, "status": null }, "geometry": { "type": "Point", "coordinates": [ 4192107.23291996633634, 7479424.16360382642597 ] } },
{ "type": "Feature", "properties": { "id": 146135, "address": "г Москва, Онежская Улица 2к1", "workTime": "Ежедневно 10:00-21:00", "pickupType": null, "fittingRooms": 2, "status": null }, "geometry": { "type": "Point", "coordinates": [ 4177034.017269102390856, 7527259.566095139831305 ] } },
{ "type": "Feature", "properties": { "id": 146154, "address": "г Москва, Вешняковская Улица 15а", "workTime": "Ежедневно 10:00-21:00", "pickupType": null, "fittingRooms": 2, "status": null }, "geometry": { "type": "Point", "coordinates": [ 4211220.423359365202487, 7505883.002937683835626 ] } },
{ "type": "Feature", "properties": { "id": 146163, "address": "г Москва, Кутузовский Проспект 30", "workTime": "Ежедневно 08:00-22:00", "pickupType": 4, "fittingRooms": 2, "status": null }, "geometry": { "type": "Point", "coordinates": [ 4178634.791546709835529, 7507400.674637916497886 ] } },
{ "type": "Feature", "properties": { "id": 146281, "address": "г Москва, Улица Академика Павлова 40", "workTime": "Ежедневно 10:00-21:00", "pickupType": null, "fittingRooms": 2, "status": null }, "geometry": { "type": "Point", "coordinates": [ 4164145.001347094308585, 7507582.811931014060974 ] } },
{ "type": "Feature", "properties": { "id": 146283, "address": "г Москва, Гончарная Улица 38", "workTime": "Ежедневно 10:00-21:00", "pickupType": null, "fittingRooms": 2, "status": null }, "geometry": { "type": "Point", "coordinates": [ 4191213.003450423013419, 7507066.668557257391512 ] } },
{ "type": "Feature", "properties": { "id": 146288, "address": "г Москва, 2-Я Фрунзенская Улица 10", "workTime": "Ежедневно 10:00-21:00", "pickupType": null, "fittingRooms": 2, "status": null }, "geometry": { "type": "Point", "coordinates": [ 4183636.042309579439461, 7503636.477692040614784 ] } },
{ "type": "Feature", "properties": { "id": 146294, "address": "г Москва, Улица Москвитина 3к1", "workTime": "Ежедневно 08:00-22:00", "pickupType": null, "fittingRooms": 2, "status": null }, "geometry": { "type": "Point", "coordinates": [ 4158750.236184270586818, 7478993.242616150528193 ] } },
{ "type": "Feature", "properties": { "id": 146295, "address": "г Москва, Варшавское Шоссе 168", "workTime": "Ежедневно 10:00-21:00", "pickupType": null, "fittingRooms": 2, "status": null }, "geometry": { "type": "Point", "coordinates": [ 4183490.881693585310131, 7475839.797672788612545 ] } },
{ "type": "Feature", "properties": { "id": 146316, "address": "г Москва, Улица Николаева 3", "workTime": "Ежедневно 10:00-21:00", "pickupType": null, "fittingRooms": 2, "status": null }, "geometry": { "type": "Point", "coordinates": [ 4182052.299914063885808, 7509943.075113639235497 ] } },
{ "type": "Feature", "properties": { "id": 146319, "address": "г Москва, Ясеневая Улица 12к5", "workTime": "Ежедневно 08:00-22:00", "pickupType": 4, "fittingRooms": 2, "status": null }, "geometry": { "type": "Point", "coordinates": [ 4200403.429290825501084, 7479729.783308778889477 ] } },
{ "type": "Feature", "properties": { "id": 146326, "address": "г Москва, Улица Гришина 25", "workTime": "Ежедневно 10:00-21:00", "pickupType": null, "fittingRooms": 2, "status": null }, "geometry": { "type": "Point", "coordinates": [ 4164929.024520751088858, 7503953.138067816384137 ] } },
{ "type": "Feature", "properties": { "id": 146352, "address": "г Москва, Улица Академика Янгеля 2", "workTime": "Ежедневно 10:00-21:00", "pickupType": null, "fittingRooms": 2, "status": null }, "geometry": { "type": "Point", "coordinates": [ 4185621.870705841109157, 7478503.042551415041089 ] } },
{ "type": "Feature", "properties": { "id": 146427, "address": "г Москва, Комсомольский Проспект 14/1к1", "workTime": "Ежедневно 10:00-21:00", "pickupType": null, "fittingRooms": 2, "status": null }, "geometry": { "type": "Point", "coordinates": [ 4184372.866019139997661, 7505034.862506380304694 ] } },
{ "type": "Feature", "properties": { "id": 146444, "address": "г Москва, Улица Твардовского 12к3", "workTime": "Ежедневно 10:00-21:00", "pickupType": null, "fittingRooms": 2, "status": null }, "geometry": { "type": "Point", "coordinates": [ 4163584.619030440226197, 7517426.794576128013432 ] } },
{ "type": "Feature", "properties": { "id": 146445, "address": "г Москва, Набережная Новикова-Прибоя 3к2", "workTime": "Ежедневно 10:00-21:00", "pickupType": null, "fittingRooms": 2, "status": null }, "geometry": { "type": "Point", "coordinates": [ 4168683.719625717960298, 7515330.296497179195285 ] } },
{ "type": "Feature", "properties": { "id": 146453, "address": "г Москва, Велозаводская Улица 6", "workTime": "Ежедневно 10:00-21:00", "pickupType": null, "fittingRooms": 2, "status": null }, "geometry": { "type": "Point", "coordinates": [ 4192837.043501606676728, 7501341.572394452989101 ] } },
{ "type": "Feature", "properties": { "id": 146673, "address": "г Москва, Улица Свободы 6/3", "workTime": "Ежедневно 09:00-21:00", "pickupType": 3, "fittingRooms": 2, "status": null }, "geometry": { "type": "Point", "coordinates": [ 4169207.032551936805248, 7523892.522932921536267 ] } },
{ "type": "Feature", "properties": { "id": 146752, "address": "г Москва, Набережная Тараса Шевченко 23а", "workTime": "Ежедневно 10:00-21:00", "pickupType": 3, "fittingRooms": 4, "status": null }, "geometry": { "type": "Point", "coordinates": [ 4179681.640038129873574, 7508139.336223884485662 ] } },
{ "type": "Feature", "properties": { "id": 146910, "address": "г Москва, Проспект Маршала Жукова 37к2", "workTime": "Ежедневно 10:00-21:00", "pickupType": null, "fittingRooms": 2, "status": null }, "geometry": { "type": "Point", "coordinates": [ 4171516.800666406285018, 7513629.40180878341198 ] } },
{ "type": "Feature", "properties": { "id": 146985, "address": "г Москва, Филёвский Бульвар 40", "workTime": "Ежедневно 10:00-21:00", "pickupType": 3, "fittingRooms": 2, "status": null }, "geometry": { "type": "Point", "coordinates": [ 4172526.468447902239859, 7511332.3146683126688 ] } },
{ "type": "Feature", "properties": { "id": 147201, "address": "г Москва, Улица Бориса Пастернака 5", "workTime": "Ежедневно 10:00-21:00", "pickupType": 3, "fittingRooms": 2, "status": null }, "geometry": { "type": "Point", "coordinates": [ 4155216.732907509896904, 7487589.798984573222697 ] } },
{ "type": "Feature", "properties": { "id": 147338, "address": "г Москва, Улица Мельникова 15/10", "workTime": "Ежедневно 10:00-21:00", "pickupType": 3, "fittingRooms": 3, "status": null }, "geometry": { "type": "Point", "coordinates": [ 4193507.96607261756435, 7503853.513178145512938 ] } },
{ "type": "Feature", "properties": { "id": 147459, "address": "г Москва, Улица Героев Панфиловцев 35", "workTime": "Ежедневно 10:00-21:00", "pickupType": null, "fittingRooms": 2, "status": null }, "geometry": { "type": "Point", "coordinates": [ 4164719.966517041437328, 7529823.9932378558442 ] } },
{ "type": "Feature", "properties": { "id": 147677, "address": "г Москва, Строгинский Бульвар 12", "workTime": "Ежедневно 10:00-21:00", "pickupType": 3, "fittingRooms": 4, "status": null }, "geometry": { "type": "Point", "coordinates": [ 4163136.001482543535531, 7519509.205627778545022 ] } },
{ "type": "Feature", "properties": { "id": 147678, "address": "г Москва, Бескудниковский Бульвар 29к1", "workTime": "Ежедневно 10:00-21:00", "pickupType": 3, "fittingRooms": 3, "status": null }, "geometry": { "type": "Point", "coordinates": [ 4180449.967163584660739, 7532814.853596655651927 ] } },
{ "type": "Feature", "properties": { "id": 147773, "address": "г Москва, Привольная Улица 27к1", "workTime": "Ежедневно 10:00-21:00", "pickupType": 3, "fittingRooms": 2, "status": null }, "geometry": { "type": "Point", "coordinates": [ 4213366.806632683612406, 7497980.289479455910623 ] } },
{ "type": "Feature", "properties": { "id": 147828, "address": "г Москва, Маломосковская Улица 21к1", "workTime": "Ежедневно 10:00-21:00", "pickupType": 3, "fittingRooms": 2, "status": null }, "geometry": { "type": "Point", "coordinates": [ 4191140.200503444764763, 7521366.521299380809069 ] } },
{ "type": "Feature", "properties": { "id": 148217, "address": "г Москва, Минская Улица 15к1", "workTime": "Ежедневно 10:00-21:00", "pickupType": 3, "fittingRooms": 2, "status": null }, "geometry": { "type": "Point", "coordinates": [ 4172303.606827333103865, 7507130.146397765725851 ] } },
{ "type": "Feature", "properties": { "id": 148590, "address": "г Москва, Улица Свободы 42", "workTime": "Ежедневно 10:00-21:00", "pickupType": null, "fittingRooms": 2, "status": null }, "geometry": { "type": "Point", "coordinates": [ 4169455.052377424668521, 7527876.997084461152554 ] } },
{ "type": "Feature", "properties": { "id": 148592, "address": "г Москва, Перовская Улица 56/55", "workTime": "Ежедневно 10:00-21:00", "pickupType": null, "fittingRooms": 2, "status": null }, "geometry": { "type": "Point", "coordinates": [ 4206716.023655239492655, 7507855.333737539127469 ] } },
{ "type": "Feature", "properties": { "id": 148620, "address": "г Москва, Бульвар Маршала Рокоссовского 39к1", "workTime": "Ежедневно 10:00-21:00", "pickupType": 4, "fittingRooms": 2, "status": null }, "geometry": { "type": "Point", "coordinates": [ 4198030.988303039222956, 7522296.139494623057544 ] } },
{ "type": "Feature", "properties": { "id": 148621, "address": "г Москва, Зелёный Проспект 22", "workTime": "Ежедневно 08:00-22:00", "pickupType": null, "fittingRooms": 2, "status": null }, "geometry": { "type": "Point", "coordinates": [ 4206686.301351197995245, 7508743.172904271632433 ] } },
{ "type": "Feature", "properties": { "id": 148983, "address": "г Москва, Бульвар Генерала Карбышева 19к1", "workTime": "Ежедневно 10:00-21:00", "pickupType": null, "fittingRooms": 2, "status": null }, "geometry": { "type": "Point", "coordinates": [ 4171198.872200700920075, 7515300.602345657534897 ] } },
{ "type": "Feature", "properties": { "id": 149011, "address": "г Москва, Улица Генерала Тюленева 29а", "workTime": "Ежедневно 10:00-21:00", "pickupType": 4, "fittingRooms": 2, "status": null }, "geometry": { "type": "Point", "coordinates": [ 4173305.036966509651393, 7482591.293083955533803 ] } },
{ "type": "Feature", "properties": { "id": 149015, "address": "г Москва, Улица Лазо 4к1", "workTime": "Ежедневно 10:00-21:00", "pickupType": null, "fittingRooms": 2, "status": null }, "geometry": { "type": "Point", "coordinates": [ 4204921.998741615563631, 7507764.162453745491803 ] } },
{ "type": "Feature", "properties": { "id": 149093, "address": "Москва, Москва, Кантемировская улица, 4к3", "workTime": "пн, вт, ср, чт, пт, сб 10:00-21:00 вс 11:00-21:00", "pickupType": 4, "fittingRooms": 2, "status": null }, "geometry": { "type": "Point", "coordinates": [ 4194262.603349733632058, 7486870.774159024469554 ] } },
{ "type": "Feature", "properties": { "id": 149145, "address": "г Москва, Волжский Бульвар 44", "workTime": "Ежедневно 10:00-21:00", "pickupType": null, "fittingRooms": 2, "status": null }, "geometry": { "type": "Point", "coordinates": [ 4202378.014418516308069, 7498742.939622503705323 ] } },
{ "type": "Feature", "properties": { "id": 149205, "address": "г Москва, Сельскохозяйственная Улица 35", "workTime": "Ежедневно 10:00-21:00", "pickupType": 3, "fittingRooms": 3, "status": null }, "geometry": { "type": "Point", "coordinates": [ 4188324.930581282824278, 7529227.229674799367785 ] } },
{ "type": "Feature", "properties": { "id": 149395, "address": "г Москва, Донецкая Улица 2", "workTime": "Ежедневно 10:00-21:00", "pickupType": null, "fittingRooms": 2, "status": null }, "geometry": { "type": "Point", "coordinates": [ 4198817.794463966041803, 7489558.22312474809587 ] } },
{ "type": "Feature", "properties": { "id": 149402, "address": "г Москва, Широкая Улица 9к2", "workTime": "Ежедневно 10:00-21:00", "pickupType": 3, "fittingRooms": 2, "status": null }, "geometry": { "type": "Point", "coordinates": [ 4192039.773308545351028, 7536312.242250587791204 ] } },
{ "type": "Feature", "properties": { "id": 149407, "address": "г Москва, Улица Декабристов 38к1", "workTime": "Ежедневно 10:00-21:00", "pickupType": 3, "fittingRooms": 4, "status": null }, "geometry": { "type": "Point", "coordinates": [ 4187513.856771362945437, 7530573.33509720582515 ] } },
{ "type": "Feature", "properties": { "id": 149449, "address": "г Москва, Амурская Улица 1ак2", "workTime": "Ежедневно 08:00-22:00", "pickupType": null, "fittingRooms": 2, "status": null }, "geometry": { "type": "Point", "coordinates": [ 4203292.949313346296549, 7520283.891173996031284 ] } },
{ "type": "Feature", "properties": { "id": 149459, "address": "г Москва, Митинская Улица 48", "workTime": "Ежедневно 10:00-21:00", "pickupType": 3, "fittingRooms": 3, "status": null }, "geometry": { "type": "Point", "coordinates": [ 4158373.41970793530345, 7528652.127394232898951 ] } },
{ "type": "Feature", "properties": { "id": 149521, "address": "г Москва, Красноказарменная Улица 14ак6", "workTime": "Ежедневно 10:00-21:00", "pickupType": 3, "fittingRooms": 3, "status": null }, "geometry": { "type": "Point", "coordinates": [ 4197902.859569136053324, 7509081.603184084407985 ] } },
{ "type": "Feature", "properties": { "id": 149573, "address": "г Москва, Улица Свободы 87", "workTime": "пн, вт, ср, чт, пт, сб 09:00-21:00 вс 10:00-21:00", "pickupType": 3, "fittingRooms": 3, "status": null }, "geometry": { "type": "Point", "coordinates": [ 4168538.892968195490539, 7531619.719132101163268 ] } },
{ "type": "Feature", "properties": { "id": 149576, "address": "г Москва, Проспект Гагарина 24к2", "workTime": "Ежедневно 10:00-21:00", "pickupType": 3, "fittingRooms": 3, "status": null }, "geometry": { "type": "Point", "coordinates": [ 4221032.378088199533522, 7496976.376700355671346 ] } },
{ "type": "Feature", "properties": { "id": 149658, "address": "Москва, Москва, улица Маршала Савицкого, 22к1", "workTime": "Ежедневно 10:00-21:00", "pickupType": 4, "fittingRooms": 2, "status": null }, "geometry": { "type": "Point", "coordinates": [ 4184670.322496530599892, 7460303.979519039392471 ] } },
{ "type": "Feature", "properties": { "id": 149666, "address": "г Москва, Родионовская Улица 5", "workTime": "Ежедневно 10:00-21:00", "pickupType": 3, "fittingRooms": 2, "status": null }, "geometry": { "type": "Point", "coordinates": [ 4162976.703291218727827, 7537176.166921503841877 ] } },
{ "type": "Feature", "properties": { "id": 149672, "address": "г Москва, Высотная Улица 8", "workTime": "Ежедневно 10:00-21:00", "pickupType": 3, "fittingRooms": 4, "status": null }, "geometry": { "type": "Point", "coordinates": [ 4181749.956177069339901, 7461415.716738613322377 ] } },
{ "type": "Feature", "properties": { "id": 149720, "address": "Москва, Москва, улица Каховка, 11к1", "workTime": "Ежедневно 10:00-21:00", "pickupType": 4, "fittingRooms": 2, "status": null }, "geometry": { "type": "Point", "coordinates": [ 4184194.977472852449864, 7489209.599140056408942 ] } },
{ "type": "Feature", "properties": { "id": 149757, "address": "г Москва, Южнобутовская Улица 91", "workTime": "пн - пт 09:00-21:00 сб, вс 10:00-21:00", "pickupType": 3, "fittingRooms": 2, "status": null }, "geometry": { "type": "Point", "coordinates": [ 4176887.520819218829274, 7466234.918739187531173 ] } },
{ "type": "Feature", "properties": { "id": 149758, "address": "г Москва, Остафьевское Шоссе 14к1", "workTime": "Ежедневно 09:00-21:00", "pickupType": 3, "fittingRooms": 2, "status": null }, "geometry": { "type": "Point", "coordinates": [ 4176896.315058991778642, 7459621.106417616829276 ] } },
{ "type": "Feature", "properties": { "id": 149804, "address": "г Москва, Проезд Шокальского 41", "workTime": "Ежедневно 10:00-21:00", "pickupType": 3, "fittingRooms": 4, "status": null }, "geometry": { "type": "Point", "coordinates": [ 4191515.792465381324291, 7534934.173268345184624 ] } },
{ "type": "Feature", "properties": { "id": 149890, "address": "г Москва, Улица Полины Осипенко 2к1", "workTime": "Ежедневно 10:00-21:00", "pickupType": 3, "fittingRooms": 2, "status": null }, "geometry": { "type": "Point", "coordinates": [ 4178725.962209669407457, 7514333.229415573179722 ] } },
{ "type": "Feature", "properties": { "id": 150045, "address": "г Москва, Южнобутовская Улица 17", "workTime": "Ежедневно 10:00-21:00", "pickupType": 3, "fittingRooms": 2, "status": null }, "geometry": { "type": "Point", "coordinates": [ 4179058.918806632515043, 7467974.005808922462165 ] } },
{ "type": "Feature", "properties": { "id": 150099, "address": "г Москва, Митинская Улица 23", "workTime": "Ежедневно 10:00-21:00", "pickupType": 3, "fittingRooms": 2, "status": null }, "geometry": { "type": "Point", "coordinates": [ 4159387.985547025222331, 7527419.966500208713114 ] } },
{ "type": "Feature", "properties": { "id": 150102, "address": "г Москва, Изюмская Улица 39к1", "workTime": "Ежедневно 10:00-21:00", "pickupType": null, "fittingRooms": 2, "status": null }, "geometry": { "type": "Point", "coordinates": [ 4182180.985245419666171, 7469335.842277841642499 ] } },
{ "type": "Feature", "properties": { "id": 150112, "address": "г Москва, Херсонская Улица 12к5", "workTime": "Ежедневно 10:00-21:00", "pickupType": 3, "fittingRooms": 2, "status": null }, "geometry": { "type": "Point", "coordinates": [ 4182633.165017022751272, 7489389.926729865372181 ] } },
{ "type": "Feature", "properties": { "id": 150118, "address": "г Москва, Старокачаловская Улица 4", "workTime": "Ежедневно 10:00-21:00", "pickupType": 4, "fittingRooms": 2, "status": null }, "geometry": { "type": "Point", "coordinates": [ 4184561.997833997942507, 7473074.894066686742008 ] } },
{ "type": "Feature", "properties": { "id": 150120, "address": "г Москва, Улица Поляны 5ак4", "workTime": "Ежедневно 10:00-21:00", "pickupType": null, "fittingRooms": 2, "status": null }, "geometry": { "type": "Point", "coordinates": [ 4180871.979353182483464, 7470348.176047704182565 ] } },
{ "type": "Feature", "properties": { "id": 150135, "address": "г Москва, Индустриальная Улица 6", "workTime": "Ежедневно 10:00-21:00", "pickupType": null, "fittingRooms": 2, "status": null }, "geometry": { "type": "Point", "coordinates": [ 4180785.038830873090774, 7460551.971718315966427 ] } },
{ "type": "Feature", "properties": { "id": 150187, "address": "г Москва, Нижегородская Улица 3", "workTime": "Ежедневно 10:00-21:00", "pickupType": 3, "fittingRooms": 3, "status": null }, "geometry": { "type": "Point", "coordinates": [ 4194125.232649066485465, 7506749.880410722456872 ] } },
{ "type": "Feature", "properties": { "id": 150206, "address": "г Москва, Советский Проспект 104", "workTime": "Ежедневно 10:00-21:00", "pickupType": 3, "fittingRooms": 2, "status": null }, "geometry": { "type": "Point", "coordinates": [ 4158111.039668135810643, 7504225.729408058337867 ] } },
{ "type": "Feature", "properties": { "id": 150310, "address": "г Москва, 3-Й Михалковский Переулок 16к1", "workTime": "Ежедневно 10:00-21:00", "pickupType": 3, "fittingRooms": 3, "status": null }, "geometry": { "type": "Point", "coordinates": [ 4177453.5804299027659, 7525987.38593343924731 ] } },
{ "type": "Feature", "properties": { "id": 150319, "address": "г Москва, Улица Коновалова 10", "workTime": "Ежедневно 10:00-21:00", "pickupType": 3, "fittingRooms": 2, "status": null }, "geometry": { "type": "Point", "coordinates": [ 4203804.017095577903092, 7504887.974726026877761 ] } },
{ "type": "Feature", "properties": { "id": 150373, "address": "г Москва, Улица Вертолётчиков 9к2", "workTime": "пн - пт 10:00-22:00 сб, вс 10:00-21:00", "pickupType": 3, "fittingRooms": 3, "status": null }, "geometry": { "type": "Point", "coordinates": [ 4223288.044930143281817, 7499430.39669156819582 ] } },
{ "type": "Feature", "properties": { "id": 150406, "address": "г Москва, 1-Я Мясниковская Улица 2", "workTime": "Ежедневно 10:00-21:00", "pickupType": 3, "fittingRooms": 5, "status": null }, "geometry": { "type": "Point", "coordinates": [ 4196970.336194760166109, 7521892.934547928161919 ] } },
{ "type": "Feature", "properties": { "id": 150415, "address": "г Москва, Пролетарский Проспект 33к1", "workTime": "Ежедневно 10:00-21:00", "pickupType": 3, "fittingRooms": 3, "status": null }, "geometry": { "type": "Point", "coordinates": [ 4192198.069624453317374, 7485955.153203190304339 ] } },
{ "type": "Feature", "properties": { "id": 150520, "address": "г Москва, Жулебинский Бульвар 30к1", "workTime": "Ежедневно 10:00-21:00", "pickupType": 3, "fittingRooms": 2, "status": null }, "geometry": { "type": "Point", "coordinates": [ 4213887.559210615232587, 7496807.721099307760596 ] } },
{ "type": "Feature", "properties": { "id": 150556, "address": "г Москва, Улица Шолохова 5к2", "workTime": "Ежедневно 10:00-21:00", "pickupType": 3, "fittingRooms": 2, "status": null }, "geometry": { "type": "Point", "coordinates": [ 4158271.451054369099438, 7486445.628959648311138 ] } },
{ "type": "Feature", "properties": { "id": 150598, "address": "г Москва, Бульвар Генерала Карбышева 16", "workTime": "Ежедневно 10:00-21:00", "pickupType": 3, "fittingRooms": 2, "status": 3 }, "geometry": { "type": "Point", "coordinates": [ 4171356.277960682287812, 7514935.769534575752914 ] } },
{ "type": "Feature", "properties": { "id": 150641, "address": "г Москва, Улица Маршала Тухачевского 50к2", "workTime": "Ежедневно 10:00-21:00", "pickupType": 3, "fittingRooms": 3, "status": null }, "geometry": { "type": "Point", "coordinates": [ 4170082.782986007165164, 7516027.548031307756901 ] } },
{ "type": "Feature", "properties": { "id": 150649, "address": "г Москва, Улица Александры Монаховой 109к1", "workTime": "Ежедневно 10:00-21:00", "pickupType": 3, "fittingRooms": 3, "status": null }, "geometry": { "type": "Point", "coordinates": [ 4174252.365833160467446, 7467578.3488176940009 ] } },
{ "type": "Feature", "properties": { "id": 150659, "address": "г Москва, Проезд Дежнёва 27к1", "workTime": "Ежедневно 10:00-21:00", "pickupType": 3, "fittingRooms": 3, "status": null }, "geometry": { "type": "Point", "coordinates": [ 4189412.692881751339883, 7532636.037070257589221 ] } },
{ "type": "Feature", "properties": { "id": 150747, "address": "г Москва, Алма-Атинская Улица 10к1", "workTime": "Ежедневно 10:00-21:00", "pickupType": 3, "fittingRooms": 2, "status": null }, "geometry": { "type": "Point", "coordinates": [ 4204233.710330040194094, 7486946.392059134319425 ] } },
{ "type": "Feature", "properties": { "id": 150754, "address": "г Москва, Проезд Донелайтиса 23", "workTime": "Ежедневно 10:00-21:00", "pickupType": 3, "fittingRooms": 3, "status": null }, "geometry": { "type": "Point", "coordinates": [ 4165412.373749776277691, 7527936.879021514207125 ] } },
{ "type": "Feature", "properties": { "id": 150760, "address": "г Москва, Пятницкое Шоссе 15к1", "workTime": "Ежедневно 10:00-21:00", "pickupType": 3, "fittingRooms": 6, "status": null }, "geometry": { "type": "Point", "coordinates": [ 4161266.724593143444508, 7527097.582917929627001 ] } },
{ "type": "Feature", "properties": { "id": 150852, "address": "г Москва, Улица Барышиха 4", "workTime": "Ежедневно 10:00-21:00", "pickupType": 3, "fittingRooms": 3, "status": null }, "geometry": { "type": "Point", "coordinates": [ 4159737.19478964433074, 7526707.013246836140752 ] } },
{ "type": "Feature", "properties": { "id": 150869, "address": "г Москва, Первомайская Улица 39", "workTime": "Ежедневно 10:00-21:00", "pickupType": 3, "fittingRooms": 2, "status": null }, "geometry": { "type": "Point", "coordinates": [ 4206218.425531392917037, 7517358.677644982933998 ] } },
{ "type": "Feature", "properties": { "id": 150875, "address": "г Москва, Мичуринский Проспект 29к1", "workTime": "Ежедневно 10:00-21:00", "pickupType": null, "fittingRooms": 2, "status": null }, "geometry": { "type": "Point", "coordinates": [ 4174818.091485371813178, 7497423.312109254300594 ] } },
{ "type": "Feature", "properties": { "id": 150907, "address": "г Москва, Улица Героев Панфиловцев 16к1", "workTime": "Ежедневно 09:00-21:00", "pickupType": 3, "fittingRooms": 4, "status": null }, "geometry": { "type": "Point", "coordinates": [ 4166135.61648145923391, 7530377.959697158075869 ] } },
{ "type": "Feature", "properties": { "id": 150914, "address": "г Москва, Борисовский Проезд 11а", "workTime": "Ежедневно 10:00-21:00", "pickupType": 3, "fittingRooms": 5, "status": null }, "geometry": { "type": "Point", "coordinates": [ 4199085.517839323729277, 7484353.583098763599992 ] } },
{ "type": "Feature", "properties": { "id": 150923, "address": "г Москва, Проспект Будённого 17к1", "workTime": "Ежедневно 10:00-21:00", "pickupType": 3, "fittingRooms": 2, "status": null }, "geometry": { "type": "Point", "coordinates": [ 4199547.716365097090602, 7513726.777953550219536 ] } },
{ "type": "Feature", "properties": { "id": 150926, "address": "г Москва, Полярная Улица 27к4", "workTime": "пн - пт 10:00-21:00 сб, вс 11:00-21:00", "pickupType": 3, "fittingRooms": 2, "status": null }, "geometry": { "type": "Point", "coordinates": [ 4189544.101644450332969, 7535251.923033323138952 ] } },
{ "type": "Feature", "properties": { "id": 150934, "address": "г Москва, Улица Маршала Полубоярова 1", "workTime": "Ежедневно 10:00-21:00", "pickupType": 3, "fittingRooms": 3, "status": null }, "geometry": { "type": "Point", "coordinates": [ 4214601.339785581454635, 7497082.825164451263845 ] } },
{ "type": "Feature", "properties": { "id": 150935, "address": "г Москва, Улица Академика Варги 5", "workTime": "Ежедневно 10:00-21:00", "pickupType": 3, "fittingRooms": 3, "status": null }, "geometry": { "type": "Point", "coordinates": [ 4171779.180706206243485, 7484806.887225174345076 ] } },
{ "type": "Feature", "properties": { "id": 150980, "address": "г Москва, 1-Й Тушинский Проезд 6", "workTime": "Ежедневно 10:00-21:00", "pickupType": 3, "fittingRooms": 3, "status": null }, "geometry": { "type": "Point", "coordinates": [ 4165744.9963882653974, 7525380.611913469620049 ] } },
{ "type": "Feature", "properties": { "id": 151002, "address": "г Москва, Рождественская Улица 21к2", "workTime": "Ежедневно 10:00-21:00", "pickupType": 3, "fittingRooms": 4, "status": 3 }, "geometry": { "type": "Point", "coordinates": [ 4220911.26248221565038, 7499894.069688211195171 ] } },
{ "type": "Feature", "properties": { "id": 151030, "address": "г Москва, Шоссейная Улица 4к3", "workTime": "Ежедневно 10:00-21:00", "pickupType": 3, "fittingRooms": 2, "status": null }, "geometry": { "type": "Point", "coordinates": [ 4199698.999553085304797, 7497219.689631748013198 ] } },
{ "type": "Feature", "properties": { "id": 151070, "address": "г Москва, Рублёвское Шоссе 18к1", "workTime": "Ежедневно 10:00-21:00", "pickupType": 3, "fittingRooms": 2, "status": null }, "geometry": { "type": "Point", "coordinates": [ 4167017.712126505561173, 7506956.522889289073646 ] } },
{ "type": "Feature", "properties": { "id": 151118, "address": "г Москва, Большая Академическая Улица 79к4", "workTime": "Ежедневно 10:00-21:00", "pickupType": 3, "fittingRooms": 3, "status": null }, "geometry": { "type": "Point", "coordinates": [ 4180743.961938769556582, 7527675.54338710103184 ] } },
{ "type": "Feature", "properties": { "id": 151165, "address": "г Москва, Абрамцевская Улица 7", "workTime": "Ежедневно 10:00-21:00", "pickupType": 3, "fittingRooms": 2, "status": null }, "geometry": { "type": "Point", "coordinates": [ 4182621.699109470937401, 7539088.182954955846071 ] } },
{ "type": "Feature", "properties": { "id": 151212, "address": "г Москва, Проезд Берёзовой Рощи 12", "workTime": "Ежедневно 10:00-21:00", "pickupType": 3, "fittingRooms": 2, "status": null }, "geometry": { "type": "Point", "coordinates": [ 4176645.734885215759277, 7516902.270124225877225 ] } },
{ "type": "Feature", "properties": { "id": 151232, "address": "г Москва, 2-Й Вольный Переулок 11", "workTime": "Ежедневно 10:00-21:00", "pickupType": 3, "fittingRooms": 2, "status": null }, "geometry": { "type": "Point", "coordinates": [ 4201112.979725142009556, 7513515.402030472643673 ] } },
{ "type": "Feature", "properties": { "id": 151271, "address": "г Москва, Улица Раменки 23", "workTime": "Ежедневно 10:00-21:00", "pickupType": 3, "fittingRooms": 2, "status": null }, "geometry": { "type": "Point", "coordinates": [ 4173699.998519843909889, 7496917.129582361318171 ] } },
{ "type": "Feature", "properties": { "id": 151309, "address": "г Москва, 5-Я Улица Соколиной Горы 19к2", "workTime": "Ежедневно 10:00-21:00", "pickupType": 3, "fittingRooms": 3, "status": null }, "geometry": { "type": "Point", "coordinates": [ 4200889.672826610505581, 7511609.124124152585864 ] } },
{ "type": "Feature", "properties": { "id": 151321, "address": "г Москва, Открытое Шоссе 25к2", "workTime": "Ежедневно 10:00-21:00", "pickupType": 3, "fittingRooms": 3, "status": null }, "geometry": { "type": "Point", "coordinates": [ 4203621.898408640176058, 7523974.966803673654795 ] } },
{ "type": "Feature", "properties": { "id": 151328, "address": "г Москва, Сиреневый Бульвар 16к1", "workTime": "Ежедневно 10:00-21:00", "pickupType": 3, "fittingRooms": 3, "status": null }, "geometry": { "type": "Point", "coordinates": [ 4206405.99887338001281, 7519157.443663312122226 ] } },
{ "type": "Feature", "properties": { "id": 151338, "address": "г Москва, Ясногорская Улица 17к1", "workTime": "Ежедневно 10:00-21:00", "pickupType": 3, "fittingRooms": 3, "status": null }, "geometry": { "type": "Point", "coordinates": [ 4178182.055177653674036, 7479612.933084411546588 ] } },
{ "type": "Feature", "properties": { "id": 151379, "address": "г Москва, Улица Лавриненко 1", "workTime": "Ежедневно 10:00-21:00", "pickupType": 3, "fittingRooms": 3, "status": null }, "geometry": { "type": "Point", "coordinates": [ 4223841.636757859028876, 7499224.745789524167776 ] } },
{ "type": "Feature", "properties": { "id": 151449, "address": "г Москва, Проспект Мира 78а", "workTime": "Ежедневно 10:00-21:00", "pickupType": 3, "fittingRooms": 3, "status": null }, "geometry": { "type": "Point", "coordinates": [ 4189598.982153411023319, 7517007.805774997919798 ] } },
{ "type": "Feature", "properties": { "id": 151512, "address": "г Москва, Алтуфьевское Шоссе 97", "workTime": "Ежедневно 10:00-22:00", "pickupType": 3, "fittingRooms": 2, "status": null }, "geometry": { "type": "Point", "coordinates": [ 4184040.466019631363451, 7539110.0259630959481 ] } },
{ "type": "Feature", "properties": { "id": 151539, "address": "г Москва, Улица Александры Монаховой 5к3", "workTime": "Ежедневно 10:00-21:00", "pickupType": 3, "fittingRooms": 3, "status": null }, "geometry": { "type": "Point", "coordinates": [ 4171539.955120491795242, 7474256.468592436984181 ] } },
{ "type": "Feature", "properties": { "id": 151543, "address": "г Москва, Ленинский Проспект 123", "workTime": "Ежедневно 10:00-21:00", "pickupType": 3, "fittingRooms": 3, "status": null }, "geometry": { "type": "Point", "coordinates": [ 4172081.079165237490088, 7488376.871731669642031 ] } },
{ "type": "Feature", "properties": { "id": 151673, "address": "г Москва, Полярная Улица 27к2", "workTime": "Ежедневно 09:00-21:00", "pickupType": 3, "fittingRooms": 3, "status": null }, "geometry": { "type": "Point", "coordinates": [ 4189710.412963696289808, 7535122.519298639148474 ] } },
{ "type": "Feature", "properties": { "id": 151686, "address": "г Москва, Коровинское Шоссе 3к2", "workTime": "Ежедневно 10:00-21:00", "pickupType": 3, "fittingRooms": 2, "status": null }, "geometry": { "type": "Point", "coordinates": [ 4179023.741847542114556, 7531725.258073637261987 ] } },
{ "type": "Feature", "properties": { "id": 151710, "address": "г Москва, Улица Генерала Глаголева 9к2", "workTime": "Ежедневно 10:00-21:00", "pickupType": 3, "fittingRooms": 2, "status": null }, "geometry": { "type": "Point", "coordinates": [ 4170017.32712542032823, 7515128.180564896203578 ] } },
{ "type": "Feature", "properties": { "id": 151799, "address": "г Москва, Левобережная Улица 4к10", "workTime": "Ежедневно 10:00-21:00", "pickupType": 3, "fittingRooms": 3, "status": null }, "geometry": { "type": "Point", "coordinates": [ 4172318.968917062971741, 7532501.767585262656212 ] } },
{ "type": "Feature", "properties": { "id": 151819, "address": "г Москва, Славянский Бульвар 9к6", "workTime": "Ежедневно 10:00-21:00", "pickupType": 3, "fittingRooms": 2, "status": null }, "geometry": { "type": "Point", "coordinates": [ 4170824.838711635675281, 7503813.58451586868614 ] } },
{ "type": "Feature", "properties": { "id": 151830, "address": "г Москва, Микрорайон 1 Мая 34", "workTime": "Ежедневно 10:00-21:00", "pickupType": 3, "fittingRooms": 2, "status": null }, "geometry": { "type": "Point", "coordinates": [ 4212844.05030391830951, 7519400.862817243672907 ] } },
{ "type": "Feature", "properties": { "id": 151843, "address": "г Москва, 6-Я Радиальная Улица 3к11", "workTime": "Ежедневно 10:00-21:00", "pickupType": 3, "fittingRooms": 3, "status": null }, "geometry": { "type": "Point", "coordinates": [ 4192190.611218570265919, 7480532.412771883420646 ] } },
{ "type": "Feature", "properties": { "id": 151893, "address": "г Москва, 9-Я Парковая Улица 48", "workTime": "Ежедневно 10:00-21:00", "pickupType": 3, "fittingRooms": 2, "status": null }, "geometry": { "type": "Point", "coordinates": [ 4207839.3486368348822, 7518644.882319089956582 ] } },
{ "type": "Feature", "properties": { "id": 151920, "address": "г Москва, Улица Архитектора Власова 8", "workTime": "Ежедневно 10:00-21:00", "pickupType": 3, "fittingRooms": 2, "status": null }, "geometry": { "type": "Point", "coordinates": [ 4179877.451022435911, 7494627.576709843240678 ] } },
{ "type": "Feature", "properties": { "id": 152110, "address": "г Москва, Посёлок Шишкин Лес 31б", "workTime": "Ежедневно 10:00-21:00", "pickupType": 3, "fittingRooms": 3, "status": null }, "geometry": { "type": "Point", "coordinates": [ 4139963.958917997777462, 7442754.423136937431991 ] } },
{ "type": "Feature", "properties": { "id": 152143, "address": "г Москва, Волков Переулок 13с1", "workTime": "Ежедневно 09:00-21:00", "pickupType": 3, "fittingRooms": 3, "status": null }, "geometry": { "type": "Point", "coordinates": [ 4182714.984842755831778, 7511510.191798583604395 ] } },
{ "type": "Feature", "properties": { "id": 152204, "address": "г Москва, Улица Адмирала Руднева 20", "workTime": "Ежедневно 10:00-21:00", "pickupType": 3, "fittingRooms": 2, "status": null }, "geometry": { "type": "Point", "coordinates": [ 4176281.497511339839548, 7467451.254943938925862 ] } },
{ "type": "Feature", "properties": { "id": 152219, "address": "г Москва, Проспект Магеллана 2", "workTime": "Ежедневно 10:00-21:00", "pickupType": 3, "fittingRooms": 3, "status": null }, "geometry": { "type": "Point", "coordinates": [ 4168605.128065218217671, 7477430.739772005937994 ] } },
{ "type": "Feature", "properties": { "id": 152223, "address": "г Москва, Нагатинская Улица 25", "workTime": "Ежедневно 10:00-21:00", "pickupType": 3, "fittingRooms": 2, "status": null }, "geometry": { "type": "Point", "coordinates": [ 4191362.282887577544898, 7494751.564430400729179 ] } },
{ "type": "Feature", "properties": { "id": 152252, "address": "г Москва, Улица Генерала Кузнецова 11к2", "workTime": "Ежедневно 10:00-21:00", "pickupType": 3, "fittingRooms": 4, "status": null }, "geometry": { "type": "Point", "coordinates": [ 4214663.010783480480313, 7496645.586107926443219 ] } },
{ "type": "Feature", "properties": { "id": 152270, "address": "г Москва, Большой Козловский Переулок 10с1", "workTime": "Ежедневно 10:00-21:00", "pickupType": null, "fittingRooms": 2, "status": null }, "geometry": { "type": "Point", "coordinates": [ 4190887.950537307653576, 7512004.272485423833132 ] } },
{ "type": "Feature", "properties": { "id": 152460, "address": "г Москва, Ленинский Проспект 82/2", "workTime": "Ежедневно 10:00-22:00", "pickupType": 3, "fittingRooms": 4, "status": null }, "geometry": { "type": "Point", "coordinates": [ 4178209.99636984243989, 7495125.316530373878777 ] } },
{ "type": "Feature", "properties": { "id": 152478, "address": "г Москва, Проезд Русанова 31", "workTime": "Ежедневно 09:00-21:00", "pickupType": 3, "fittingRooms": 3, "status": null }, "geometry": { "type": "Point", "coordinates": [ 4189961.412144034635276, 7529980.261299225501716 ] } },
{ "type": "Feature", "properties": { "id": 152654, "address": "г Москва, Старокачаловская Улица 1к2", "workTime": "Ежедневно 10:00-21:00", "pickupType": 3, "fittingRooms": 2, "status": null }, "geometry": { "type": "Point", "coordinates": [ 4184070.744921126402915, 7472911.287495925091207 ] } },
{ "type": "Feature", "properties": { "id": 152712, "address": "г Москва, Красногорская Улица 19к1", "workTime": "Ежедневно 10:00-21:00", "pickupType": 3, "fittingRooms": 2, "status": null }, "geometry": { "type": "Point", "coordinates": [ 4217884.930805509909987, 7497255.634237496182323 ] } },
{ "type": "Feature", "properties": { "id": 152750, "address": "г Москва, Улица Зацепа 32", "workTime": "Ежедневно 10:00-21:00", "pickupType": null, "fittingRooms": 2, "status": null }, "geometry": { "type": "Point", "coordinates": [ 4189074.110754321794957, 7504773.510950970463455 ] } },
{ "type": "Feature", "properties": { "id": 152807, "address": "г Москва, Улица Руднёвка 5", "workTime": "Ежедневно 10:00-21:00", "pickupType": 3, "fittingRooms": 2, "status": null }, "geometry": { "type": "Point", "coordinates": [ 4216956.971530257724226, 7502027.877571517601609 ] } },
{ "type": "Feature", "properties": { "id": 153008, "address": "г Москва, Союзный Проспект 22", "workTime": "Ежедневно 10:00-21:00", "pickupType": 3, "fittingRooms": 6, "status": null }, "geometry": { "type": "Point", "coordinates": [ 4210104.477635495364666, 7508506.616776746697724 ] } },
{ "type": "Feature", "properties": { "id": 153212, "address": "г Москва, Затонная Улица 11к2а", "workTime": "Ежедневно 08:00-22:00", "pickupType": null, "fittingRooms": 2, "status": null }, "geometry": { "type": "Point", "coordinates": [ 4195375.016572201624513, 7494825.602633153088391 ] } },
{ "type": "Feature", "properties": { "id": 153234, "address": "г Москва, Берингов Проезд 3", "workTime": "Ежедневно 10:00-21:00", "pickupType": 3, "fittingRooms": 3, "status": null }, "geometry": { "type": "Point", "coordinates": [ 4192133.393000302370638, 7529877.345238405279815 ] } },
{ "type": "Feature", "properties": { "id": 153344, "address": "Москва, Москва, Керамический проезд, 51к2", "workTime": "Ежедневно 10:00-21:00", "pickupType": 4, "fittingRooms": 5, "status": 3 }, "geometry": { "type": "Point", "coordinates": [ 4181609.764974463265389, 7533623.230467244982719 ] } },
{ "type": "Feature", "properties": { "id": 153361, "address": "г Москва, Улица Грина 1к8", "workTime": "Ежедневно 10:00-21:00", "pickupType": 3, "fittingRooms": 2, "status": null }, "geometry": { "type": "Point", "coordinates": [ 4184218.465885409619659, 7471451.385002259165049 ] } },
{ "type": "Feature", "properties": { "id": 153603, "address": "г Москва, Улица Барышевская Роща 26", "workTime": "Ежедневно 10:00-21:00", "pickupType": null, "fittingRooms": 2, "status": null }, "geometry": { "type": "Point", "coordinates": [ 4178315.527247115038335, 7460486.713153261691332 ] } },
{ "type": "Feature", "properties": { "id": 153747, "address": "Россия, Москва, Ясногорская улица, 21к1", "workTime": "Ежедневно 10:00-21:00", "pickupType": 4, "fittingRooms": null, "status": null }, "geometry": { "type": "Point", "coordinates": [ 4177933.924032675568014, 7479049.002872324548662 ] } },
{ "type": "Feature", "properties": { "id": 153774, "address": "г Москва, Ключевая Улица 10к1", "workTime": "Ежедневно 10:00-21:00", "pickupType": null, "fittingRooms": 2, "status": null }, "geometry": { "type": "Point", "coordinates": [ 4203298.927170002833009, 7486382.491328385658562 ] } },
{ "type": "Feature", "properties": { "id": 153833, "address": "г Москва, Улица Яблочкова 37г", "workTime": "Ежедневно 10:00-21:00", "pickupType": null, "fittingRooms": 2, "status": null }, "geometry": { "type": "Point", "coordinates": [ 4182849.969298819079995, 7523892.693963403813541 ] } },
{ "type": "Feature", "properties": { "id": 153841, "address": "г Москва, Улица Казакова 29с1", "workTime": "Ежедневно 10:00-21:00", "pickupType": null, "fittingRooms": 2, "status": null }, "geometry": { "type": "Point", "coordinates": [ 4193298.79674941720441, 7511502.870856903493404 ] } },
{ "type": "Feature", "properties": { "id": 153843, "address": "г Москва, Улица Льва Яшина 9", "workTime": "Ежедневно 10:00-21:00", "pickupType": null, "fittingRooms": 2, "status": null }, "geometry": { "type": "Point", "coordinates": [ 4221823.7483482491225, 7498477.257815927267075 ] } },
{ "type": "Feature", "properties": { "id": 153850, "address": "г Москва, Шоссе Энтузиастов 86ак1", "workTime": "Ежедневно 10:00-21:00", "pickupType": null, "fittingRooms": 2, "status": null }, "geometry": { "type": "Point", "coordinates": [ 4207708.993513115681708, 7511640.584869549609721 ] } },
{ "type": "Feature", "properties": { "id": 153858, "address": "г Москва, Улица Николая Старостина 11", "workTime": "Ежедневно 10:00-21:00", "pickupType": null, "fittingRooms": 2, "status": null }, "geometry": { "type": "Point", "coordinates": [ 4214061.996852687560022, 7505141.619847956113517 ] } },
{ "type": "Feature", "properties": { "id": 153918, "address": "г Москва, Оршанская Улица 9", "workTime": "Ежедневно 10:00-21:00", "pickupType": 3, "fittingRooms": 4, "status": null }, "geometry": { "type": "Point", "coordinates": [ 4163735.011662502307445, 7507406.211864684708416 ] } },
{ "type": "Feature", "properties": { "id": 153975, "address": "г Москва, Улица Генерала Тюленева 4ас3", "workTime": "Ежедневно 10:00-21:00", "pickupType": 3, "fittingRooms": 3, "status": null }, "geometry": { "type": "Point", "coordinates": [ 4172700.238173029851168, 7484223.058524650521576 ] } },
{ "type": "Feature", "properties": { "id": 154015, "address": "г Москва, Улица Красная Пресня 24", "workTime": "Ежедневно 10:00-21:00", "pickupType": null, "fittingRooms": 2, "status": null }, "geometry": { "type": "Point", "coordinates": [ 4182254.010831380262971, 7511220.920956497080624 ] } },
{ "type": "Feature", "properties": { "id": 154104, "address": "г Москва, Пятницкое Шоссе 27к2", "workTime": "Ежедневно 10:00-21:00", "pickupType": 3, "fittingRooms": 2, "status": null }, "geometry": { "type": "Point", "coordinates": [ 4159159.33531293598935, 7528431.021904351189733 ] } },
{ "type": "Feature", "properties": { "id": 154112, "address": "г Москва, Истринская Улица 5", "workTime": "Ежедневно 08:00-22:00", "pickupType": null, "fittingRooms": 4, "status": null }, "geometry": { "type": "Point", "coordinates": [ 4166805.982455016579479, 7506242.88824044726789 ] } },
{ "type": "Feature", "properties": { "id": 154124, "address": "г Москва, Карельский Бульвар 4а", "workTime": "Ежедневно 10:00-21:00", "pickupType": null, "fittingRooms": 2, "status": null }, "geometry": { "type": "Point", "coordinates": [ 4178491.189403586555272, 7536931.987212906591594 ] } },
{ "type": "Feature", "properties": { "id": 154293, "address": "г Москва, Улица Столетова 17", "workTime": "Ежедневно 10:00-21:00", "pickupType": 3, "fittingRooms": 3, "status": null }, "geometry": { "type": "Point", "coordinates": [ 4174355.113723162561655, 7499251.019807045347989 ] } },
{ "type": "Feature", "properties": { "id": 154495, "address": "г Москва, Улица Генерала Белобородова 20к1", "workTime": "Ежедневно 10:00-21:00", "pickupType": 3, "fittingRooms": 3, "status": null }, "geometry": { "type": "Point", "coordinates": [ 4158274.790639093145728, 7525332.841142318211496 ] } },
{ "type": "Feature", "properties": { "id": 154496, "address": "г Москва, Ангелов Переулок 9к2", "workTime": "Ежедневно 10:00-21:00", "pickupType": 3, "fittingRooms": 2, "status": null }, "geometry": { "type": "Point", "coordinates": [ 4157443.345362357795238, 7528657.084989135153592 ] } },
{ "type": "Feature", "properties": { "id": 154519, "address": "г Москва, Цимлянская Улица 3к2", "workTime": "Ежедневно 10:00-21:00", "pickupType": null, "fittingRooms": 2, "status": null }, "geometry": { "type": "Point", "coordinates": [ 4204751.568601210601628, 7492970.123134980909526 ] } },
{ "type": "Feature", "properties": { "id": 154539, "address": "г Москва, Саратовская Улица 12/2", "workTime": "Ежедневно 10:00-21:00", "pickupType": null, "fittingRooms": 2, "status": null }, "geometry": { "type": "Point", "coordinates": [ 4200846.25822520069778, 7501801.407902983948588 ] } },
{ "type": "Feature", "properties": { "id": 154561, "address": "г Москва, Бескудниковский Бульвар 6к2", "workTime": "Ежедневно 10:00-21:00", "pickupType": 3, "fittingRooms": 2, "status": null }, "geometry": { "type": "Point", "coordinates": [ 4181770.105004902463406, 7530152.242813142947853 ] } },
{ "type": "Feature", "properties": { "id": 154589, "address": "г Москва, Алтуфьевское Шоссе 85", "workTime": "Ежедневно 10:00-21:00", "pickupType": 3, "fittingRooms": 2, "status": null }, "geometry": { "type": "Point", "coordinates": [ 4183998.053293638862669, 7536815.855677261948586 ] } },
{ "type": "Feature", "properties": { "id": 154788, "address": "г Москва, Электролитный Проезд 16к3", "workTime": "Ежедневно 08:00-22:00", "pickupType": null, "fittingRooms": 2, "status": null }, "geometry": { "type": "Point", "coordinates": [ 4186763.006805961951613, 7493049.868591777980328 ] } },
{ "type": "Feature", "properties": { "id": 154870, "address": "г Москва, Улица Шухова 18", "workTime": "Ежедневно 10:00-21:00", "pickupType": null, "fittingRooms": 2, "status": null }, "geometry": { "type": "Point", "coordinates": [ 4186775.029310967773199, 7502264.432827615179121 ] } },
{ "type": "Feature", "properties": { "id": 154887, "address": "г Москва, Волынская Улица 10к2", "workTime": "Ежедневно 10:00-21:00", "pickupType": null, "fittingRooms": 2, "status": null }, "geometry": { "type": "Point", "coordinates": [ 4164360.961159232538193, 7487759.436958522535861 ] } },
{ "type": "Feature", "properties": { "id": 154911, "address": "г Москва, Муравская Улица 42к3", "workTime": "Ежедневно 08:00-22:00", "pickupType": 4, "fittingRooms": 2, "status": null }, "geometry": { "type": "Point", "coordinates": [ 4160359.693382160272449, 7530385.695278718136251 ] } },
{ "type": "Feature", "properties": { "id": 154997, "address": "г Москва, Загорьевский Проезд 11ас9", "workTime": "Ежедневно 08:00-22:00", "pickupType": null, "fittingRooms": 2, "status": null }, "geometry": { "type": "Point", "coordinates": [ 4194165.97558269649744, 7474703.470199653878808 ] } },
{ "type": "Feature", "properties": { "id": 155017, "address": "Москва, Москва, улица Крупской, 19/17", "workTime": "Ежедневно 10:00-21:00", "pickupType": 4, "fittingRooms": 2, "status": 3 }, "geometry": { "type": "Point", "coordinates": [ 4177219.030262801330537, 7495918.884000895544887 ] } },
{ "type": "Feature", "properties": { "id": 155022, "address": "г Москва, Кустанайская Улица 8к3", "workTime": "Ежедневно 10:00-21:00", "pickupType": 4, "fittingRooms": 2, "status": null }, "geometry": { "type": "Point", "coordinates": [ 4202338.050721321254969, 7482880.084756445139647 ] } },
{ "type": "Feature", "properties": { "id": 155144, "address": "Москва, Москва, Рождественская улица, 33", "workTime": "Ежедневно 10:00-21:00", "pickupType": 4, "fittingRooms": 3, "status": null }, "geometry": { "type": "Point", "coordinates": [ 4222547.681817373260856, 7499710.398509730584919 ] } },
{ "type": "Feature", "properties": { "id": 155164, "address": "г Москва, Улица Милашенкова 10", "workTime": "Ежедневно 10:00-21:00", "pickupType": null, "fittingRooms": 2, "status": null }, "geometry": { "type": "Point", "coordinates": [ 4183671.998505106195807, 7523977.741372350603342 ] } },
{ "type": "Feature", "properties": { "id": 155183, "address": "г Москва, Улица Юных Ленинцев 44к1", "workTime": "Ежедневно 10:00-21:00", "pickupType": null, "fittingRooms": 2, "status": null }, "geometry": { "type": "Point", "coordinates": [ 4203395.585883857682347, 7499050.114742182195187 ] } },
{ "type": "Feature", "properties": { "id": 155237, "address": "г Москва, Улица Лобачевского 100к1", "workTime": "Ежедневно 10:00-21:00", "pickupType": null, "fittingRooms": 2, "status": null }, "geometry": { "type": "Point", "coordinates": [ 4172312.957664559595287, 7495993.130862106569111 ] } },
{ "type": "Feature", "properties": { "id": 155300, "address": "г Москва, улица Бехтерева, 41к1", "workTime": "Ежедневно 10:00-21:00", "pickupType": 4, "fittingRooms": 2, "status": null }, "geometry": { "type": "Point", "coordinates": [ 4190768.950001649092883, 7482849.923756285570562 ] } },
{ "type": "Feature", "properties": { "id": 155368, "address": "г Москва, 6-Я Радиальная Улица 3к10", "workTime": "Ежедневно 08:00-22:00", "pickupType": null, "fittingRooms": 2, "status": null }, "geometry": { "type": "Point", "coordinates": [ 4192897.044707144144922, 7479906.933982436545193 ] } },
{ "type": "Feature", "properties": { "id": 155403, "address": "г Москва, Кронштадтский Бульвар 6к5", "workTime": "Ежедневно 10:00-21:00", "pickupType": 3, "fittingRooms": 2, "status": null }, "geometry": { "type": "Point", "coordinates": [ 4173754.211111859884113, 7526729.019438209943473 ] } },
{ "type": "Feature", "properties": { "id": 155405, "address": "г Москва, Фрунзенская Набережная 50", "workTime": "Ежедневно 10:00-21:00", "pickupType": null, "fittingRooms": 2, "status": null }, "geometry": { "type": "Point", "coordinates": [ 4182990.611901959870011, 7502549.415453221648932 ] } },
{ "type": "Feature", "properties": { "id": 155419, "address": "г Москва, Солнцевский Проспект 10", "workTime": "Ежедневно 08:00-22:00", "pickupType": 4, "fittingRooms": 2, "status": null }, "geometry": { "type": "Point", "coordinates": [ 4163548.996793386992067, 7489357.964640071615577 ] } },
{ "type": "Feature", "properties": { "id": 155421, "address": "г Москва, Ленинский Проспект 95", "workTime": "Ежедневно 10:00-21:00", "pickupType": null, "fittingRooms": 2, "status": null }, "geometry": { "type": "Point", "coordinates": [ 4177360.962613562587649, 7493785.381597747094929 ] } },
{ "type": "Feature", "properties": { "id": 155423, "address": "г Москва, Братиславская Улица 3", "workTime": "Ежедневно 10:00-21:00", "pickupType": null, "fittingRooms": 2, "status": null }, "geometry": { "type": "Point", "coordinates": [ 4202754.91048828791827, 7491923.616115206852555 ] } },
{ "type": "Feature", "properties": { "id": 155425, "address": "г Москва, Улица Анны Ахматовой 11к1", "workTime": "Ежедневно 10:00-21:00", "pickupType": null, "fittingRooms": 2, "status": null }, "geometry": { "type": "Point", "coordinates": [ 4155798.043288432992995, 7485944.503893986344337 ] } },
{ "type": "Feature", "properties": { "id": 155426, "address": "г Москва, Мичуринский Проспект 16", "workTime": "Ежедневно 08:00-22:00", "pickupType": 4, "fittingRooms": 2, "status": null }, "geometry": { "type": "Point", "coordinates": [ 4174911.933816110249609, 7499394.441960053518414 ] } },
{ "type": "Feature", "properties": { "id": 155434, "address": "г Москва, Рождественская Улица 6", "workTime": "Ежедневно 10:00-21:00", "pickupType": 3, "fittingRooms": 2, "status": null }, "geometry": { "type": "Point", "coordinates": [ 4220608.584786749444902, 7498840.523191310465336 ] } },
{ "type": "Feature", "properties": { "id": 155435, "address": "г Москва, Улица Академика Анохина 4к3", "workTime": "Ежедневно 08:00-22:00", "pickupType": null, "fittingRooms": 2, "status": null }, "geometry": { "type": "Point", "coordinates": [ 4171286.035361991729587, 7493112.836502037011087 ] } },
{ "type": "Feature", "properties": { "id": 155438, "address": "г Москва, Вольная Улица 28/4к1", "workTime": "Ежедневно 10:00-21:00", "pickupType": null, "fittingRooms": 2, "status": null }, "geometry": { "type": "Point", "coordinates": [ 4200848.039337053894997, 7514020.497185482643545 ] } },
{ "type": "Feature", "properties": { "id": 155442, "address": "г Москва, Квартал № 28 2к2", "workTime": "Ежедневно 10:00-21:00", "pickupType": null, "fittingRooms": 2, "status": null }, "geometry": { "type": "Point", "coordinates": [ 4164780.969597996212542, 7479665.150925896130502 ] } },
{ "type": "Feature", "properties": { "id": 155444, "address": "г Москва, 6-Я Радиальная Улица 3к4", "workTime": "Ежедневно 08:00-22:00", "pickupType": null, "fittingRooms": 2, "status": null }, "geometry": { "type": "Point", "coordinates": [ 4192319.407869418151677, 7480424.22142150439322 ] } },
{ "type": "Feature", "properties": { "id": 155752, "address": "г Москва, Красноярская Улица 1к1", "workTime": "Ежедневно 10:00-21:00", "pickupType": 4, "fittingRooms": 2, "status": null }, "geometry": { "type": "Point", "coordinates": [ 4211598.607840922661126, 7521950.392441208474338 ] } },
{ "type": "Feature", "properties": { "id": 155934, "address": "г Москва, Мироновская Улица 46к1", "workTime": "Ежедневно 10:00-21:00", "pickupType": null, "fittingRooms": 2, "status": null }, "geometry": { "type": "Point", "coordinates": [ 4200457.419243860058486, 7517279.670679027214646 ] } },
{ "type": "Feature", "properties": { "id": 156265, "address": "Москва, Москва, Авиамоторная улица, 4к1", "workTime": "Ежедневно 10:00-21:00", "pickupType": 4, "fittingRooms": 3, "status": null }, "geometry": { "type": "Point", "coordinates": [ 4198245.946239760145545, 7510722.537881166674197 ] } },
{ "type": "Feature", "properties": { "id": 156350, "address": "г Москва, Ташкентская Улица 17к3", "workTime": "Ежедневно 10:00-21:00", "pickupType": 3, "fittingRooms": 2, "status": null }, "geometry": { "type": "Point", "coordinates": [ 4209685.47107215039432, 7499405.109829952940345 ] } },
{ "type": "Feature", "properties": { "id": 156482, "address": "г Москва, Проспект Маршала Жукова 19к1", "workTime": "Ежедневно 09:00-21:00", "pickupType": 3, "fittingRooms": 3, "status": null }, "geometry": { "type": "Point", "coordinates": [ 4173352.013791624922305, 7513819.009338000789285 ] } },
{ "type": "Feature", "properties": { "id": 156639, "address": "г Москва, 1-я Владимирская улица, 34к2", "workTime": "Ежедневно 10:00-21:00", "pickupType": 4, "fittingRooms": 2, "status": null }, "geometry": { "type": "Point", "coordinates": [ 4205640.020923138596117, 7508550.681332928128541 ] } },
{ "type": "Feature", "properties": { "id": 156783, "address": "г Москва, Мукомольный Проезд 11", "workTime": "Ежедневно 10:00-21:00", "pickupType": 3, "fittingRooms": 2, "status": null }, "geometry": { "type": "Point", "coordinates": [ 4176975.908494908362627, 7509638.433404400013387 ] } },
{ "type": "Feature", "properties": { "id": 156883, "address": "г Москва, Матвеевская Улица 34к1", "workTime": "Ежедневно 10:00-21:00", "pickupType": 3, "fittingRooms": 3, "status": null }, "geometry": { "type": "Point", "coordinates": [ 4170144.453983907122165, 7499726.33815043233335 ] } },
{ "type": "Feature", "properties": { "id": 156890, "address": "г Москва, 2-Й Новоподмосковный Переулок 3", "workTime": "Ежедневно 10:00-21:00", "pickupType": null, "fittingRooms": 2, "status": null }, "geometry": { "type": "Point", "coordinates": [ 4175516.955248571932316, 7522279.09944852348417 ] } },
{ "type": "Feature", "properties": { "id": 156891, "address": "г Москва, Каргопольская Улица 14к2", "workTime": "Ежедневно 10:00-21:00", "pickupType": null, "fittingRooms": 2, "status": null }, "geometry": { "type": "Point", "coordinates": [ 4184956.959387332201004, 7531340.206625890918076 ] } },
{ "type": "Feature", "properties": { "id": 156892, "address": "г Москва, Волоколамское Шоссе 1кб", "workTime": "Ежедневно 10:00-21:00", "pickupType": null, "fittingRooms": 2, "status": null }, "geometry": { "type": "Point", "coordinates": [ 4175003.995034996420145, 7519780.7625787910074 ] } },
{ "type": "Feature", "properties": { "id": 156894, "address": "г Москва, Улица Вилиса Лациса 15", "workTime": "Ежедневно 10:00-21:00", "pickupType": null, "fittingRooms": 2, "status": null }, "geometry": { "type": "Point", "coordinates": [ 4166185.042335371952504, 7531215.034333334304392 ] } },
{ "type": "Feature", "properties": { "id": 156896, "address": "г Москва, Люблинская Улица 147", "workTime": "Ежедневно 10:00-21:00", "pickupType": null, "fittingRooms": 2, "status": null }, "geometry": { "type": "Point", "coordinates": [ 4201434.025136589072645, 7491782.13176323287189 ] } },
{ "type": "Feature", "properties": { "id": 156897, "address": "г Москва, Бескудниковский Бульвар 38к1", "workTime": "Ежедневно 10:00-21:00", "pickupType": null, "fittingRooms": 2, "status": null }, "geometry": { "type": "Point", "coordinates": [ 4180319.055442411918193, 7533405.743861014954746 ] } },
{ "type": "Feature", "properties": { "id": 156900, "address": "г Москва, Большая Академическая Улица 63", "workTime": "Ежедневно 10:00-21:00", "pickupType": null, "fittingRooms": 2, "status": null }, "geometry": { "type": "Point", "coordinates": [ 4179637.223561303690076, 7526621.169875638559461 ] } },
{ "type": "Feature", "properties": { "id": 156901, "address": "г Москва, Улица Римского-Корсакова 14", "workTime": "Ежедневно 10:00-21:00", "pickupType": null, "fittingRooms": 2, "status": null }, "geometry": { "type": "Point", "coordinates": [ 4186043.994214928243309, 7533213.27294909209013 ] } },
{ "type": "Feature", "properties": { "id": 156903, "address": "г Москва, Семёновская Площадь 7к17а", "workTime": "Ежедневно 10:00-21:00", "pickupType": null, "fittingRooms": 2, "status": null }, "geometry": { "type": "Point", "coordinates": [ 4199167.782943020574749, 7515594.975418426096439 ] } },
{ "type": "Feature", "properties": { "id": 156904, "address": "г Москва, Улица Гастелло 41", "workTime": "Ежедневно 10:00-21:00", "pickupType": null, "fittingRooms": 2, "status": null }, "geometry": { "type": "Point", "coordinates": [ 4196232.955887746065855, 7515381.370705205015838 ] } },
{ "type": "Feature", "properties": { "id": 156905, "address": "г Москва, Лухмановская Улица 34", "workTime": "Ежедневно 08:00-22:00", "pickupType": null, "fittingRooms": 2, "status": null }, "geometry": { "type": "Point", "coordinates": [ 4219847.048150232061744, 7503423.006118017248809 ] } },
{ "type": "Feature", "properties": { "id": 156906, "address": "г Москва, Улица Брусилова 21", "workTime": "Ежедневно 10:00-21:00", "pickupType": null, "fittingRooms": 2, "status": null }, "geometry": { "type": "Point", "coordinates": [ 4184098.018196370918304, 7459874.449502876959741 ] } },
{ "type": "Feature", "properties": { "id": 156907, "address": "г Москва, Посёлок Шишкин Лес 9к1", "workTime": "Ежедневно 10:00-21:00", "pickupType": 4, "fittingRooms": 2, "status": null }, "geometry": { "type": "Point", "coordinates": [ 4140424.042373446281999, 7442404.175943826325238 ] } },
{ "type": "Feature", "properties": { "id": 156916, "address": "г Москва, Улица Паустовского 8к3", "workTime": "Ежедневно 10:00-21:00", "pickupType": 3, "fittingRooms": 3, "status": null }, "geometry": { "type": "Point", "coordinates": [ 4178529.038030456751585, 7479189.094901940785348 ] } },
{ "type": "Feature", "properties": { "id": 156919, "address": "г Москва, Ленинградский Проспект 31с3", "workTime": "Ежедневно 10:00-21:00", "pickupType": 3, "fittingRooms": 2, "status": null }, "geometry": { "type": "Point", "coordinates": [ 4181241.003465161658823, 7515557.757489548064768 ] } },
{ "type": "Feature", "properties": { "id": 156925, "address": "г Москва, Улица Генерала Глаголева 9к2", "workTime": "Ежедневно 10:00-21:00", "pickupType": 3, "fittingRooms": 3, "status": null }, "geometry": { "type": "Point", "coordinates": [ 4170041.372135431971401, 7515138.276337903924286 ] } },
{ "type": "Feature", "properties": { "id": 156928, "address": "г Москва, Улица Красного Маяка 15б", "workTime": "Ежедневно 10:00-21:00", "pickupType": 3, "fittingRooms": 2, "status": null }, "geometry": { "type": "Point", "coordinates": [ 4183809.032798272091895, 7480731.457281282171607 ] } },
{ "type": "Feature", "properties": { "id": 156939, "address": "г Москва, Улица Дмитриевского 9", "workTime": "Ежедневно 10:00-21:00", "pickupType": 3, "fittingRooms": 2, "status": null }, "geometry": { "type": "Point", "coordinates": [ 4217673.089814530685544, 7500683.187801172956824 ] } },
{ "type": "Feature", "properties": { "id": 156964, "address": "г Москва, Симферопольский Бульвар 29к3", "workTime": "Ежедневно 10:00-21:00", "pickupType": 3, "fittingRooms": 3, "status": null }, "geometry": { "type": "Point", "coordinates": [ 4186306.040296256076545, 7488334.853040184825659 ] } },
{ "type": "Feature", "properties": { "id": 156967, "address": "г Москва, Улица Маршала Савицкого 18к1", "workTime": "Ежедневно 10:00-21:00", "pickupType": 3, "fittingRooms": 3, "status": null }, "geometry": { "type": "Point", "coordinates": [ 4184324.887318608351052, 7460331.824545315466821 ] } },
{ "type": "Feature", "properties": { "id": 156982, "address": "г Москва, Улица Генерала Кузнецова 23", "workTime": "пн - пт 09:00-21:00 сб, вс 10:00-21:00", "pickupType": 3, "fittingRooms": 2, "status": 3 }, "geometry": { "type": "Point", "coordinates": [ 4213926.74367137439549, 7495531.074232516810298 ] } },
{ "type": "Feature", "properties": { "id": 157035, "address": "г Москва, Хорошёвское Шоссе 12к1", "workTime": "Ежедневно 10:00-21:00", "pickupType": 3, "fittingRooms": 3, "status": null }, "geometry": { "type": "Point", "coordinates": [ 4179910.84686967311427, 7513689.766956965439022 ] } },
{ "type": "Feature", "properties": { "id": 157044, "address": "г Москва, Рязанский Проспект 60к4", "workTime": "Ежедневно 10:00-21:00", "pickupType": 3, "fittingRooms": 4, "status": null }, "geometry": { "type": "Point", "coordinates": [ 4207798.049105750396848, 7501830.654921116307378 ] } },
{ "type": "Feature", "properties": { "id": 157054, "address": "г Москва, Тюменский Проезд 3к1", "workTime": "Ежедневно 10:00-21:00", "pickupType": null, "fittingRooms": 2, "status": null }, "geometry": { "type": "Point", "coordinates": [ 4200991.864119159057736, 7521121.653315409086645 ] } },
{ "type": "Feature", "properties": { "id": 157071, "address": "г Москва, Улица Сосенский Стан 12", "workTime": "Ежедневно 10:00-21:00", "pickupType": 3, "fittingRooms": 2, "status": null }, "geometry": { "type": "Point", "coordinates": [ 4171331.676353217568249, 7472247.643391176126897 ] } },
{ "type": "Feature", "properties": { "id": 157075, "address": "г Москва, Винницкая Улица 3", "workTime": "Ежедневно 10:00-21:00", "pickupType": 3, "fittingRooms": 4, "status": null }, "geometry": { "type": "Point", "coordinates": [ 4173939.446744541171938, 7498547.183590838685632 ] } },
{ "type": "Feature", "properties": { "id": 157087, "address": "г Москва, 11-Я Улица Текстильщиков 7", "workTime": "Ежедневно 10:00-21:00", "pickupType": 3, "fittingRooms": 4, "status": null }, "geometry": { "type": "Point", "coordinates": [ 4201240.663181081414223, 7500270.441701550036669 ] } },
{ "type": "Feature", "properties": { "id": 157093, "address": "г Москва, Таллинская Улица 18", "workTime": "Ежедневно 08:00-22:00", "pickupType": null, "fittingRooms": 2, "status": null }, "geometry": { "type": "Point", "coordinates": [ 4163638.052386022172868, 7518146.217385686933994 ] } },
{ "type": "Feature", "properties": { "id": 157229, "address": "г Москва, Улица Мусы Джалиля 8к4", "workTime": "Ежедневно 10:00-21:00", "pickupType": 3, "fittingRooms": 2, "status": null }, "geometry": { "type": "Point", "coordinates": [ 4200667.81308146007359, 7484496.926069885492325 ] } },
{ "type": "Feature", "properties": { "id": 157256, "address": "г Москва, Новозаводская Улица 8к3", "workTime": "Ежедневно 08:00-22:00", "pickupType": null, "fittingRooms": 2, "status": null }, "geometry": { "type": "Point", "coordinates": [ 4175245.977893178816885, 7509254.256607051938772 ] } },
{ "type": "Feature", "properties": { "id": 157277, "address": "г Москва, Ясеневая Улица 29", "workTime": "Ежедневно 10:00-21:00", "pickupType": 3, "fittingRooms": 4, "status": null }, "geometry": { "type": "Point", "coordinates": [ 4200909.932973935268819, 7480182.02805926464498 ] } },
{ "type": "Feature", "properties": { "id": 157287, "address": "г Москва, Суздальская Улица 20к2", "workTime": "пн - пт 09:00-21:00 сб, вс 10:00-21:00", "pickupType": 3, "fittingRooms": 4, "status": null }, "geometry": { "type": "Point", "coordinates": [ 4213769.671869863756001, 7507433.898058117367327 ] } },
{ "type": "Feature", "properties": { "id": 157322, "address": "г Москва, Алтуфьевское Шоссе 40д", "workTime": "Ежедневно 10:00-21:00", "pickupType": 3, "fittingRooms": 3, "status": null }, "geometry": { "type": "Point", "coordinates": [ 4184578.139160162303597, 7532728.545346228405833 ] } },
{ "type": "Feature", "properties": { "id": 157333, "address": "г Москва, Улица Гурьянова 67", "workTime": "Ежедневно 10:00-21:00", "pickupType": 3, "fittingRooms": 2, "status": null }, "geometry": { "type": "Point", "coordinates": [ 4198673.524403898045421, 7494457.392984380945563 ] } },
{ "type": "Feature", "properties": { "id": 157341, "address": "Москва, Москва, Днепропетровская улица, 14А", "workTime": "Ежедневно 10:00-21:00", "pickupType": 4, "fittingRooms": 3, "status": null }, "geometry": { "type": "Point", "coordinates": [ 4183764.724523990880698, 7483114.930215361528099 ] } },
{ "type": "Feature", "properties": { "id": 157361, "address": "г Москва, Улица Фонвизина 18", "workTime": "Ежедневно 10:00-21:00", "pickupType": null, "fittingRooms": 2, "status": null }, "geometry": { "type": "Point", "coordinates": [ 4184721.296025322750211, 7522934.573941447772086 ] } },
{ "type": "Feature", "properties": { "id": 157365, "address": "г Москва, Кронштадтский Бульвар 47", "workTime": "Ежедневно 10:00-21:00", "pickupType": null, "fittingRooms": 2, "status": null }, "geometry": { "type": "Point", "coordinates": [ 4175791.357793377712369, 7529027.723815331235528 ] } },
{ "type": "Feature", "properties": { "id": 157384, "address": "г Москва, Волынская Улица 10", "workTime": "Ежедневно 10:00-21:00", "pickupType": 3, "fittingRooms": 2, "status": null }, "geometry": { "type": "Point", "coordinates": [ 4164634.807106584776193, 7487738.527890711091459 ] } },
{ "type": "Feature", "properties": { "id": 157411, "address": "г Москва, Каширское Шоссе 82а", "workTime": "Ежедневно 08:00-22:00", "pickupType": null, "fittingRooms": 2, "status": null }, "geometry": { "type": "Point", "coordinates": [ 4197683.448852783069015, 7484108.309134039096534 ] } },
{ "type": "Feature", "properties": { "id": 157435, "address": "г Москва, Митинская Улица 28к5", "workTime": "пн - пт 10:00-22:00 сб, вс 10:00-21:00", "pickupType": 3, "fittingRooms": 4, "status": null }, "geometry": { "type": "Point", "coordinates": [ 4160193.604701895732433, 7527476.67251002881676 ] } },
{ "type": "Feature", "properties": { "id": 157555, "address": "г Москва, Улица Маршала Савицкого 12", "workTime": "Ежедневно 10:00-21:00", "pickupType": 3, "fittingRooms": 2, "status": null }, "geometry": { "type": "Point", "coordinates": [ 4183836.083434534724802, 7460343.61798510979861 ] } },
{ "type": "Feature", "properties": { "id": 157605, "address": "г Москва, Улица Марии Ульяновой 11", "workTime": "Ежедневно 10:00-21:00", "pickupType": null, "fittingRooms": 2, "status": null }, "geometry": { "type": "Point", "coordinates": [ 4177203.000256126746535, 7495010.997406852431595 ] } },
{ "type": "Feature", "properties": { "id": 157746, "address": "г Москва, Улица Академика Королёва 4к2", "workTime": "Ежедневно 10:00-21:00", "pickupType": 3, "fittingRooms": 2, "status": null }, "geometry": { "type": "Point", "coordinates": [ 4188570.946655935607851, 7523220.321195536293089 ] } },
{ "type": "Feature", "properties": { "id": 157748, "address": "г Москва, Поречная Улица 31к1", "workTime": "Ежедневно 10:00-21:00", "pickupType": 3, "fittingRooms": 3, "status": null }, "geometry": { "type": "Point", "coordinates": [ 4204904.410262069664896, 7489703.635740800760686 ] } },
{ "type": "Feature", "properties": { "id": 157753, "address": "г Москва, Алма-Атинская Улица 2", "workTime": "Ежедневно 10:00-21:00", "pickupType": 3, "fittingRooms": 2, "status": null }, "geometry": { "type": "Point", "coordinates": [ 4204244.61964013800025, 7487619.978491283021867 ] } },
{ "type": "Feature", "properties": { "id": 157782, "address": "г Москва, Кутузовский Проспект 35", "workTime": "Ежедневно 10:00-21:00", "pickupType": 3, "fittingRooms": 2, "status": null }, "geometry": { "type": "Point", "coordinates": [ 4178857.430528296623379, 7506999.631778559647501 ] } },
{ "type": "Feature", "properties": { "id": 157857, "address": "г Москва, Филёвский Бульвар 1", "workTime": "Ежедневно 10:00-21:00", "pickupType": 3, "fittingRooms": 3, "status": null }, "geometry": { "type": "Point", "coordinates": [ 4173845.715733292046934, 7511599.428700175136328 ] } },
{ "type": "Feature", "properties": { "id": 157877, "address": "г Москва, Скобелевская Улица 20", "workTime": "Ежедневно 10:00-21:00", "pickupType": null, "fittingRooms": 2, "status": null }, "geometry": { "type": "Point", "coordinates": [ 4180634.980157284066081, 7468636.299448567442596 ] } },
{ "type": "Feature", "properties": { "id": 157902, "address": "г Москва, Ленинский Проспект 99", "workTime": "Ежедневно 10:00-21:00", "pickupType": 3, "fittingRooms": 2, "status": null }, "geometry": { "type": "Point", "coordinates": [ 4176387.028388611972332, 7492496.404721424914896 ] } },
{ "type": "Feature", "properties": { "id": 157918, "address": "г Москва, Дубнинская Улица 32к9", "workTime": "Ежедневно 10:00-21:00", "pickupType": 3, "fittingRooms": 2, "status": null }, "geometry": { "type": "Point", "coordinates": [ 4181287.201053841039538, 7535200.71700113452971 ] } },
{ "type": "Feature", "properties": { "id": 157971, "address": "г Москва, Бульвар Дмитрия Донского 9к1", "workTime": "Ежедневно 10:00-21:00", "pickupType": 3, "fittingRooms": 2, "status": null }, "geometry": { "type": "Point", "coordinates": [ 4183127.53487563598901, 7472978.029108582995832 ] } },
{ "type": "Feature", "properties": { "id": 157976, "address": "г Москва, Профсоюзная Улица 93к4", "workTime": "Ежедневно 10:00-21:00", "pickupType": 3, "fittingRooms": 3, "status": null }, "geometry": { "type": "Point", "coordinates": [ 4177726.981099290773273, 7486621.947514900937676 ] } },
{ "type": "Feature", "properties": { "id": 157978, "address": "г Москва, Улица Ватутина 13к1", "workTime": "Ежедневно 10:00-21:00", "pickupType": 3, "fittingRooms": 4, "status": null }, "geometry": { "type": "Point", "coordinates": [ 4169196.791158783249557, 7503095.101560765877366 ] } },
{ "type": "Feature", "properties": { "id": 158104, "address": "Москва, Москва, улица Плеханова, 18к4", "workTime": "Ежедневно 10:00-21:00", "pickupType": 4, "fittingRooms": 3, "status": null }, "geometry": { "type": "Point", "coordinates": [ 4204086.175269307568669, 7507554.857038059271872 ] } },
{ "type": "Feature", "properties": { "id": 158162, "address": "г Москва, 3-Я Нововатутинская Улица 13к2", "workTime": "Ежедневно 10:00-21:00", "pickupType": 4, "fittingRooms": 2, "status": null }, "geometry": { "type": "Point", "coordinates": [ 4157240.18729165988043, 7463115.574855078943074 ] } },
{ "type": "Feature", "properties": { "id": 158177, "address": "Москва, Москва, Ореховый бульвар, 57А", "workTime": "Ежедневно 10:00-21:00", "pickupType": 4, "fittingRooms": 3, "status": 3 }, "geometry": { "type": "Point", "coordinates": [ 4202958.388602521270514, 7482217.468979576602578 ] } },
{ "type": "Feature", "properties": { "id": 158183, "address": "г Москва, 1-Й Микрорайон 5г", "workTime": "Ежедневно 09:00-21:00", "pickupType": 3, "fittingRooms": 2, "status": null }, "geometry": { "type": "Point", "coordinates": [ 4158145.326071300078183, 7480172.569074606522918 ] } },
{ "type": "Feature", "properties": { "id": 158246, "address": "г Москва, Сельскохозяйственная Улица 18к3", "workTime": "Ежедневно 10:00-21:00", "pickupType": 3, "fittingRooms": 2, "status": null }, "geometry": { "type": "Point", "coordinates": [ 4190574.36353174271062, 7526372.764767124317586 ] } },
{ "type": "Feature", "properties": { "id": 158254, "address": "г Москва, 10-Я Парковая Улица 6", "workTime": "Ежедневно 10:00-21:00", "pickupType": 3, "fittingRooms": 4, "status": null }, "geometry": { "type": "Point", "coordinates": [ 4208256.46276883687824, 7517686.39688460342586 ] } },
{ "type": "Feature", "properties": { "id": 158286, "address": "Москва, Москва, улица Академика Анохина, 30к3", "workTime": "Ежедневно 10:00-21:00", "pickupType": 4, "fittingRooms": 4, "status": null }, "geometry": { "type": "Point", "coordinates": [ 4170809.248194310814142, 7491123.902353951707482 ] } },
{ "type": "Feature", "properties": { "id": 158307, "address": "г Москва, Дмитровское Шоссе 165ек1", "workTime": "Ежедневно 10:00-21:00", "pickupType": 3, "fittingRooms": 4, "status": null }, "geometry": { "type": "Point", "coordinates": [ 4179391.318806141149253, 7543490.204937894828618 ] } },
{ "type": "Feature", "properties": { "id": 158347, "address": "Москва, Москва, квартал № 100, 1к2", "workTime": "Ежедневно 10:00-21:00", "pickupType": 4, "fittingRooms": 4, "status": null }, "geometry": { "type": "Point", "coordinates": [ 4157651.51281014084816, 7519350.15811254363507 ] } },
{ "type": "Feature", "properties": { "id": 158381, "address": "г Москва, Ломоносовский Проспект 18", "workTime": "Ежедневно 10:00-21:00", "pickupType": 3, "fittingRooms": 2, "status": null }, "geometry": { "type": "Point", "coordinates": [ 4178943.480494679417461, 7497313.896453876979649 ] } },
{ "type": "Feature", "properties": { "id": 158392, "address": "г Москва, Бульвар Матроса Железняка 14к1", "workTime": "Ежедневно 10:00-21:00", "pickupType": 3, "fittingRooms": 4, "status": null }, "geometry": { "type": "Point", "coordinates": [ 4177417.958192848600447, 7524604.224910884164274 ] } },
{ "type": "Feature", "properties": { "id": 158443, "address": "г Москва, Улица Адмирала Лазарева 58", "workTime": "Ежедневно 10:00-21:00", "pickupType": 3, "fittingRooms": 3, "status": null }, "geometry": { "type": "Point", "coordinates": [ 4175840.561008308082819, 7467962.200732593424618 ] } },
{ "type": "Feature", "properties": { "id": 158482, "address": "г Москва, Проспект Будённого 30/8с4", "workTime": "Ежедневно 10:00-21:00", "pickupType": 3, "fittingRooms": 2, "status": null }, "geometry": { "type": "Point", "coordinates": [ 4200616.272157222032547, 7511212.017443262040615 ] } },
{ "type": "Feature", "properties": { "id": 158569, "address": "г Москва, Улица Пырьева 4а", "workTime": "Ежедневно 10:00-21:00", "pickupType": 3, "fittingRooms": 3, "status": null }, "geometry": { "type": "Point", "coordinates": [ 4177707.054910439066589, 7503841.850824739784002 ] } },
{ "type": "Feature", "properties": { "id": 158570, "address": "г Москва, Мичуринский Проспект 19к3", "workTime": "Ежедневно 10:00-21:00", "pickupType": 3, "fittingRooms": 2, "status": null }, "geometry": { "type": "Point", "coordinates": [ 4175274.946675587445498, 7498240.818573037162423 ] } },
{ "type": "Feature", "properties": { "id": 158585, "address": "Москва, улица Александры Монаховой, 95к4", "workTime": "Ежедневно 10:00-21:00", "pickupType": 4, "fittingRooms": 3, "status": null }, "geometry": { "type": "Point", "coordinates": [ 4173727.330237821210176, 7467873.142440151423216 ] } },
{ "type": "Feature", "properties": { "id": 158634, "address": "г Москва, Городецкая Улица 13/19к1", "workTime": "Ежедневно 10:00-21:00", "pickupType": 3, "fittingRooms": 2, "status": null }, "geometry": { "type": "Point", "coordinates": [ 4215516.608638883568347, 7506582.395303771831095 ] } },
{ "type": "Feature", "properties": { "id": 158738, "address": "г Москва, Кантемировская Улица 29", "workTime": "Ежедневно 08:00-22:00", "pickupType": null, "fittingRooms": 2, "status": null }, "geometry": { "type": "Point", "coordinates": [ 4192922.425551045686007, 7486527.279334025457501 ] } },
{ "type": "Feature", "properties": { "id": 158805, "address": "г Москва, Сухонская Улица 7", "workTime": "Ежедневно 10:00-21:00", "pickupType": 3, "fittingRooms": 3, "status": null }, "geometry": { "type": "Point", "coordinates": [ 4191485.736202867235988, 7533772.444017970003188 ] } },
{ "type": "Feature", "properties": { "id": 158808, "address": "г Москва, Рождественская Улица 39", "workTime": "Ежедневно 10:00-21:00", "pickupType": 3, "fittingRooms": 3, "status": null }, "geometry": { "type": "Point", "coordinates": [ 4222116.963886998593807, 7499005.469882160425186 ] } },
{ "type": "Feature", "properties": { "id": 158816, "address": "г Москва, Ясный Проезд 4к3", "workTime": "Ежедневно 10:00-21:00", "pickupType": 3, "fittingRooms": 3, "status": null }, "geometry": { "type": "Point", "coordinates": [ 4189224.948664346244186, 7533079.93509526271373 ] } },
{ "type": "Feature", "properties": { "id": 158837, "address": "г Москва, Кантемировская Улица 14к2", "workTime": "Ежедневно 10:00-21:00", "pickupType": 3, "fittingRooms": 2, "status": null }, "geometry": { "type": "Point", "coordinates": [ 4193337.869890685658902, 7486853.889460228383541 ] } },
{ "type": "Feature", "properties": { "id": 158871, "address": "г Москва, Улица Маршала Катукова 24к4", "workTime": "Ежедневно 09:00-21:00", "pickupType": 3, "fittingRooms": 3, "status": null }, "geometry": { "type": "Point", "coordinates": [ 4164863.012062711175531, 7519441.070300557650626 ] } },
{ "type": "Feature", "properties": { "id": 158885, "address": "г Москва, Скобелевская Улица 23к4", "workTime": "Ежедневно 10:00-21:00", "pickupType": 3, "fittingRooms": 2, "status": null }, "geometry": { "type": "Point", "coordinates": [ 4181108.533271118067205, 7468939.722070787101984 ] } },
{ "type": "Feature", "properties": { "id": 158906, "address": "г Москва, Улица Артюхиной 24к1", "workTime": "Ежедневно 10:00-21:00", "pickupType": null, "fittingRooms": 2, "status": null }, "geometry": { "type": "Point", "coordinates": [ 4200967.596470165997744, 7498044.877752873115242 ] } },
{ "type": "Feature", "properties": { "id": 158946, "address": "Москва, Москва, 15-я Парковая улица, 58", "workTime": "Ежедневно 10:00-21:00", "pickupType": 4, "fittingRooms": 3, "status": null }, "geometry": { "type": "Point", "coordinates": [ 4209852.65224189683795, 7520794.914658753201365 ] } },
{ "type": "Feature", "properties": { "id": 158961, "address": "г Москва, Духовской Переулок 16", "workTime": "Ежедневно 10:00-22:00", "pickupType": 3, "fittingRooms": 2, "status": null }, "geometry": { "type": "Point", "coordinates": [ 4187497.047528253402561, 7500065.756272944621742 ] } },
{ "type": "Feature", "properties": { "id": 158962, "address": "г Москва, Гурьевский Проезд 25к1", "workTime": "Ежедневно 10:00-21:00", "pickupType": 3, "fittingRooms": 2, "status": null }, "geometry": { "type": "Point", "coordinates": [ 4202833.979052806273103, 7480732.639739227481186 ] } },
{ "type": "Feature", "properties": { "id": 159007, "address": "г Москва, Новорогожская Улица 8", "workTime": "Ежедневно 10:00-21:00", "pickupType": 3, "fittingRooms": 5, "status": null }, "geometry": { "type": "Point", "coordinates": [ 4194969.034389278851449, 7507034.633209832943976 ] } },
{ "type": "Feature", "properties": { "id": 159056, "address": "г Москва, Улица Крылатские Холмы 21", "workTime": "Ежедневно 10:00-21:00", "pickupType": 3, "fittingRooms": 3, "status": null }, "geometry": { "type": "Point", "coordinates": [ 4164664.974688590038568, 7509676.216235732659698 ] } },
{ "type": "Feature", "properties": { "id": 159082, "address": "г Москва, Туристская Улица 33", "workTime": "Ежедневно 10:00-21:00", "pickupType": 3, "fittingRooms": 2, "status": null }, "geometry": { "type": "Point", "coordinates": [ 4165455.009114749729633, 7530529.300818305462599 ] } },
{ "type": "Feature", "properties": { "id": 159091, "address": "г Москва, Белореченская Улица 13к1", "workTime": "Ежедневно 10:00-21:00", "pickupType": 3, "fittingRooms": 2, "status": null }, "geometry": { "type": "Point", "coordinates": [ 4204219.68407419975847, 7493657.461260676383972 ] } },
{ "type": "Feature", "properties": { "id": 159101, "address": "г Москва, Мытная Улица 48", "workTime": "Ежедневно 09:00-21:00", "pickupType": 3, "fittingRooms": 2, "status": null }, "geometry": { "type": "Point", "coordinates": [ 4187561.724152404349297, 7502830.06049842108041 ] } },
{ "type": "Feature", "properties": { "id": 159189, "address": "г Москва, Нагатинский Бульвар 6", "workTime": "Ежедневно 10:00-21:00", "pickupType": 3, "fittingRooms": 2, "status": null }, "geometry": { "type": "Point", "coordinates": [ 4191417.942632973659784, 7495469.468770710751414 ] } },
{ "type": "Feature", "properties": { "id": 159192, "address": "г Москва, Квартал № 28 2к1", "workTime": "Ежедневно 10:00-21:00", "pickupType": 3, "fittingRooms": 2, "status": null }, "geometry": { "type": "Point", "coordinates": [ 4164671.876497019082308, 7479515.197997029870749 ] } },
{ "type": "Feature", "properties": { "id": 159211, "address": "г Москва, Алтайская Улица 17к1", "workTime": "Ежедневно 10:00-21:00", "pickupType": 3, "fittingRooms": 3, "status": null }, "geometry": { "type": "Point", "coordinates": [ 4210086.443877988494933, 7522810.528846321627498 ] } },
{ "type": "Feature", "properties": { "id": 159246, "address": "г Москва, Квартал Южный 5", "workTime": "Ежедневно 10:00-21:00", "pickupType": 3, "fittingRooms": 3, "status": null }, "geometry": { "type": "Point", "coordinates": [ 4180585.665622862055898, 7458414.843245899304748 ] } },
{ "type": "Feature", "properties": { "id": 159274, "address": "г Москва, Улица Борисовские Пруды 12к1", "workTime": "Ежедневно 10:00-21:00", "pickupType": 3, "fittingRooms": 3, "status": null }, "geometry": { "type": "Point", "coordinates": [ 4201565.604774706996977, 7486306.391422599554062 ] } },
{ "type": "Feature", "properties": { "id": 159275, "address": "г Москва, 9-Я Северная Линия 3а", "workTime": "Ежедневно 10:00-21:00", "pickupType": 3, "fittingRooms": 2, "status": null }, "geometry": { "type": "Point", "coordinates": [ 4180328.96287709241733, 7545817.965216747485101 ] } },
{ "type": "Feature", "properties": { "id": 159289, "address": "г Москва, 9-Я Северная Линия 17", "workTime": "Ежедневно 10:00-21:00", "pickupType": 3, "fittingRooms": 2, "status": null }, "geometry": { "type": "Point", "coordinates": [ 4179963.612308309879154, 7545053.625535734929144 ] } },
{ "type": "Feature", "properties": { "id": 159303, "address": "г Москва, Отрадная Улица 16", "workTime": "Ежедневно 10:00-21:00", "pickupType": 3, "fittingRooms": 3, "status": null }, "geometry": { "type": "Point", "coordinates": [ 4187133.700710303615779, 7529610.985585928894579 ] } },
{ "type": "Feature", "properties": { "id": 159458, "address": "г Москва, Рабочая Улица 30", "workTime": "Ежедневно 10:00-21:00", "pickupType": 3, "fittingRooms": 2, "status": null }, "geometry": { "type": "Point", "coordinates": [ 4135868.960129676386714, 7466643.096936795860529 ] } },
{ "type": "Feature", "properties": { "id": 159461, "address": "г Москва, Георгиевская Улица 9", "workTime": "Ежедневно 10:00-21:00", "pickupType": 3, "fittingRooms": 3, "status": null }, "geometry": { "type": "Point", "coordinates": [ 4160963.824258694890887, 7477316.09117563161999 ] } },
{ "type": "Feature", "properties": { "id": 159520, "address": "г Москва, 4-Я Новокузьминская Улица 12", "workTime": "Ежедневно 10:00-21:00", "pickupType": 3, "fittingRooms": 3, "status": null }, "geometry": { "type": "Point", "coordinates": [ 4206421.249643618240952, 7501022.647995477542281 ] } },
{ "type": "Feature", "properties": { "id": 159526, "address": "г Москва, Николо-Хованская Улица 28", "workTime": "Ежедневно 10:00-21:00", "pickupType": 3, "fittingRooms": 3, "status": null }, "geometry": { "type": "Point", "coordinates": [ 4169297.980575914494693, 7477066.509818591177464 ] } },
{ "type": "Feature", "properties": { "id": 159534, "address": "г Москва, Улица Академика Бочвара 6", "workTime": "Ежедневно 10:00-21:00", "pickupType": null, "fittingRooms": 2, "status": null }, "geometry": { "type": "Point", "coordinates": [ 4170101.039382498245686, 7519912.087860990315676 ] } },
{ "type": "Feature", "properties": { "id": 159547, "address": "г Москва, Воронежская Улица 7", "workTime": "пн - пт 10:00-21:00 сб, вс 10:00-20:00", "pickupType": 3, "fittingRooms": 2, "status": null }, "geometry": { "type": "Point", "coordinates": [ 4199825.681133608333766, 7481192.629602740518749 ] } },
{ "type": "Feature", "properties": { "id": 159550, "address": "г Москва, Воронежская Улица 7", "workTime": "пн - пт 10:00-21:05 сб, вс 10:00-21:00", "pickupType": 3, "fittingRooms": 4, "status": null }, "geometry": { "type": "Point", "coordinates": [ 4199911.953738973475993, 7481216.871473168954253 ] } },
{ "type": "Feature", "properties": { "id": 159641, "address": "г Москва, Курганская Улица 6с1", "workTime": "Ежедневно 10:00-21:00", "pickupType": 3, "fittingRooms": 4, "status": null }, "geometry": { "type": "Point", "coordinates": [ 4209742.021373473107815, 7524533.864367278292775 ] } },
{ "type": "Feature", "properties": { "id": 159658, "address": "г Москва, Весёлая Улица 4", "workTime": "Ежедневно 10:00-21:00", "pickupType": 3, "fittingRooms": 2, "status": null }, "geometry": { "type": "Point", "coordinates": [ 4192993.558705661911517, 7483527.096125407144427 ] } },
{ "type": "Feature", "properties": { "id": 159692, "address": "г Москва, Старобитцевская Улица 21к3", "workTime": "Ежедневно 10:00-21:00", "pickupType": 3, "fittingRooms": 2, "status": null }, "geometry": { "type": "Point", "coordinates": [ 4182894.988459367770702, 7474668.418038571253419 ] } },
{ "type": "Feature", "properties": { "id": 159698, "address": "г Москва, Никулинская Улица 23к1", "workTime": "Ежедневно 10:00-21:00", "pickupType": 3, "fittingRooms": 2, "status": null }, "geometry": { "type": "Point", "coordinates": [ 4169186.995043593924493, 7492722.99640422873199 ] } },
{ "type": "Feature", "properties": { "id": 159724, "address": "г Москва, Зелёный Проспект 56", "workTime": "Ежедневно 10:00-21:00", "pickupType": 3, "fittingRooms": 5, "status": null }, "geometry": { "type": "Point", "coordinates": [ 4209556.117823848500848, 7509062.21869950927794 ] } },
{ "type": "Feature", "properties": { "id": 159727, "address": "г Москва, Улица Самуила Маршака 22", "workTime": "Ежедневно 10:00-21:00", "pickupType": 3, "fittingRooms": 3, "status": null }, "geometry": { "type": "Point", "coordinates": [ 4154619.281200422905385, 7486180.764239982701838 ] } },
{ "type": "Feature", "properties": { "id": 159739, "address": "г Москва, 15-Я Парковая Улица 39", "workTime": "Ежедневно 10:00-21:00", "pickupType": 3, "fittingRooms": 2, "status": null }, "geometry": { "type": "Point", "coordinates": [ 4209879.055666640400887, 7519510.592108710668981 ] } },
{ "type": "Feature", "properties": { "id": 159751, "address": "г Москва, Улица Улофа Пальме 1", "workTime": "Ежедневно 10:00-21:00", "pickupType": 3, "fittingRooms": 2, "status": null }, "geometry": { "type": "Point", "coordinates": [ 4175918.150693391449749, 7502459.097351903095841 ] } },
{ "type": "Feature", "properties": { "id": 159756, "address": "г Москва, Улица Свободы 40к1", "workTime": "Ежедневно 10:00-21:00", "pickupType": 3, "fittingRooms": 2, "status": null }, "geometry": { "type": "Point", "coordinates": [ 4169775.541191418189555, 7527484.603453749790788 ] } },
{ "type": "Feature", "properties": { "id": 159762, "address": "г Москва, Лухмановская Улица 17", "workTime": "Ежедневно 10:00-21:00", "pickupType": 3, "fittingRooms": 3, "status": null }, "geometry": { "type": "Point", "coordinates": [ 4218925.322766464203596, 7503044.701552872546017 ] } },
{ "type": "Feature", "properties": { "id": 159805, "address": "г Москва, Святоозёрская Улица 14", "workTime": "Ежедневно 10:00-21:00", "pickupType": 3, "fittingRooms": 4, "status": null }, "geometry": { "type": "Point", "coordinates": [ 4217559.877892394550145, 7501563.285966982133687 ] } },
{ "type": "Feature", "properties": { "id": 159807, "address": "г Москва, Саратовская Улица 22", "workTime": "Ежедневно 10:00-21:00", "pickupType": 3, "fittingRooms": 4, "status": null }, "geometry": { "type": "Point", "coordinates": [ 4201984.500018563121557, 7502158.505768219940364 ] } },
{ "type": "Feature", "properties": { "id": 159879, "address": "г Москва, Бульвар Адмирала Ушакова 11", "workTime": "Ежедневно 10:00-21:00", "pickupType": null, "fittingRooms": 2, "status": null }, "geometry": { "type": "Point", "coordinates": [ 4179957.044458352494985, 7468579.23686099704355 ] } },
{ "type": "Feature", "properties": { "id": 159961, "address": "г Москва, Улица Сокольнический Вал 2", "workTime": "Ежедневно 10:00-21:00", "pickupType": 3, "fittingRooms": 3, "status": null }, "geometry": { "type": "Point", "coordinates": [ 4191814.240020197816193, 7517342.440558335743845 ] } },
{ "type": "Feature", "properties": { "id": 159968, "address": "г Москва, Новокуркинское Шоссе 31", "workTime": "Ежедневно 10:00-21:00", "pickupType": 3, "fittingRooms": 2, "status": null }, "geometry": { "type": "Point", "coordinates": [ 4162895.996660393662751, 7538683.899915140122175 ] } },
{ "type": "Feature", "properties": { "id": 159987, "address": "г Москва, Улица Маршала Баграмяна 7", "workTime": "Ежедневно 10:00-21:00", "pickupType": null, "fittingRooms": 2, "status": null }, "geometry": { "type": "Point", "coordinates": [ 4206882.001016012392938, 7493043.749480531550944 ] } },
{ "type": "Feature", "properties": { "id": 159992, "address": "г Москва, Новочерёмушкинская Улица 66к1", "workTime": "Ежедневно 10:00-21:00", "pickupType": 3, "fittingRooms": 3, "status": null }, "geometry": { "type": "Point", "coordinates": [ 4181167.755240219645202, 7491207.248231397941709 ] } },
{ "type": "Feature", "properties": { "id": 160013, "address": "г Москва, Красноказарменная Улица 14ак1", "workTime": "Ежедневно 10:00-21:00", "pickupType": 3, "fittingRooms": 4, "status": null }, "geometry": { "type": "Point", "coordinates": [ 4197399.027553806081414, 7509473.852758098393679 ] } },
{ "type": "Feature", "properties": { "id": 160112, "address": "г Москва, Азовская Улица 24к3", "workTime": "Ежедневно 10:00-21:00", "pickupType": 3, "fittingRooms": 3, "status": null }, "geometry": { "type": "Point", "coordinates": [ 4185118.038690509740263, 7488568.227348322048783 ] } },
{ "type": "Feature", "properties": { "id": 160196, "address": "г Москва, Улица Барышиха 44к1", "workTime": "Ежедневно 10:00-21:00", "pickupType": 3, "fittingRooms": 2, "status": null }, "geometry": { "type": "Point", "coordinates": [ 4157197.440607195254415, 7529884.286975666880608 ] } },
{ "type": "Feature", "properties": { "id": 160198, "address": "г Москва, Шипиловский Проезд 47", "workTime": "Ежедневно 10:00-21:00", "pickupType": 3, "fittingRooms": 3, "status": null }, "geometry": { "type": "Point", "coordinates": [ 4196589.95749471988529, 7481057.034201103262603 ] } },
{ "type": "Feature", "properties": { "id": 160263, "address": "г Москва, Люблинская Улица 78к3", "workTime": "Ежедневно 10:00-21:00", "pickupType": 3, "fittingRooms": 4, "status": null }, "geometry": { "type": "Point", "coordinates": [ 4200059.452064273878932, 7491494.980675592087209 ] } },
{ "type": "Feature", "properties": { "id": 160266, "address": "г Москва, Ходынский Бульвар 5к2", "workTime": "Ежедневно 10:00-21:00", "pickupType": 3, "fittingRooms": 5, "status": null }, "geometry": { "type": "Point", "coordinates": [ 4178292.261473539285362, 7515575.970496134832501 ] } },
{ "type": "Feature", "properties": { "id": 160309, "address": "г Москва, Саратовская Улица 1к2", "workTime": "Ежедневно 10:00-21:00", "pickupType": 3, "fittingRooms": 4, "status": null }, "geometry": { "type": "Point", "coordinates": [ 4200083.608393776230514, 7501651.815090387128294 ] } },
{ "type": "Feature", "properties": { "id": 160321, "address": "Москва, Москва, Профсоюзная улица, 130к1", "workTime": "Ежедневно 10:00-21:00", "pickupType": 4, "fittingRooms": 3, "status": null }, "geometry": { "type": "Point", "coordinates": [ 4176046.527113160584122, 7485259.450868705287576 ] } },
{ "type": "Feature", "properties": { "id": 160443, "address": "г Москва, Нагатинская Набережная 44к1", "workTime": "Ежедневно 08:00-22:00", "pickupType": null, "fittingRooms": 2, "status": null }, "geometry": { "type": "Point", "coordinates": [ 4194185.011215622071177, 7496048.224074226804078 ] } },
{ "type": "Feature", "properties": { "id": 160445, "address": "г Москва, Корабельная Улица 5а", "workTime": "Ежедневно 10:00-21:00", "pickupType": null, "fittingRooms": 2, "status": null }, "geometry": { "type": "Point", "coordinates": [ 4196664.986831515096128, 7496070.142988345585763 ] } },
{ "type": "Feature", "properties": { "id": 160448, "address": "г Москва, Улица Маршала Захарова 3", "workTime": "Ежедневно 10:00-21:00", "pickupType": null, "fittingRooms": 2, "status": null }, "geometry": { "type": "Point", "coordinates": [ 4197452.015631423331797, 7483682.647154764272273 ] } },
{ "type": "Feature", "properties": { "id": 160450, "address": "г Москва, Полярная Улица 13к2", "workTime": "Ежедневно 10:00-21:00", "pickupType": null, "fittingRooms": 2, "status": null }, "geometry": { "type": "Point", "coordinates": [ 4189447.587645932566375, 7533548.810406578704715 ] } },
{ "type": "Feature", "properties": { "id": 160543, "address": "г Москва, Улица Дудинка 2к2", "workTime": "Ежедневно 10:00-21:00", "pickupType": null, "fittingRooms": 2, "status": null }, "geometry": { "type": "Point", "coordinates": [ 4195689.048855730332434, 7531010.517894423566759 ] } },
{ "type": "Feature", "properties": { "id": 160599, "address": "г Москва, Дмитровское Шоссе 169к1", "workTime": "Ежедневно 10:00-21:00", "pickupType": null, "fittingRooms": 2, "status": null }, "geometry": { "type": "Point", "coordinates": [ 4179497.962878320831805, 7544584.248080723918974 ] } },
{ "type": "Feature", "properties": { "id": 160626, "address": "г Москва, Щёлковский Проезд 2", "workTime": "Ежедневно 10:00-21:00", "pickupType": 3, "fittingRooms": 4, "status": null }, "geometry": { "type": "Point", "coordinates": [ 4205518.114614812657237, 7519973.492606461048126 ] } },
{ "type": "Feature", "properties": { "id": 160643, "address": "г Москва, Рождественская Улица 18", "workTime": "Ежедневно 10:00-21:00", "pickupType": 3, "fittingRooms": 2, "status": null }, "geometry": { "type": "Point", "coordinates": [ 4221375.687397805973887, 7499785.211702694185078 ] } },
{ "type": "Feature", "properties": { "id": 160645, "address": "г Москва, Улица Адмирала Лазарева 63к1", "workTime": "Ежедневно 10:00-21:00", "pickupType": 3, "fittingRooms": 2, "status": null }, "geometry": { "type": "Point", "coordinates": [ 4175346.413788676727563, 7466733.194110400043428 ] } },
{ "type": "Feature", "properties": { "id": 160666, "address": "г Москва, 3-Й Микрорайон 2а", "workTime": "Ежедневно 10:00-21:00", "pickupType": 3, "fittingRooms": 4, "status": null }, "geometry": { "type": "Point", "coordinates": [ 4156945.969877493102103, 7478472.504588826559484 ] } },
{ "type": "Feature", "properties": { "id": 160672, "address": "г Москва, Пролетарский Проспект 6к1", "workTime": "Ежедневно 10:00-21:00", "pickupType": 3, "fittingRooms": 2, "status": null }, "geometry": { "type": "Point", "coordinates": [ 4191761.029303599148989, 7488371.348134767264128 ] } },
{ "type": "Feature", "properties": { "id": 160676, "address": "г Москва, Кировоградская Улица 14", "workTime": "Ежедневно 10:00-22:00", "pickupType": 3, "fittingRooms": 8, "status": null }, "geometry": { "type": "Point", "coordinates": [ 4186273.980282907374203, 7483651.694419041275978 ] } },
{ "type": "Feature", "properties": { "id": 160695, "address": "г Москва, Улица Мусоргского 5к3", "workTime": "Ежедневно 10:00-22:00", "pickupType": 3, "fittingRooms": 2, "status": null }, "geometry": { "type": "Point", "coordinates": [ 4187810.077936363872141, 7531518.545939932577312 ] } },
{ "type": "Feature", "properties": { "id": 160698, "address": "г Москва, Духовской Переулок 19", "workTime": "Ежедневно 10:00-21:00", "pickupType": null, "fittingRooms": 2, "status": null }, "geometry": { "type": "Point", "coordinates": [ 4187057.558178601320833, 7499748.069946308620274 ] } },
{ "type": "Feature", "properties": { "id": 160716, "address": "г Москва, Волочаевская Улица 12", "workTime": "Ежедневно 10:00-21:00", "pickupType": null, "fittingRooms": 2, "status": null }, "geometry": { "type": "Point", "coordinates": [ 4194725.244704441167414, 7510078.189540251158178 ] } },
{ "type": "Feature", "properties": { "id": 160723, "address": "г Москва, 1-Я Владимирская Улица 14", "workTime": "Ежедневно 10:00-21:00", "pickupType": 3, "fittingRooms": 3, "status": null }, "geometry": { "type": "Point", "coordinates": [ 4205094.432632853277028, 7510185.412335702218115 ] } },
{ "type": "Feature", "properties": { "id": 160726, "address": "г Москва, Октябрьская Улица 59", "workTime": "Ежедневно 10:00-21:00", "pickupType": 3, "fittingRooms": 6, "status": null }, "geometry": { "type": "Point", "coordinates": [ 4187059.450609944760799, 7517266.997957807034254 ] } },
{ "type": "Feature", "properties": { "id": 160761, "address": "г Москва, Улица Лобачика 23к1", "workTime": "Ежедневно 10:00-21:00", "pickupType": 3, "fittingRooms": 2, "status": null }, "geometry": { "type": "Point", "coordinates": [ 4192905.95026640733704, 7516638.536312651820481 ] } },
{ "type": "Feature", "properties": { "id": 160786, "address": "г Москва, Улица Александры Монаховой 43к1", "workTime": "Ежедневно 10:00-21:00", "pickupType": null, "fittingRooms": 2, "status": null }, "geometry": { "type": "Point", "coordinates": [ 4173170.340382650028914, 7472196.066198924556375 ] } },
{ "type": "Feature", "properties": { "id": 160814, "address": "г Москва, Улица Тёплый Стан 9к4", "workTime": "Ежедневно 10:00-21:00", "pickupType": null, "fittingRooms": 2, "status": null }, "geometry": { "type": "Point", "coordinates": [ 4173818.999055502470583, 7482885.013035632669926 ] } },
{ "type": "Feature", "properties": { "id": 160821, "address": "г Москва, Новочерёмушкинская Улица 1/14к3", "workTime": "Ежедневно 10:00-21:00", "pickupType": null, "fittingRooms": 2, "status": null }, "geometry": { "type": "Point", "coordinates": [ 4184417.616454439237714, 7497072.160502644255757 ] } },
{ "type": "Feature", "properties": { "id": 160829, "address": "г Москва, Синельниковская Улица 47", "workTime": "Ежедневно 10:00-21:00", "pickupType": null, "fittingRooms": 2, "status": null }, "geometry": { "type": "Point", "coordinates": [ 4182542.996229480020702, 7467869.728257992304862 ] } },
{ "type": "Feature", "properties": { "id": 160832, "address": "г Москва, Академическая Площадь 4", "workTime": "Ежедневно 10:00-21:00", "pickupType": 4, "fittingRooms": 2, "status": null }, "geometry": { "type": "Point", "coordinates": [ 4153121.477451799437404, 7456723.089955816045403 ] } },
{ "type": "Feature", "properties": { "id": 160839, "address": "г Москва, Улица Сергия Радонежского 8", "workTime": "Ежедневно 10:00-21:00", "pickupType": null, "fittingRooms": 2, "status": null }, "geometry": { "type": "Point", "coordinates": [ 4194050.314631761983037, 7508078.223385652527213 ] } },
{ "type": "Feature", "properties": { "id": 161002, "address": "г Москва, Ленинский Проспект 66", "workTime": "Ежедневно 10:00-21:00", "pickupType": 4, "fittingRooms": 2, "status": null }, "geometry": { "type": "Point", "coordinates": [ 4179809.880091523751616, 7497046.683870175853372 ] } },
{ "type": "Feature", "properties": { "id": 161004, "address": "г Москва, Багратионовский Проезд 1ак1", "workTime": "Ежедневно 10:00-21:00", "pickupType": null, "fittingRooms": 2, "status": null }, "geometry": { "type": "Point", "coordinates": [ 4175958.114390585571527, 7507974.787548705004156 ] } },
{ "type": "Feature", "properties": { "id": 161005, "address": "г Москва, Пятницкое Шоссе 45", "workTime": "Ежедневно 08:00-22:00", "pickupType": 4, "fittingRooms": 2, "status": null }, "geometry": { "type": "Point", "coordinates": [ 4157602.643553682602942, 7530318.653829832561314 ] } },
{ "type": "Feature", "properties": { "id": 161008, "address": "г Москва, Волгоградский Проспект 9с1", "workTime": "Ежедневно 10:00-21:00", "pickupType": 4, "fittingRooms": 2, "status": null }, "geometry": { "type": "Point", "coordinates": [ 4193901.257833590265363, 7505014.69739656150341 ] } },
{ "type": "Feature", "properties": { "id": 161016, "address": "г Москва, Ангелов Переулок 6", "workTime": "Ежедневно 10:00-21:00", "pickupType": 3, "fittingRooms": 2, "status": null }, "geometry": { "type": "Point", "coordinates": [ 4157504.793721275869757, 7529330.554321879521012 ] } },
{ "type": "Feature", "properties": { "id": 161042, "address": "г Москва, Кустанайская Улица 10а", "workTime": "Ежедневно 08:00-22:00", "pickupType": null, "fittingRooms": 2, "status": null }, "geometry": { "type": "Point", "coordinates": [ 4202686.035449541173875, 7482926.016440324485302 ] } },
{ "type": "Feature", "properties": { "id": 161047, "address": "г Москва, Ягодная Улица 8к3", "workTime": "Ежедневно 08:00-22:00", "pickupType": 4, "fittingRooms": 2, "status": null }, "geometry": { "type": "Point", "coordinates": [ 4193889.012689603026956, 7474286.596082450821996 ] } },
{ "type": "Feature", "properties": { "id": 161050, "address": "г Москва, Улица Адмирала Лазарева 22", "workTime": "Ежедневно 10:00-21:00", "pickupType": null, "fittingRooms": 2, "status": null }, "geometry": { "type": "Point", "coordinates": [ 4178113.037093362305313, 7468846.844362041912973 ] } },
{ "type": "Feature", "properties": { "id": 161051, "address": "г Москва, Улица Циолковского 7", "workTime": "Ежедневно 10:00-21:00", "pickupType": null, "fittingRooms": 2, "status": null }, "geometry": { "type": "Point", "coordinates": [ 4168697.968520539347082, 7524346.371519186533988 ] } },
{ "type": "Feature", "properties": { "id": 161058, "address": "г Москва, Херсонская Улица 20к2", "workTime": "Ежедневно 08:00-22:00", "pickupType": 4, "fittingRooms": 2, "status": null }, "geometry": { "type": "Point", "coordinates": [ 4181689.732332549057901, 7489644.44438630528748 ] } },
{ "type": "Feature", "properties": { "id": 161060, "address": "г Москва, Фестивальная Улица 9", "workTime": "Ежедневно 10:00-21:00", "pickupType": null, "fittingRooms": 2, "status": null }, "geometry": { "type": "Point", "coordinates": [ 4171626.005086874589324, 7529948.349588968791068 ] } },
{ "type": "Feature", "properties": { "id": 161065, "address": "г Москва, Ленинградский Проспект 10", "workTime": "Ежедневно 10:00-21:00", "pickupType": null, "fittingRooms": 2, "status": null }, "geometry": { "type": "Point", "coordinates": [ 4183405.16568567417562, 7514643.796943379566073 ] } },
{ "type": "Feature", "properties": { "id": 161067, "address": "г Москва, Новопесчаная Улица 23к4", "workTime": "Ежедневно 10:00-21:00", "pickupType": null, "fittingRooms": 2, "status": null }, "geometry": { "type": "Point", "coordinates": [ 4175759.965696973726153, 7517340.65844114869833 ] } },
{ "type": "Feature", "properties": { "id": 161074, "address": "г Москва, Улица Народного Ополчения 39к1", "workTime": "Ежедневно 10:00-21:00", "pickupType": null, "fittingRooms": 2, "status": null }, "geometry": { "type": "Point", "coordinates": [ 4173199.951367200352252, 7516933.752465525642037 ] } },
{ "type": "Feature", "properties": { "id": 161075, "address": "г Москва, Братиславская Улица 29к1", "workTime": "Ежедневно 10:00-21:00", "pickupType": null, "fittingRooms": 2, "status": null }, "geometry": { "type": "Point", "coordinates": [ 4204229.814147861674428, 7489763.814082810655236 ] } },
{ "type": "Feature", "properties": { "id": 161076, "address": "г Москва, Тверская Улица 15", "workTime": "Ежедневно 10:00-21:00", "pickupType": null, "fittingRooms": 2, "status": null }, "geometry": { "type": "Point", "coordinates": [ 4186494.058916206471622, 7511259.305108966305852 ] } },
{ "type": "Feature", "properties": { "id": 161078, "address": "г Москва, Улица Орджоникидзе 1", "workTime": "Ежедневно 10:00-21:00", "pickupType": null, "fittingRooms": 2, "status": null }, "geometry": { "type": "Point", "coordinates": [ 4186254.16541354637593, 7501054.460804280824959 ] } },
{ "type": "Feature", "properties": { "id": 161080, "address": "г Москва, Головинское Шоссе 10б", "workTime": "Ежедневно 10:00-21:00", "pickupType": null, "fittingRooms": 2, "status": null }, "geometry": { "type": "Point", "coordinates": [ 4174232.217005326412618, 7526074.609908453188837 ] } },
{ "type": "Feature", "properties": { "id": 161081, "address": "г Москва, Проспект Мира 68с3", "workTime": "Ежедневно 10:00-21:00", "pickupType": 4, "fittingRooms": 2, "status": null }, "geometry": { "type": "Point", "coordinates": [ 4189608.221671147271991, 7516192.070573977194726 ] } },
{ "type": "Feature", "properties": { "id": 161084, "address": "г Москва, 3-Й Самотёчный Переулок 11с1", "workTime": "Ежедневно 10:00-21:00", "pickupType": null, "fittingRooms": 2, "status": null }, "geometry": { "type": "Point", "coordinates": [ 4187193.367957369424403, 7514485.245610634796321 ] } },
{ "type": "Feature", "properties": { "id": 161089, "address": "г Москва, Донецкая Улица 30к1", "workTime": "Ежедневно 10:00-21:00", "pickupType": null, "fittingRooms": 2, "status": null }, "geometry": { "type": "Point", "coordinates": [ 4197538.065597807057202, 7488125.552070489153266 ] } },
{ "type": "Feature", "properties": { "id": 161098, "address": "г Москва, Бескудниковский Бульвар 21к2", "workTime": "Ежедневно 10:00-21:00", "pickupType": 3, "fittingRooms": 4, "status": null }, "geometry": { "type": "Point", "coordinates": [ 4180823.221416214480996, 7531984.747181295417249 ] } },
{ "type": "Feature", "properties": { "id": 161100, "address": "г Москва, Краснобогатырская Улица 11", "workTime": "Ежедневно 10:00-21:00", "pickupType": 3, "fittingRooms": 2, "status": null }, "geometry": { "type": "Point", "coordinates": [ 4195987.830369018949568, 7521868.564605270512402 ] } },
{ "type": "Feature", "properties": { "id": 161103, "address": "г Москва, Совхозная Улица 49", "workTime": "Ежедневно 10:00-21:00", "pickupType": null, "fittingRooms": 2, "status": null }, "geometry": { "type": "Point", "coordinates": [ 4203652.622588098980486, 7494652.45306739769876 ] } },
{ "type": "Feature", "properties": { "id": 161150, "address": "г Москва, Улица Декабристов 15а", "workTime": "Ежедневно 10:00-21:00", "pickupType": 3, "fittingRooms": 3, "status": null }, "geometry": { "type": "Point", "coordinates": [ 4186114.014174637384713, 7531621.306173152290285 ] } },
{ "type": "Feature", "properties": { "id": 161340, "address": "г Москва, Широкая Улица 23к1", "workTime": "Ежедневно 10:00-21:00", "pickupType": 3, "fittingRooms": 2, "status": null }, "geometry": { "type": "Point", "coordinates": [ 4193728.489983879495412, 7536230.658783232793212 ] } },
{ "type": "Feature", "properties": { "id": 161364, "address": "г Москва, Святоозёрская Улица 5", "workTime": "Ежедневно 10:00-21:00", "pickupType": 3, "fittingRooms": 6, "status": null }, "geometry": { "type": "Point", "coordinates": [ 4217873.019619994796813, 7501625.137680702842772 ] } },
{ "type": "Feature", "properties": { "id": 161383, "address": "г Москва, Первомайская Улица 42", "workTime": "Ежедневно 10:00-21:00", "pickupType": 3, "fittingRooms": 3, "status": null }, "geometry": { "type": "Point", "coordinates": [ 4206442.956944324076176, 7517172.151221067644656 ] } },
{ "type": "Feature", "properties": { "id": 161437, "address": "г Москва, Улица Перерва 39", "workTime": "Ежедневно 10:00-21:00", "pickupType": 3, "fittingRooms": 3, "status": null }, "geometry": { "type": "Point", "coordinates": [ 4201918.042282558046281, 7490869.20590472407639 ] } },
{ "type": "Feature", "properties": { "id": 161474, "address": "г Москва, 3-Й Митинский Переулок 7", "workTime": "Ежедневно 09:00-21:00", "pickupType": 3, "fittingRooms": 3, "status": null }, "geometry": { "type": "Point", "coordinates": [ 4157534.961303280200809, 7527845.866592374630272 ] } },
{ "type": "Feature", "properties": { "id": 161617, "address": "г Москва, Улица Дмитриевского 1", "workTime": "Ежедневно 10:00-21:00", "pickupType": 3, "fittingRooms": 2, "status": null }, "geometry": { "type": "Point", "coordinates": [ 4216899.975950971245766, 7501007.433220219798386 ] } },
{ "type": "Feature", "properties": { "id": 161657, "address": "г Москва, Ясный Проезд 14", "workTime": "Ежедневно 10:00-21:00", "pickupType": 3, "fittingRooms": 3, "status": null }, "geometry": { "type": "Point", "coordinates": [ 4188475.323213344905525, 7533438.08738302346319 ] } },
{ "type": "Feature", "properties": { "id": 161668, "address": "г Москва, Улица Горбунова 9к4", "workTime": "Ежедневно 10:00-21:00", "pickupType": 3, "fittingRooms": 2, "status": null }, "geometry": { "type": "Point", "coordinates": [ 4161996.423855293076485, 7503149.652528404258192 ] } },
{ "type": "Feature", "properties": { "id": 161725, "address": "г Москва, Улица Чистова 16к1", "workTime": "Ежедневно 10:00-21:00", "pickupType": 3, "fittingRooms": 2, "status": null }, "geometry": { "type": "Point", "coordinates": [ 4201781.007989391684532, 7498290.002079780213535 ] } },
{ "type": "Feature", "properties": { "id": 161777, "address": "г Москва, Чертановская Улица 44", "workTime": "Ежедневно 10:00-21:00", "pickupType": 3, "fittingRooms": 3, "status": null }, "geometry": { "type": "Point", "coordinates": [ 4184498.768363227602094, 7480981.354081065393984 ] } },
{ "type": "Feature", "properties": { "id": 161787, "address": "г Москва, Южнобутовская Улица 62", "workTime": "Ежедневно 10:00-21:00", "pickupType": 3, "fittingRooms": 3, "status": null }, "geometry": { "type": "Point", "coordinates": [ 4177569.018741854932159, 7466603.950238595716655 ] } },
{ "type": "Feature", "properties": { "id": 161839, "address": "г Москва, Лукинская Улица 1", "workTime": "Ежедневно 09:00-21:00", "pickupType": 3, "fittingRooms": 2, "status": null }, "geometry": { "type": "Point", "coordinates": [ 4157188.980325894895941, 7488429.937917429022491 ] } },
{ "type": "Feature", "properties": { "id": 161855, "address": "г Москва, Улица Адмирала Лазарева 68к2", "workTime": "Ежедневно 10:00-21:00", "pickupType": 3, "fittingRooms": 2, "status": null }, "geometry": { "type": "Point", "coordinates": [ 4175187.115597350988537, 7467085.920870195142925 ] } },
{ "type": "Feature", "properties": { "id": 161863, "address": "г Москва, Проспект Вернадского 44к2", "workTime": "Ежедневно 10:00-21:00", "pickupType": 3, "fittingRooms": 3, "status": null }, "geometry": { "type": "Point", "coordinates": [ 4174091.95444692671299, 7493918.634201923385262 ] } },
{ "type": "Feature", "properties": { "id": 161885, "address": "г Москва, Привольная Улица 57к1", "workTime": "Ежедневно 10:00-21:00", "pickupType": 3, "fittingRooms": 3, "status": null }, "geometry": { "type": "Point", "coordinates": [ 4212745.64387405756861, 7495640.859542990103364 ] } },
{ "type": "Feature", "properties": { "id": 161886, "address": "г Москва, Малая Юшуньская Улица 3", "workTime": "Ежедневно 10:00-21:00", "pickupType": 3, "fittingRooms": 3, "status": null }, "geometry": { "type": "Point", "coordinates": [ 4184722.631859212182462, 7489963.096529200673103 ] } },
{ "type": "Feature", "properties": { "id": 161912, "address": "г Москва, Пятницкое Шоссе 42", "workTime": "Ежедневно 10:00-21:00", "pickupType": 3, "fittingRooms": 2, "status": null }, "geometry": { "type": "Point", "coordinates": [ 4158731.979787780437618, 7529850.570024674758315 ] } },
{ "type": "Feature", "properties": { "id": 161995, "address": "г Москва, Улица Цюрупы 20к1", "workTime": "Ежедневно 10:00-21:00", "pickupType": 3, "fittingRooms": 2, "status": null }, "geometry": { "type": "Point", "coordinates": [ 4182194.45490380609408, 7492432.849711455404758 ] } },
{ "type": "Feature", "properties": { "id": 162019, "address": "г Москва, Жилой Комплекс Бутово Парк 18к2", "workTime": "Ежедневно 10:00-21:00", "pickupType": 3, "fittingRooms": 2, "status": null }, "geometry": { "type": "Point", "coordinates": [ 4184474.166755761951208, 7468338.791547131724656 ] } },
{ "type": "Feature", "properties": { "id": 162034, "address": "г Москва, Крымская Улица 19", "workTime": "Ежедневно 10:00-21:00", "pickupType": 3, "fittingRooms": 3, "status": null }, "geometry": { "type": "Point", "coordinates": [ 4187776.014172181952745, 7465186.933790067210793 ] } },
{ "type": "Feature", "properties": { "id": 162037, "address": "г Москва, Оренбургская Улица 18", "workTime": "Ежедневно 10:00-21:00", "pickupType": 3, "fittingRooms": 2, "status": null }, "geometry": { "type": "Point", "coordinates": [ 4214841.455927221104503, 7501368.64403126668185 ] } },
{ "type": "Feature", "properties": { "id": 162054, "address": "г Москва, Ленинский Проспект 131", "workTime": "Ежедневно 10:00-21:00", "pickupType": 3, "fittingRooms": 4, "status": null }, "geometry": { "type": "Point", "coordinates": [ 4171522.477960436604917, 7487890.613061808049679 ] } },
{ "type": "Feature", "properties": { "id": 162128, "address": "г Москва, Семёновская Набережная 3/1к6", "workTime": "Ежедневно 10:00-21:00", "pickupType": 3, "fittingRooms": 2, "status": null }, "geometry": { "type": "Point", "coordinates": [ 4197309.638002699241042, 7514801.757691714912653 ] } },
{ "type": "Feature", "properties": { "id": 162132, "address": "г Москва, Большой Саввинский Переулок 2к1", "workTime": "Ежедневно 10:00-21:00", "pickupType": 3, "fittingRooms": 2, "status": null }, "geometry": { "type": "Point", "coordinates": [ 4182263.250349116511643, 7506146.792855377309024 ] } },
{ "type": "Feature", "properties": { "id": 162135, "address": "г Москва, Ломоносовский Проспект 15", "workTime": "Ежедневно 10:00-21:00", "pickupType": 3, "fittingRooms": 2, "status": null }, "geometry": { "type": "Point", "coordinates": [ 4178974.872591083869338, 7496679.948172596283257 ] } },
{ "type": "Feature", "properties": { "id": 162145, "address": "г Москва, Улица Седова 3", "workTime": "Ежедневно 10:00-21:00", "pickupType": 3, "fittingRooms": 4, "status": null }, "geometry": { "type": "Point", "coordinates": [ 4190424.972775097936392, 7528908.935006105341017 ] } },
{ "type": "Feature", "properties": { "id": 162231, "address": "г Москва, Весенняя Улица 14", "workTime": "Ежедневно 10:00-21:00", "pickupType": 3, "fittingRooms": 2, "status": null }, "geometry": { "type": "Point", "coordinates": [ 4176011.436426675412804, 7533399.989506294950843 ] } },
{ "type": "Feature", "properties": { "id": 162260, "address": "г Москва, 14-Я Парковая Улица 3а", "workTime": "Ежедневно 10:00-21:00", "pickupType": 3, "fittingRooms": 3, "status": null }, "geometry": { "type": "Point", "coordinates": [ 4209371.772747093811631, 7516779.510020922869444 ] } },
{ "type": "Feature", "properties": { "id": 162292, "address": "г Москва, Волгоградский Проспект 145к2", "workTime": "Ежедневно 10:00-21:00", "pickupType": 3, "fittingRooms": 2, "status": null }, "geometry": { "type": "Point", "coordinates": [ 4205370.95024798437953, 7499797.26305565983057 ] } },
{ "type": "Feature", "properties": { "id": 162367, "address": "г Москва, Востряковский Проезд 21к4", "workTime": "Ежедневно 10:00-21:00", "pickupType": 3, "fittingRooms": 3, "status": null }, "geometry": { "type": "Point", "coordinates": [ 4191510.00385185983032, 7474758.608752146363258 ] } },
{ "type": "Feature", "properties": { "id": 162372, "address": "г Москва, Улица Барышиха 20", "workTime": "Ежедневно 10:00-21:00", "pickupType": 3, "fittingRooms": 2, "status": null }, "geometry": { "type": "Point", "coordinates": [ 4157993.041007894556969, 7527426.906024460680783 ] } },
{ "type": "Feature", "properties": { "id": 162377, "address": "г Москва, Пионерская Улица 1к1", "workTime": "Ежедневно 10:00-21:00", "pickupType": 3, "fittingRooms": 2, "status": null }, "geometry": { "type": "Point", "coordinates": [ 4224263.092350001446903, 7493015.325285397469997 ] } },
{ "type": "Feature", "properties": { "id": 162383, "address": "г Москва, Сельскохозяйственная Улица 38к1", "workTime": "Ежедневно 10:00-21:00", "pickupType": 3, "fittingRooms": 3, "status": null }, "geometry": { "type": "Point", "coordinates": [ 4188886.871370807290077, 7528168.479766726493835 ] } },
{ "type": "Feature", "properties": { "id": 162402, "address": "Москва, Москва, улица Грина, 11", "workTime": "Ежедневно 10:00-21:00", "pickupType": 4, "fittingRooms": 2, "status": 3 }, "geometry": { "type": "Point", "coordinates": [ 4181900.500203637871891, 7472889.3550283620134 ] } },
{ "type": "Feature", "properties": { "id": 162413, "address": "г Москва, Облепиховая Улица 1", "workTime": "Ежедневно 10:00-22:00", "pickupType": 3, "fittingRooms": 3, "status": 3 }, "geometry": { "type": "Point", "coordinates": [ 4159717.268600792158395, 7461676.392457766458392 ] } },
{ "type": "Feature", "properties": { "id": 162467, "address": "г Москва, Митинская Улица 36", "workTime": "Ежедневно 08:00-22:00", "pickupType": 3, "fittingRooms": 2, "status": null }, "geometry": { "type": "Point", "coordinates": [ 4159266.202024097088724, 7527830.202252191491425 ] } },
{ "type": "Feature", "properties": { "id": 162470, "address": "г Москва, Боровское Шоссе 36", "workTime": "Ежедневно 10:00-21:00", "pickupType": 3, "fittingRooms": 3, "status": null }, "geometry": { "type": "Point", "coordinates": [ 4158231.376037682872266, 7487072.42616711743176 ] } },
{ "type": "Feature", "properties": { "id": 162588, "address": "г Москва, Врачебный Проезд 10", "workTime": "Ежедневно 10:00-21:00", "pickupType": 3, "fittingRooms": 2, "status": null }, "geometry": { "type": "Point", "coordinates": [ 4170174.287607439327985, 7521279.548689638264477 ] } },
{ "type": "Feature", "properties": { "id": 162620, "address": "г Москва, Заревый Проезд 10", "workTime": "Ежедневно 10:00-21:00", "pickupType": 3, "fittingRooms": 2, "status": null }, "geometry": { "type": "Point", "coordinates": [ 4192147.753214614465833, 7535776.308269761502743 ] } },
{ "type": "Feature", "properties": { "id": 162651, "address": "г Москва, Суздальская Улица 26к2", "workTime": "Ежедневно 09:00-21:00", "pickupType": 3, "fittingRooms": 2, "status": null }, "geometry": { "type": "Point", "coordinates": [ 4214721.00823818333447, 7507496.587877482175827 ] } },
{ "type": "Feature", "properties": { "id": 162658, "address": "г Москва, Улица Хромова 20", "workTime": "Ежедневно 10:00-21:00", "pickupType": 3, "fittingRooms": 2, "status": null }, "geometry": { "type": "Point", "coordinates": [ 4198793.4154954822734, 7518627.850339945405722 ] } },
{ "type": "Feature", "properties": { "id": 162660, "address": "г Москва, Новокуркинское Шоссе 51", "workTime": "Ежедневно 10:00-21:00", "pickupType": 3, "fittingRooms": 2, "status": null }, "geometry": { "type": "Point", "coordinates": [ 4162063.21554976888001, 7540436.409786503762007 ] } },
{ "type": "Feature", "properties": { "id": 162661, "address": "г Москва, Бульвар Космонавта Сереброва А.А. 2", "workTime": "Ежедневно 10:00-21:00", "pickupType": 3, "fittingRooms": 4, "status": null }, "geometry": { "type": "Point", "coordinates": [ 4174749.963957006577402, 7545542.309267058037221 ] } },
{ "type": "Feature", "properties": { "id": 162668, "address": "г Москва, Краснодарская Улица 72к3", "workTime": "Ежедневно 10:00-21:00", "pickupType": 3, "fittingRooms": 2, "status": null }, "geometry": { "type": "Point", "coordinates": [ 4205558.746228952892125, 7492727.141435950994492 ] } },
{ "type": "Feature", "properties": { "id": 162702, "address": "г Москва, Большая Марфинская Улица 1к2", "workTime": "Ежедневно 10:00-21:00", "pickupType": 3, "fittingRooms": 4, "status": null }, "geometry": { "type": "Point", "coordinates": [ 4184643.372381767723709, 7523983.885063692927361 ] } },
{ "type": "Feature", "properties": { "id": 162704, "address": "г Москва, Улица Верхние Поля 32к3", "workTime": "Ежедневно 10:00-21:00", "pickupType": 3, "fittingRooms": 2, "status": null }, "geometry": { "type": "Point", "coordinates": [ 4203517.480726276524365, 7492383.703493980690837 ] } },
{ "type": "Feature", "properties": { "id": 162706, "address": "г Москва, Челябинская Улица 15", "workTime": "Ежедневно 10:00-21:00", "pickupType": 3, "fittingRooms": 3, "status": null }, "geometry": { "type": "Point", "coordinates": [ 4211009.282456663437188, 7514516.520147335715592 ] } },
{ "type": "Feature", "properties": { "id": 162725, "address": "г Москва, Болотниковская Улица 38к5", "workTime": "Ежедневно 10:00-22:00", "pickupType": 3, "fittingRooms": 2, "status": null }, "geometry": { "type": "Point", "coordinates": [ 4184634.689461485948414, 7491762.593309527263045 ] } },
{ "type": "Feature", "properties": { "id": 162827, "address": "Москва, Москва, Дмитровское шоссе, 107к2", "workTime": "Ежедневно 10:00-21:00", "pickupType": 4, "fittingRooms": 5, "status": null }, "geometry": { "type": "Point", "coordinates": [ 4179255.397707882337272, 7534387.618760001845658 ] } },
{ "type": "Feature", "properties": { "id": 162829, "address": "г Москва, 3-Я Песчаная Улица 3", "workTime": "Ежедневно 10:00-21:00", "pickupType": 3, "fittingRooms": 2, "status": null }, "geometry": { "type": "Point", "coordinates": [ 4176291.293626530095935, 7517387.587664366699755 ] } },
{ "type": "Feature", "properties": { "id": 162830, "address": "г Москва, Кантемировская Улица 3к5", "workTime": "Ежедневно 10:00-21:00", "pickupType": 3, "fittingRooms": 3, "status": null }, "geometry": { "type": "Point", "coordinates": [ 4194685.392326737754047, 7486275.625393101945519 ] } },
{ "type": "Feature", "properties": { "id": 162856, "address": "г Москва, Саянская Улица 7к1", "workTime": "Ежедневно 10:00-21:00", "pickupType": 3, "fittingRooms": 2, "status": null }, "geometry": { "type": "Point", "coordinates": [ 4211370.959482251666486, 7512339.877573764882982 ] } },
{ "type": "Feature", "properties": { "id": 162926, "address": "г Москва, Улица Бажова 11к1", "workTime": "Ежедневно 10:00-21:00", "pickupType": null, "fittingRooms": 2, "status": null }, "geometry": { "type": "Point", "coordinates": [ 4192638.672169012948871, 7525797.677195614203811 ] } },
{ "type": "Feature", "properties": { "id": 162932, "address": "г Москва, Хорошёвское Шоссе 38с5", "workTime": "Ежедневно 10:00-21:00", "pickupType": null, "fittingRooms": 2, "status": null }, "geometry": { "type": "Point", "coordinates": [ 4178496.978017107117921, 7514336.198453196324408 ] } },
{ "type": "Feature", "properties": { "id": 162974, "address": "г Москва, Снайперская Улица 9а", "workTime": "Ежедневно 10:00-21:00", "pickupType": 3, "fittingRooms": 3, "status": null }, "geometry": { "type": "Point", "coordinates": [ 4209507.916484335437417, 7503119.016973757185042 ] } },
{ "type": "Feature", "properties": { "id": 162986, "address": "г Москва, Улица Академика Понтрягина 21", "workTime": "Ежедневно 10:00-21:00", "pickupType": 3, "fittingRooms": 2, "status": null }, "geometry": { "type": "Point", "coordinates": [ 4174627.51251713372767, 7465953.63256433326751 ] } },
{ "type": "Feature", "properties": { "id": 162988, "address": "г Москва, 2-Я Прогонная Улица 10", "workTime": "Ежедневно 10:00-21:00", "pickupType": 3, "fittingRooms": 2, "status": null }, "geometry": { "type": "Point", "coordinates": [ 4197655.396341102197766, 7520633.525455825962126 ] } },
{ "type": "Feature", "properties": { "id": 163254, "address": "г Москва, Совхозная Улица 37", "workTime": "Ежедневно 10:00-21:00", "pickupType": 3, "fittingRooms": 2, "status": null }, "geometry": { "type": "Point", "coordinates": [ 4203341.26197235006839, 7493757.349490753374994 ] } },
{ "type": "Feature", "properties": { "id": 163345, "address": "г Москва, Микрорайон Родники 7", "workTime": "Ежедневно 10:00-21:00", "pickupType": 3, "fittingRooms": 3, "status": null }, "geometry": { "type": "Point", "coordinates": [ 4179225.007486895658076, 7453307.896816334687173 ] } },
{ "type": "Feature", "properties": { "id": 163371, "address": "г Москва, Алтуфьевское Шоссе 92", "workTime": "Ежедневно 10:00-22:00", "pickupType": 3, "fittingRooms": 3, "status": null }, "geometry": { "type": "Point", "coordinates": [ 4184394.016722390428185, 7538698.792086829431355 ] } },
{ "type": "Feature", "properties": { "id": 163430, "address": "г Москва, Дорогобужская Улица 14с16", "workTime": "Ежедневно 09:00-21:00", "pickupType": 3, "fittingRooms": 3, "status": null }, "geometry": { "type": "Point", "coordinates": [ 4165580.577500363811851, 7501426.937294162809849 ] } },
{ "type": "Feature", "properties": { "id": 163462, "address": "г Москва, Улица Грина 28", "workTime": "Ежедневно 10:00-21:00", "pickupType": 3, "fittingRooms": 4, "status": null }, "geometry": { "type": "Point", "coordinates": [ 4182432.567294613458216, 7472833.521446733735502 ] } },
{ "type": "Feature", "properties": { "id": 163526, "address": "г Москва, Рабочая Улица 13", "workTime": "Ежедневно 10:00-21:00", "pickupType": 3, "fittingRooms": 2, "status": null }, "geometry": { "type": "Point", "coordinates": [ 4194855.043230706825852, 7507729.157713393680751 ] } },
{ "type": "Feature", "properties": { "id": 163530, "address": "г Москва, Голубинская Улица 7к2", "workTime": "Ежедневно 10:00-21:00", "pickupType": 3, "fittingRooms": 3, "status": null }, "geometry": { "type": "Point", "coordinates": [ 4176128.989808953832835, 7480377.713401148095727 ] } },
{ "type": "Feature", "properties": { "id": 163543, "address": "г Москва, Улица Дмитриевского 21", "workTime": "Ежедневно 10:00-21:00", "pickupType": 3, "fittingRooms": 2, "status": null }, "geometry": { "type": "Point", "coordinates": [ 4218409.022968164645135, 7500790.280150621198118 ] } },
{ "type": "Feature", "properties": { "id": 163552, "address": "г Москва, Ташкентская Улица 15/22", "workTime": "Ежедневно 10:00-21:00", "pickupType": 3, "fittingRooms": 3, "status": null }, "geometry": { "type": "Point", "coordinates": [ 4209874.825525989755988, 7499702.0381238469854 ] } },
{ "type": "Feature", "properties": { "id": 163561, "address": "г Москва, Шоссе Энтузиастов 53", "workTime": "Ежедневно 10:00-21:00", "pickupType": 3, "fittingRooms": 4, "status": null }, "geometry": { "type": "Point", "coordinates": [ 4210819.594044351950288, 7513494.02725959662348 ] } },
{ "type": "Feature", "properties": { "id": 163653, "address": "г Москва, Южнобутовская Улица 41", "workTime": "Ежедневно 10:00-21:00", "pickupType": 3, "fittingRooms": 3, "status": null }, "geometry": { "type": "Point", "coordinates": [ 4178255.971319540869445, 7466786.505377571098506 ] } },
{ "type": "Feature", "properties": { "id": 163867, "address": "г Москва, Святоозёрская Улица 18", "workTime": "Ежедневно 10:00-21:00", "pickupType": 3, "fittingRooms": 2, "status": null }, "geometry": { "type": "Point", "coordinates": [ 4218055.026987442746758, 7501351.452542873099446 ] } },
{ "type": "Feature", "properties": { "id": 163871, "address": "г Москва, 1-Й Кожуховский Проезд 11а", "workTime": "Ежедневно 10:00-21:00", "pickupType": 3, "fittingRooms": 2, "status": null }, "geometry": { "type": "Point", "coordinates": [ 4192368.388445367105305, 7500352.831094103865325 ] } },
{ "type": "Feature", "properties": { "id": 163872, "address": "г Москва, Селигерская Улица 12к2", "workTime": "Ежедневно 10:00-21:00", "pickupType": 3, "fittingRooms": 4, "status": null }, "geometry": { "type": "Point", "coordinates": [ 4180530.117196956183761, 7531336.040795806795359 ] } },
{ "type": "Feature", "properties": { "id": 163881, "address": "г Москва, Улица Крылатские Холмы 36к3", "workTime": "Ежедневно 10:00-21:00", "pickupType": 3, "fittingRooms": 3, "status": null }, "geometry": { "type": "Point", "coordinates": [ 4164402.149370826780796, 7511918.790503406897187 ] } },
{ "type": "Feature", "properties": { "id": 163942, "address": "г Москва, 1-Я Нововатутинская Улица 3", "workTime": "Ежедневно 10:00-21:00", "pickupType": 3, "fittingRooms": 2, "status": null }, "geometry": { "type": "Point", "coordinates": [ 4158277.017028908710927, 7462797.634069228544831 ] } },
{ "type": "Feature", "properties": { "id": 163984, "address": "г Москва, Домодедовская Улица 42а", "workTime": "Ежедневно 10:00-21:00", "pickupType": 3, "fittingRooms": 3, "status": null }, "geometry": { "type": "Point", "coordinates": [ 4198279.119448017328978, 7479750.276616195216775 ] } },
{ "type": "Feature", "properties": { "id": 164002, "address": "г Москва, Улица Ротерта 1", "workTime": "Ежедневно 10:00-21:00", "pickupType": 3, "fittingRooms": 4, "status": null }, "geometry": { "type": "Point", "coordinates": [ 4199248.378254354000092, 7533431.737723818980157 ] } },
{ "type": "Feature", "properties": { "id": 164032, "address": "г Москва, Улица 800-Летия Москвы 11к5", "workTime": "Ежедневно 10:00-21:00", "pickupType": null, "fittingRooms": 2, "status": null }, "geometry": { "type": "Point", "coordinates": [ 4181667.57975388225168, 7535267.205519731156528 ] } },
{ "type": "Feature", "properties": { "id": 164041, "address": "г Москва, Улица Александры Монаховой 88к1", "workTime": "Ежедневно 10:00-21:00", "pickupType": 3, "fittingRooms": 2, "status": null }, "geometry": { "type": "Point", "coordinates": [ 4173008.259204054251313, 7468147.936021632514894 ] } },
{ "type": "Feature", "properties": { "id": 164043, "address": "г Москва, Магнитогорская Улица 7", "workTime": "Ежедневно 10:00-21:00", "pickupType": 3, "fittingRooms": 3, "status": null }, "geometry": { "type": "Point", "coordinates": [ 4210634.469731162302196, 7513633.7560003856197 ] } },
{ "type": "Feature", "properties": { "id": 164053, "address": "г Москва, Улица Вересаева 10", "workTime": "Ежедневно 10:00-21:00", "pickupType": 3, "fittingRooms": 2, "status": null }, "geometry": { "type": "Point", "coordinates": [ 4168318.035098461434245, 7502710.488650626502931 ] } },
{ "type": "Feature", "properties": { "id": 164067, "address": "г Москва, Улица Скульптора Мухиной 4", "workTime": "Ежедневно 10:00-21:00", "pickupType": 3, "fittingRooms": 2, "status": null }, "geometry": { "type": "Point", "coordinates": [ 4157567.466594592202455, 7487806.778453230857849 ] } },
{ "type": "Feature", "properties": { "id": 164071, "address": "г Москва, Чонгарский Бульвар 9", "workTime": "Ежедневно 10:00-21:00", "pickupType": 3, "fittingRooms": 2, "status": null }, "geometry": { "type": "Point", "coordinates": [ 4186819.55710728559643, 7489595.907814046368003 ] } },
{ "type": "Feature", "properties": { "id": 164076, "address": "г Москва, Каширское Шоссе 55к1", "workTime": "Ежедневно 10:00-21:00", "pickupType": 3, "fittingRooms": 2, "status": null }, "geometry": { "type": "Point", "coordinates": [ 4196071.987904059700668, 7486668.098673635162413 ] } },
{ "type": "Feature", "properties": { "id": 164106, "address": "г Москва, Осенний Бульвар 18к1", "workTime": "Ежедневно 10:00-21:00", "pickupType": 3, "fittingRooms": 3, "status": null }, "geometry": { "type": "Point", "coordinates": [ 4164277.137582665774971, 7511167.697885806672275 ] } },
{ "type": "Feature", "properties": { "id": 164164, "address": "г Москва, Балаклавский Проспект 7", "workTime": "Ежедневно 10:00-21:00", "pickupType": 3, "fittingRooms": 3, "status": null }, "geometry": { "type": "Point", "coordinates": [ 4185986.442038187757134, 7487218.38372821547091 ] } },
{ "type": "Feature", "properties": { "id": 164198, "address": "г Москва, Лухмановская Улица 5", "workTime": "Ежедневно 10:00-21:00", "pickupType": 3, "fittingRooms": 3, "status": null }, "geometry": { "type": "Point", "coordinates": [ 4218860.64614231325686, 7501909.306235764175653 ] } },
{ "type": "Feature", "properties": { "id": 164200, "address": "г Москва, Киевское Шоссе, 22-Й Километр вл4блокг", "workTime": "Ежедневно 10:00-21:00", "pickupType": 3, "fittingRooms": 2, "status": null }, "geometry": { "type": "Point", "coordinates": [ 4167383.730612233746797, 7486215.079782548360527 ] } },
{ "type": "Feature", "properties": { "id": 164218, "address": "г Москва, Новочерёмушкинская Улица 44к1с1", "workTime": "Ежедневно 10:00-21:00", "pickupType": 3, "fittingRooms": 3, "status": null }, "geometry": { "type": "Point", "coordinates": [ 4182125.548139004968107, 7493508.815752695314586 ] } },
{ "type": "Feature", "properties": { "id": 164220, "address": "г Москва, Лазурная Улица 10", "workTime": "Ежедневно 10:00-21:00", "pickupType": 3, "fittingRooms": 2, "status": null }, "geometry": { "type": "Point", "coordinates": [ 4171337.910244701895863, 7472854.39023379329592 ] } },
{ "type": "Feature", "properties": { "id": 164246, "address": "г Москва, Солнечная Улица 3ас1", "workTime": "Ежедневно 10:00-21:00", "pickupType": 3, "fittingRooms": 2, "status": 3 }, "geometry": { "type": "Point", "coordinates": [ 4159668.955941787920892, 7477382.27984856441617 ] } },
{ "type": "Feature", "properties": { "id": 164249, "address": "г Москва, Филёвский Бульвар 10", "workTime": "Ежедневно 10:00-21:00", "pickupType": 3, "fittingRooms": 3, "status": null }, "geometry": { "type": "Point", "coordinates": [ 4173102.992090719752014, 7511549.170983402989805 ] } },
{ "type": "Feature", "properties": { "id": 164267, "address": "г Москва, Перервинский Бульвар 25", "workTime": "Ежедневно 10:00-21:00", "pickupType": 3, "fittingRooms": 2, "status": null }, "geometry": { "type": "Point", "coordinates": [ 4205018.958018096163869, 7490135.549052859656513 ] } },
{ "type": "Feature", "properties": { "id": 164289, "address": "г Москва, Улица Корнейчука 16", "workTime": "Ежедневно 10:00-21:00", "pickupType": 3, "fittingRooms": 2, "status": null }, "geometry": { "type": "Point", "coordinates": [ 4187041.639491417445242, 7538778.416053324006498 ] } },
{ "type": "Feature", "properties": { "id": 164295, "address": "г Москва, Улица Молодцова 27к3", "workTime": "Ежедневно 10:00-21:00", "pickupType": 3, "fittingRooms": 2, "status": null }, "geometry": { "type": "Point", "coordinates": [ 4188522.745316422078758, 7534035.57404116448015 ] } },
{ "type": "Feature", "properties": { "id": 164381, "address": "г Москва, Варшавское Шоссе 106", "workTime": "Ежедневно 10:00-21:00", "pickupType": 3, "fittingRooms": 3, "status": null }, "geometry": { "type": "Point", "coordinates": [ 4187683.952953294850886, 7487768.510722536593676 ] } },
{ "type": "Feature", "properties": { "id": 164387, "address": "г Москва, Ангарская Улица 28к2", "workTime": "Ежедневно 10:00-21:00", "pickupType": 3, "fittingRooms": 2, "status": null }, "geometry": { "type": "Point", "coordinates": [ 4176863.364489716943353, 7534097.48829382006079 ] } },
{ "type": "Feature", "properties": { "id": 164391, "address": "г Москва, Ореховый Проезд 11", "workTime": "Ежедневно 10:00-21:00", "pickupType": 3, "fittingRooms": 3, "status": null }, "geometry": { "type": "Point", "coordinates": [ 4200505.62058337405324, 7484182.63973047491163 ] } },
{ "type": "Feature", "properties": { "id": 164399, "address": "г Москва, Новощукинская Улица 8", "workTime": "Ежедневно 10:00-21:00", "pickupType": 3, "fittingRooms": 3, "status": null }, "geometry": { "type": "Point", "coordinates": [ 4169677.913997992407531, 7520160.482972140423954 ] } },
{ "type": "Feature", "properties": { "id": 164801, "address": "г Москва, Лебедянская Улица 28к2", "workTime": "Ежедневно 10:00-21:00", "pickupType": 3, "fittingRooms": 2, "status": null }, "geometry": { "type": "Point", "coordinates": [ 4195664.001970302313566, 7476061.371445992030203 ] } },
{ "type": "Feature", "properties": { "id": 164850, "address": "г Москва, Звенигородское Шоссе 4", "workTime": "пн, вт, ср, чт, пт, сб 10:00-21:00 вс 10:00-20:00", "pickupType": 3, "fittingRooms": 3, "status": null }, "geometry": { "type": "Point", "coordinates": [ 4180918.956178297288716, 7511595.273522201925516 ] } },
{ "type": "Feature", "properties": { "id": 164986, "address": "г Москва, Пролетарский Проспект 23", "workTime": "Ежедневно 10:00-21:00", "pickupType": 3, "fittingRooms": 2, "status": null }, "geometry": { "type": "Point", "coordinates": [ 4191924.112357611302286, 7486492.567958323284984 ] } },
{ "type": "Feature", "properties": { "id": 165828, "address": "г Москва, 6-Я Парковая Улица 17", "workTime": "Ежедневно 10:00-21:00", "pickupType": null, "fittingRooms": 2, "status": null }, "geometry": { "type": "Point", "coordinates": [ 4206798.288758936338127, 7517024.636171767488122 ] } },
{ "type": "Feature", "properties": { "id": 165830, "address": "г Москва, Улица Гурьянова 4к2", "workTime": "Ежедневно 10:00-21:00", "pickupType": null, "fittingRooms": 2, "status": null }, "geometry": { "type": "Point", "coordinates": [ 4198833.156553695909679, 7497566.305302882567048 ] } },
{ "type": "Feature", "properties": { "id": 165902, "address": "г Москва, Варшавское Шоссе 141к10", "workTime": "Ежедневно 10:00-21:00", "pickupType": 3, "fittingRooms": 4, "status": null }, "geometry": { "type": "Point", "coordinates": [ 4185958.389526509214193, 7477077.737851778976619 ] } },
{ "type": "Feature", "properties": { "id": 166043, "address": "г Москва, Улица Цюрупы 8", "workTime": "Ежедневно 10:00-21:00", "pickupType": 3, "fittingRooms": 2, "status": null }, "geometry": { "type": "Point", "coordinates": [ 4183186.645525246858597, 7493196.531321602873504 ] } },
{ "type": "Feature", "properties": { "id": 166064, "address": "Москва, Москва, Лобненская улица, 13к2", "workTime": "Ежедневно 10:00-21:00", "pickupType": 4, "fittingRooms": 2, "status": null }, "geometry": { "type": "Point", "coordinates": [ 4177524.045667575206608, 7536263.014166905544698 ] } },
{ "type": "Feature", "properties": { "id": 166167, "address": "г Москва, Пролетарский Проспект 19к1", "workTime": "Ежедневно 09:00-20:00", "pickupType": 3, "fittingRooms": 2, "status": null }, "geometry": { "type": "Point", "coordinates": [ 4191866.003583417274058, 7487323.514328451827168 ] } },
{ "type": "Feature", "properties": { "id": 166252, "address": "г Москва, 1-Й Тверской-Ямской Переулок 14", "workTime": "Ежедневно 10:00-21:00", "pickupType": null, "fittingRooms": 2, "status": null }, "geometry": { "type": "Point", "coordinates": [ 4185409.027839443646371, 7513325.010323805734515 ] } },
{ "type": "Feature", "properties": { "id": 166300, "address": "г Москва, Бутырская Улица 21", "workTime": "Ежедневно 10:00-21:00", "pickupType": null, "fittingRooms": 2, "status": null }, "geometry": { "type": "Point", "coordinates": [ 4183740.237352961674333, 7518463.671911790966988 ] } },
{ "type": "Feature", "properties": { "id": 166330, "address": "г Москва, Михневская Улица 5к1", "workTime": "Ежедневно 09:00-22:00", "pickupType": 3, "fittingRooms": 2, "status": null }, "geometry": { "type": "Point", "coordinates": [ 4192420.040689094457775, 7476281.769791877828538 ] } },
{ "type": "Feature", "properties": { "id": 166338, "address": "г Москва, Южнобутовская Улица 8", "workTime": "Ежедневно 10:00-21:00", "pickupType": null, "fittingRooms": 2, "status": null }, "geometry": { "type": "Point", "coordinates": [ 4178965.633073347620666, 7468190.82891506049782 ] } },
{ "type": "Feature", "properties": { "id": 166363, "address": "г Москва, Ботаническая Улица 33вс1", "workTime": "Ежедневно 10:00-21:00", "pickupType": null, "fittingRooms": 2, "status": null }, "geometry": { "type": "Point", "coordinates": [ 4183693.817125300876796, 7526677.671756066381931 ] } },
{ "type": "Feature", "properties": { "id": 166470, "address": "г Москва, Клязьминская Улица 8к2", "workTime": "Ежедневно 10:00-22:00", "pickupType": 3, "fittingRooms": 4, "status": null }, "geometry": { "type": "Point", "coordinates": [ 4177166.598782638087869, 7535189.801030529662967 ] } },
{ "type": "Feature", "properties": { "id": 166479, "address": "Москва, Москва, Касимовская улица, 29", "workTime": "Ежедневно 10:00-21:00", "pickupType": 4, "fittingRooms": 2, "status": 3 }, "geometry": { "type": "Point", "coordinates": [ 4191986.481551356613636, 7477933.624162634834647 ] } },
{ "type": "Feature", "properties": { "id": 166484, "address": "г Москва, Улица Маршала Василевского 1к2", "workTime": "Ежедневно 10:00-21:00", "pickupType": 3, "fittingRooms": 2, "status": null }, "geometry": { "type": "Point", "coordinates": [ 4171465.37106166081503, 7519144.173678060993552 ] } },
{ "type": "Feature", "properties": { "id": 166497, "address": "г Москва, Ярославское Шоссе 114к1", "workTime": "Ежедневно 10:00-21:00", "pickupType": 3, "fittingRooms": 2, "status": null }, "geometry": { "type": "Point", "coordinates": [ 4197613.317573582753539, 7531824.251740489155054 ] } },
{ "type": "Feature", "properties": { "id": 166516, "address": "г Москва, Таганрогская Улица 10/21", "workTime": "Ежедневно 10:00-21:00", "pickupType": null, "fittingRooms": 2, "status": null }, "geometry": { "type": "Point", "coordinates": [ 4202886.410532969050109, 7495500.07398678176105 ] } },
{ "type": "Feature", "properties": { "id": 166520, "address": "г Москва, Братиславская Улица 14", "workTime": "Ежедневно 10:00-21:00", "pickupType": null, "fittingRooms": 2, "status": null }, "geometry": { "type": "Point", "coordinates": [ 4203042.480459061451256, 7490757.120413049124181 ] } },
{ "type": "Feature", "properties": { "id": 166649, "address": "г Москва, Туристская Улица 14", "workTime": "Ежедневно 10:00-21:00", "pickupType": null, "fittingRooms": 2, "status": null }, "geometry": { "type": "Point", "coordinates": [ 4165918.988752376288176, 7529280.974183989688754 ] } },
{ "type": "Feature", "properties": { "id": 166697, "address": "г Москва, Производственная Улица 10к2", "workTime": "Ежедневно 10:00-21:00", "pickupType": 3, "fittingRooms": 3, "status": null }, "geometry": { "type": "Point", "coordinates": [ 4161657.456005827989429, 7487734.780044915154576 ] } },
{ "type": "Feature", "properties": { "id": 166786, "address": "г Москва, Проспект Вернадского 29", "workTime": "Ежедневно 09:00-21:00", "pickupType": 3, "fittingRooms": 2, "status": null }, "geometry": { "type": "Point", "coordinates": [ 4176311.999051817227155, 7495312.692985292524099 ] } },
{ "type": "Feature", "properties": { "id": 166932, "address": "г Москва, Маломосковская Улица 20с1", "workTime": "Ежедневно 10:00-21:00", "pickupType": null, "fittingRooms": 2, "status": null }, "geometry": { "type": "Point", "coordinates": [ 4191317.977730241138488, 7521181.680912354961038 ] } },
{ "type": "Feature", "properties": { "id": 166949, "address": "г Москва, Улица Красная Сосна 3к2", "workTime": "Ежедневно 10:00-21:00", "pickupType": null, "fittingRooms": 2, "status": null }, "geometry": { "type": "Point", "coordinates": [ 4194878.976921227760613, 7528611.475236325524747 ] } },
{ "type": "Feature", "properties": { "id": 166960, "address": "г Москва, Улица Трофимова 3", "workTime": "Ежедневно 10:00-21:00", "pickupType": null, "fittingRooms": 2, "status": null }, "geometry": { "type": "Point", "coordinates": [ 4192560.748525457922369, 7499611.160653533414006 ] } },
{ "type": "Feature", "properties": { "id": 167114, "address": "г Москва, Петрозаводская Улица 12к1", "workTime": "Ежедневно 10:00-21:00", "pickupType": 3, "fittingRooms": 3, "status": null }, "geometry": { "type": "Point", "coordinates": [ 4174731.373602043837309, 7531416.778951426967978 ] } },
{ "type": "Feature", "properties": { "id": 167235, "address": "г Москва, Щёлковское Шоссе 26к1", "workTime": "Ежедневно 10:00-21:00", "pickupType": null, "fittingRooms": 2, "status": null }, "geometry": { "type": "Point", "coordinates": [ 4205387.870810585096478, 7520331.630671124905348 ] } },
{ "type": "Feature", "properties": { "id": 167295, "address": "г Москва, Люблинская Улица 111бк1", "workTime": "Ежедневно 10:00-21:00", "pickupType": null, "fittingRooms": 2, "status": null }, "geometry": { "type": "Point", "coordinates": [ 4201044.072960341349244, 7495248.719901563599706 ] } },
{ "type": "Feature", "properties": { "id": 167561, "address": "г Москва, Улица Перерва 62к2", "workTime": "Ежедневно 10:00-21:00", "pickupType": 3, "fittingRooms": 3, "status": null }, "geometry": { "type": "Point", "coordinates": [ 4204090.998742843046784, 7491968.440309388563037 ] } },
{ "type": "Feature", "properties": { "id": 167570, "address": "г Москва, Улица Берзарина 21к1", "workTime": "Ежедневно 10:00-21:00", "pickupType": 3, "fittingRooms": 2, "status": null }, "geometry": { "type": "Point", "coordinates": [ 4171741.220759845804423, 7516207.117335467599332 ] } },
{ "type": "Feature", "properties": { "id": 167707, "address": "г Москва, Рублёвское Шоссе 20к3", "workTime": "Ежедневно 10:00-21:00", "pickupType": null, "fittingRooms": 2, "status": null }, "geometry": { "type": "Point", "coordinates": [ 4166796.965576262678951, 7507532.77813124936074 ] } },
{ "type": "Feature", "properties": { "id": 167856, "address": "г Москва, Шоссе Энтузиастов 1к2", "workTime": "Ежедневно 09:00-21:00", "pickupType": 3, "fittingRooms": 2, "status": null }, "geometry": { "type": "Point", "coordinates": [ 4195444.034656493924558, 7508357.487292932346463 ] } },
{ "type": "Feature", "properties": { "id": 167868, "address": "Москва, посёлок Коммунарка, улица Александры Монаховой, 80к2", "workTime": "Ежедневно 10:00-21:00", "pickupType": 4, "fittingRooms": 5, "status": null }, "geometry": { "type": "Point", "coordinates": [ 4172455.891890738159418, 7468659.714908036403358 ] } },
{ "type": "Feature", "properties": { "id": 167872, "address": "г Москва, Варшавское Шоссе 143", "workTime": "Ежедневно 10:00-21:00", "pickupType": null, "fittingRooms": 2, "status": null }, "geometry": { "type": "Point", "coordinates": [ 4185631.110223576426506, 7475982.588932460173965 ] } },
{ "type": "Feature", "properties": { "id": 167957, "address": "г Москва, Улица Генерала Белобородова 23", "workTime": "Ежедневно 08:00-22:00", "pickupType": 4, "fittingRooms": 2, "status": null }, "geometry": { "type": "Point", "coordinates": [ 4158705.597068462986499, 7525487.056563733145595 ] } },
{ "type": "Feature", "properties": { "id": 168049, "address": "г Москва, Верхоянская Улица 6к1", "workTime": "Ежедневно 10:00-21:00", "pickupType": 3, "fittingRooms": 2, "status": null }, "geometry": { "type": "Point", "coordinates": [ 4193159.870024907402694, 7530300.009270191192627 ] } },
{ "type": "Feature", "properties": { "id": 168063, "address": "г Москва, Шоссейная Улица 39", "workTime": "Ежедневно 10:00-21:00", "pickupType": 3, "fittingRooms": 2, "status": null }, "geometry": { "type": "Point", "coordinates": [ 4199364.039205288514495, 7494301.427434230223298 ] } },
{ "type": "Feature", "properties": { "id": 168161, "address": "г Москва, Авиационный Переулок 8", "workTime": "Ежедневно 10:00-22:00", "pickupType": 3, "fittingRooms": 5, "status": null }, "geometry": { "type": "Point", "coordinates": [ 4178966.078351311385632, 7518841.346937611699104 ] } },
{ "type": "Feature", "properties": { "id": 168186, "address": "г Москва, Улица Авиаторов 5к5", "workTime": "Ежедневно 10:00-21:00", "pickupType": null, "fittingRooms": 2, "status": null }, "geometry": { "type": "Point", "coordinates": [ 4163008.540665586013347, 7487144.615643257275224 ] } },
{ "type": "Feature", "properties": { "id": 168201, "address": "г Москва, Улица Адмирала Руднева 4", "workTime": "Ежедневно 10:00-21:00", "pickupType": 3, "fittingRooms": 2, "status": null }, "geometry": { "type": "Point", "coordinates": [ 4177382.001997321844101, 7468143.410638490691781 ] } },
{ "type": "Feature", "properties": { "id": 168207, "address": "г Москва, Дмитровское Шоссе 52к1", "workTime": "Ежедневно 08:00-22:00", "pickupType": null, "fittingRooms": 2, "status": null }, "geometry": { "type": "Point", "coordinates": [ 4182176.19850731594488, 7527930.930463907308877 ] } },
{ "type": "Feature", "properties": { "id": 168209, "address": "г Москва, Сиреневый Бульвар 50", "workTime": "Ежедневно 10:00-21:00", "pickupType": null, "fittingRooms": 2, "status": null }, "geometry": { "type": "Point", "coordinates": [ 4210148.448834359645844, 7519237.064054374583066 ] } },
{ "type": "Feature", "properties": { "id": 168223, "address": "г Москва, Михневская Улица 8", "workTime": "Ежедневно 08:00-22:00", "pickupType": null, "fittingRooms": 2, "status": null }, "geometry": { "type": "Point", "coordinates": [ 4193527.001705543138087, 7475195.595686975866556 ] } },
{ "type": "Feature", "properties": { "id": 168230, "address": "г Москва, Онежская Улица 49", "workTime": "Ежедневно 10:00-21:00", "pickupType": null, "fittingRooms": 2, "status": null }, "geometry": { "type": "Point", "coordinates": [ 4175408.975342501886189, 7530288.108511025086045 ] } },
{ "type": "Feature", "properties": { "id": 168233, "address": "г Москва, Проспект Куприна 40к2", "workTime": "Ежедневно 10:00-21:00", "pickupType": 4, "fittingRooms": 2, "status": null }, "geometry": { "type": "Point", "coordinates": [ 4169107.958205131348222, 7467349.738736806437373 ] } },
{ "type": "Feature", "properties": { "id": 168235, "address": "г Москва, Квартал № 4 12к1", "workTime": "Ежедневно 10:00-21:00", "pickupType": null, "fittingRooms": 2, "status": null }, "geometry": { "type": "Point", "coordinates": [ 4160726.825062795542181, 7466083.455681853927672 ] } },
{ "type": "Feature", "properties": { "id": 168238, "address": "г Москва, Волоколамское Шоссе 71к2", "workTime": "Ежедневно 10:00-21:00", "pickupType": null, "fittingRooms": 2, "status": null }, "geometry": { "type": "Point", "coordinates": [ 4166740.971872393041849, 7522880.27919733710587 ] } },
{ "type": "Feature", "properties": { "id": 168242, "address": "г Москва, Дмитровское Шоссе 107ак3", "workTime": "Ежедневно 10:00-21:00", "pickupType": null, "fittingRooms": 2, "status": null }, "geometry": { "type": "Point", "coordinates": [ 4178737.984714674763381, 7534201.275160326622427 ] } },
{ "type": "Feature", "properties": { "id": 168245, "address": "г Москва, Улица Александры Монаховой 90к6", "workTime": "Ежедневно 10:00-21:00", "pickupType": null, "fittingRooms": 2, "status": null }, "geometry": { "type": "Point", "coordinates": [ 4172010.279969093389809, 7467972.825300477445126 ] } },
{ "type": "Feature", "properties": { "id": 168361, "address": "г Москва, 3-Й Хорошёвский Проезд 5", "workTime": "Ежедневно 10:00-21:00", "pickupType": 3, "fittingRooms": 2, "status": null }, "geometry": { "type": "Point", "coordinates": [ 4178598.612712202593684, 7513345.790894936770201 ] } },
{ "type": "Feature", "properties": { "id": 168529, "address": "г Москва, Есенинский Бульвар 1/26к1", "workTime": "Ежедневно 10:00-22:00", "pickupType": 3, "fittingRooms": 4, "status": null }, "geometry": { "type": "Point", "coordinates": [ 4205871.999276044778526, 7500559.69754502736032 ] } },
{ "type": "Feature", "properties": { "id": 168540, "address": "г Москва, Родионовская Улица 12к1", "workTime": "Ежедневно 08:00-22:00", "pickupType": null, "fittingRooms": 2, "status": null }, "geometry": { "type": "Point", "coordinates": [ 4162283.628141540102661, 7537492.023863566108048 ] } },
{ "type": "Feature", "properties": { "id": 168577, "address": "г Москва, Щукинская Улица 8", "workTime": "Ежедневно 10:00-21:00", "pickupType": 3, "fittingRooms": 2, "status": null }, "geometry": { "type": "Point", "coordinates": [ 4172049.019151889719069, 7520527.345890063792467 ] } },
{ "type": "Feature", "properties": { "id": 168721, "address": "г Москва, Улица Вертолётчиков 4к1", "workTime": "Ежедневно 10:00-21:00", "pickupType": 3, "fittingRooms": 2, "status": null }, "geometry": { "type": "Point", "coordinates": [ 4223865.013850924558938, 7499590.812149149365723 ] } },
{ "type": "Feature", "properties": { "id": 168723, "address": "г Москва, Солнцевский Проспект 6", "workTime": "Ежедневно 10:00-21:00", "pickupType": 3, "fittingRooms": 2, "status": null }, "geometry": { "type": "Point", "coordinates": [ 4163209.027068505063653, 7489538.295693196356297 ] } },
{ "type": "Feature", "properties": { "id": 168866, "address": "г Москва, Дубнинская Улица 27к1", "workTime": "пн - пт 09:00-21:00 сб 10:00-21:00 вс 10:00-20:00", "pickupType": 3, "fittingRooms": 4, "status": null }, "geometry": { "type": "Point", "coordinates": [ 4181619.601053349673748, 7531281.686838247813284 ] } },
{ "type": "Feature", "properties": { "id": 168954, "address": "г Москва, Космодамианская Набережная 46-50с1", "workTime": "Ежедневно 10:00-21:00", "pickupType": 3, "fittingRooms": 3, "status": null }, "geometry": { "type": "Point", "coordinates": [ 4190596.961388373281807, 7506005.420132642611861 ] } },
{ "type": "Feature", "properties": { "id": 169007, "address": "Москва, Москва, Кутузовский проезд, 4", "workTime": "Ежедневно 10:00-21:00", "pickupType": 4, "fittingRooms": 4, "status": null }, "geometry": { "type": "Point", "coordinates": [ 4177250.599579834379256, 7506672.803589854389429 ] } },
{ "type": "Feature", "properties": { "id": 169016, "address": "г Москва, Зеленоградская Улица 27к2", "workTime": "Ежедневно 10:00-21:00", "pickupType": 3, "fittingRooms": 2, "status": null }, "geometry": { "type": "Point", "coordinates": [ 4173723.93221036484465, 7533162.477304121479392 ] } },
{ "type": "Feature", "properties": { "id": 169039, "address": "г Москва, Уваровский Переулок 3", "workTime": "Ежедневно 10:00-21:00", "pickupType": 3, "fittingRooms": 3, "status": null }, "geometry": { "type": "Point", "coordinates": [ 4157894.745897524990141, 7524657.144390764646232 ] } },
{ "type": "Feature", "properties": { "id": 169103, "address": "г Москва, Улица Мусы Джалиля 36к1", "workTime": "Ежедневно 10:00-21:00", "pickupType": 3, "fittingRooms": 2, "status": null }, "geometry": { "type": "Point", "coordinates": [ 4201474.434111746959388, 7482680.787779377773404 ] } },
{ "type": "Feature", "properties": { "id": 169143, "address": "г Москва, Егерская Улица 3", "workTime": "Ежедневно 10:00-21:00", "pickupType": 3, "fittingRooms": 4, "status": null }, "geometry": { "type": "Point", "coordinates": [ 4194972.930571457371116, 7517743.229372069239616 ] } },
{ "type": "Feature", "properties": { "id": 169168, "address": "г Москва, Карамышевская Набережная 20к1", "workTime": "Ежедневно 10:00-21:00", "pickupType": 3, "fittingRooms": 2, "status": null }, "geometry": { "type": "Point", "coordinates": [ 4172182.045943386852741, 7512675.893049041740596 ] } },
{ "type": "Feature", "properties": { "id": 169234, "address": "г Москва, Люблинская Улица вл157", "workTime": "Ежедневно 10:00-21:00", "pickupType": 3, "fittingRooms": 2, "status": null }, "geometry": { "type": "Point", "coordinates": [ 4201591.653535553254187, 7490024.066146248020232 ] } },
{ "type": "Feature", "properties": { "id": 169277, "address": "г Москва, Рублёвское Шоссе 70к6", "workTime": "Ежедневно 10:00-21:00", "pickupType": 3, "fittingRooms": 2, "status": null }, "geometry": { "type": "Point", "coordinates": [ 4160786.603629351593554, 7512931.179607076570392 ] } },
{ "type": "Feature", "properties": { "id": 169290, "address": "г Москва, Костромская Улица 14б", "workTime": "Ежедневно 10:00-21:00", "pickupType": 3, "fittingRooms": 3, "status": null }, "geometry": { "type": "Point", "coordinates": [ 4185429.955903712660074, 7535508.156779916025698 ] } },
{ "type": "Feature", "properties": { "id": 169302, "address": "г Москва, Улица Конёнкова 6а", "workTime": "Ежедневно 09:00-21:00", "pickupType": 3, "fittingRooms": 2, "status": null }, "geometry": { "type": "Point", "coordinates": [ 4186519.217121125198901, 7536362.066155603155494 ] } },
{ "type": "Feature", "properties": { "id": 169354, "address": "г Москва, Улица Раменки 16", "workTime": "Ежедневно 10:00-21:00", "pickupType": 3, "fittingRooms": 4, "status": null }, "geometry": { "type": "Point", "coordinates": [ 4173301.697381785605103, 7496965.712185566313565 ] } },
{ "type": "Feature", "properties": { "id": 169363, "address": "г Москва, Большая Косинская Улица 16к1", "workTime": "Ежедневно 10:00-21:00", "pickupType": null, "fittingRooms": 2, "status": null }, "geometry": { "type": "Point", "coordinates": [ 4213887.336571632884443, 7501040.629132172092795 ] } },
{ "type": "Feature", "properties": { "id": 169456, "address": "г Москва, Ярославское Шоссе 146к2", "workTime": "Ежедневно 10:00-21:00", "pickupType": 3, "fittingRooms": 3, "status": null }, "geometry": { "type": "Point", "coordinates": [ 4200029.28448226954788, 7534136.383399305865169 ] } },
{ "type": "Feature", "properties": { "id": 169602, "address": "г Москва, 3-Я Владимирская Улица 16", "workTime": "Ежедневно 09:00-21:00", "pickupType": 3, "fittingRooms": 3, "status": 3 }, "geometry": { "type": "Point", "coordinates": [ 4206395.312202264554799, 7510710.469456426799297 ] } },
{ "type": "Feature", "properties": { "id": 169628, "address": "г Москва, Чертановская Улица 20к2", "workTime": "Ежедневно 10:00-21:00", "pickupType": 3, "fittingRooms": 3, "status": null }, "geometry": { "type": "Point", "coordinates": [ 4185078.074993315618485, 7484268.998191306367517 ] } },
{ "type": "Feature", "properties": { "id": 169630, "address": "г Москва, Улица Свободы 79", "workTime": "Ежедневно 10:00-21:00", "pickupType": 3, "fittingRooms": 4, "status": null }, "geometry": { "type": "Point", "coordinates": [ 4168652.438848804682493, 7531075.184969197958708 ] } },
{ "type": "Feature", "properties": { "id": 169755, "address": "г Москва, Матвеевская Улица 2", "workTime": "Ежедневно 10:00-21:00", "pickupType": 3, "fittingRooms": 3, "status": null }, "geometry": { "type": "Point", "coordinates": [ 4172141.85960721084848, 7500015.178470375947654 ] } },
{ "type": "Feature", "properties": { "id": 169800, "address": "г Москва, Улица Римского-Корсакова 11к3", "workTime": "Ежедневно 10:00-21:00", "pickupType": 3, "fittingRooms": 4, "status": null }, "geometry": { "type": "Point", "coordinates": [ 4185474.038422067184001, 7533481.939859759062529 ] } },
{ "type": "Feature", "properties": { "id": 169883, "address": "г Москва, Ореховый Проезд 23к1", "workTime": "Ежедневно 09:00-21:00", "pickupType": 3, "fittingRooms": 2, "status": null }, "geometry": { "type": "Point", "coordinates": [ 4200227.767134353518486, 7483657.806095889769495 ] } },
{ "type": "Feature", "properties": { "id": 169895, "address": "г Москва, Улица Лескова 6", "workTime": "Ежедневно 10:00-21:00", "pickupType": 3, "fittingRooms": 4, "status": null }, "geometry": { "type": "Point", "coordinates": [ 4184717.511162635870278, 7538107.694261722266674 ] } },
{ "type": "Feature", "properties": { "id": 170033, "address": "г Москва, Заводской Проезд 25", "workTime": "Ежедневно 09:00-21:00", "pickupType": 3, "fittingRooms": 2, "status": null }, "geometry": { "type": "Point", "coordinates": [ 4206463.885008593089879, 7516736.148451426997781 ] } },
{ "type": "Feature", "properties": { "id": 170079, "address": "г Москва, Салтыковская Улица 7к1", "workTime": "Ежедневно 10:00-21:00", "pickupType": 3, "fittingRooms": 3, "status": null }, "geometry": { "type": "Point", "coordinates": [ 4214513.508707345463336, 7505900.232598254457116 ] } },
{ "type": "Feature", "properties": { "id": 170180, "address": "г Москва, Складочная Улица 8к1", "workTime": "Ежедневно 10:00-21:00", "pickupType": null, "fittingRooms": 2, "status": null }, "geometry": { "type": "Point", "coordinates": [ 4185222.233733892906457, 7519287.966078446246684 ] } },
{ "type": "Feature", "properties": { "id": 170249, "address": "г Москва, Улица Потаповская Роща 5к1", "workTime": "Ежедневно 10:00-21:00", "pickupType": null, "fittingRooms": 2, "status": null }, "geometry": { "type": "Point", "coordinates": [ 4173726.047280689701438, 7468701.626789791509509 ] } },
{ "type": "Feature", "properties": { "id": 170261, "address": "г Москва, Садовая-Каретная Улица 24/7", "workTime": "Ежедневно 10:00-21:00", "pickupType": null, "fittingRooms": 2, "status": null }, "geometry": { "type": "Point", "coordinates": [ 4186975.293074905872345, 7513335.895377894863486 ] } },
{ "type": "Feature", "properties": { "id": 170300, "address": "г Москва, Улица Генерала Белова 28к3", "workTime": "Ежедневно 10:00-21:00", "pickupType": 3, "fittingRooms": 4, "status": null }, "geometry": { "type": "Point", "coordinates": [ 4199220.103103692643344, 7480247.058892142958939 ] } },
{ "type": "Feature", "properties": { "id": 170323, "address": "г Москва, Саларьевская Улица 16к3", "workTime": "Ежедневно 10:00-21:00", "pickupType": 3, "fittingRooms": 2, "status": null }, "geometry": { "type": "Point", "coordinates": [ 4164330.014340792782605, 7482570.792242349125445 ] } },
{ "type": "Feature", "properties": { "id": 170374, "address": "г Москва, Улица Маршала Катукова 18", "workTime": "Ежедневно 10:00-21:00", "pickupType": 3, "fittingRooms": 4, "status": null }, "geometry": { "type": "Point", "coordinates": [ 4164023.55178263830021, 7520055.498416209593415 ] } },
{ "type": "Feature", "properties": { "id": 170452, "address": "г Москва, 13-Я Парковая Улица 24/51", "workTime": "Ежедневно 09:00-21:00", "pickupType": 3, "fittingRooms": 3, "status": null }, "geometry": { "type": "Point", "coordinates": [ 4209272.03048334363848, 7519411.954515838064253 ] } },
{ "type": "Feature", "properties": { "id": 170602, "address": "г Москва, Саларьевская Улица 14к2", "workTime": "Ежедневно 10:00-21:00", "pickupType": 3, "fittingRooms": 3, "status": null }, "geometry": { "type": "Point", "coordinates": [ 4164463.709049235098064, 7482508.698678898625076 ] } },
{ "type": "Feature", "properties": { "id": 170777, "address": "г Москва, Хабаровская Улица 24", "workTime": "Ежедневно 10:00-21:00", "pickupType": 3, "fittingRooms": 2, "status": 3 }, "geometry": { "type": "Point", "coordinates": [ 4210695.918090080842376, 7524063.951682389713824 ] } },
{ "type": "Feature", "properties": { "id": 170788, "address": "г Москва, Абрамцевская Улица 10", "workTime": "Ежедневно 10:00-21:00", "pickupType": null, "fittingRooms": 2, "status": null }, "geometry": { "type": "Point", "coordinates": [ 4182809.049812476150692, 7537651.644743024371564 ] } },
{ "type": "Feature", "properties": { "id": 170854, "address": "г Москва, Бескудниковский Бульвар 58к2", "workTime": "Ежедневно 10:00-21:00", "pickupType": null, "fittingRooms": 2, "status": null }, "geometry": { "type": "Point", "coordinates": [ 4178526.032404205296189, 7533477.772871600463986 ] } },
{ "type": "Feature", "properties": { "id": 170858, "address": "г Москва, Петрозаводская Улица 28к3", "workTime": "Ежедневно 10:00-21:00", "pickupType": null, "fittingRooms": 2, "status": null }, "geometry": { "type": "Point", "coordinates": [ 4173397.988741321489215, 7532640.055592053569853 ] } },
{ "type": "Feature", "properties": { "id": 170859, "address": "г Москва, Вишнёвая Улица 14", "workTime": "Ежедневно 10:00-21:00", "pickupType": null, "fittingRooms": 2, "status": null }, "geometry": { "type": "Point", "coordinates": [ 4168672.031079183798283, 7525058.908245425671339 ] } },
{ "type": "Feature", "properties": { "id": 170862, "address": "г Москва, Ленинградский Проспект 45к2", "workTime": "Ежедневно 10:00-21:00", "pickupType": null, "fittingRooms": 2, "status": null }, "geometry": { "type": "Point", "coordinates": [ 4178226.02637651655823, 7518323.657606085762382 ] } },
{ "type": "Feature", "properties": { "id": 170864, "address": "г Москва, Автозаводская Улица 23с931к4", "workTime": "Ежедневно 10:00-21:00", "pickupType": 3, "fittingRooms": 2, "status": null }, "geometry": { "type": "Point", "coordinates": [ 4192100.776389499660581, 7497075.912881971336901 ] } },
{ "type": "Feature", "properties": { "id": 170913, "address": "г Москва, Люблинская Улица 171", "workTime": "Ежедневно 10:00-21:00", "pickupType": 4, "fittingRooms": 2, "status": null }, "geometry": { "type": "Point", "coordinates": [ 4202060.865189245902002, 7488577.499338796362281 ] } },
{ "type": "Feature", "properties": { "id": 170994, "address": "г Москва, Широкая Улица 6", "workTime": "Ежедневно 10:00-21:00", "pickupType": 3, "fittingRooms": 3, "status": null }, "geometry": { "type": "Point", "coordinates": [ 4191109.476323985960335, 7535996.830663721077144 ] } },
{ "type": "Feature", "properties": { "id": 171012, "address": "г Москва, Нагатинская Улица 15к1", "workTime": "Ежедневно 10:00-21:00", "pickupType": null, "fittingRooms": 2, "status": null }, "geometry": { "type": "Point", "coordinates": [ 4190271.017919331323355, 7494957.885989113710821 ] } },
{ "type": "Feature", "properties": { "id": 171065, "address": "г Москва, Улица Академика Арцимовича 13", "workTime": "Ежедневно 10:00-21:00", "pickupType": 3, "fittingRooms": 4, "status": null }, "geometry": { "type": "Point", "coordinates": [ 4175917.482776446733624, 7486927.852003876119852 ] } },
{ "type": "Feature", "properties": { "id": 171079, "address": "г Москва, 13-Я Парковая Улица 11", "workTime": "Ежедневно 10:00-21:00", "pickupType": 3, "fittingRooms": 2, "status": null }, "geometry": { "type": "Point", "coordinates": [ 4209227.836645498871803, 7517887.787760759703815 ] } },
{ "type": "Feature", "properties": { "id": 171155, "address": "г Москва, Борисовский Проезд 38к1", "workTime": "Ежедневно 10:00-21:00", "pickupType": 3, "fittingRooms": 2, "status": null }, "geometry": { "type": "Point", "coordinates": [ 4199909.282071193680167, 7482534.324533511884511 ] } },
{ "type": "Feature", "properties": { "id": 171176, "address": "г Москва, 9-Я Парковая Улица 61ас1", "workTime": "Ежедневно 10:00-21:00", "pickupType": 3, "fittingRooms": 2, "status": null }, "geometry": { "type": "Point", "coordinates": [ 4207696.971008109860122, 7520512.290696856565773 ] } },
{ "type": "Feature", "properties": { "id": 171199, "address": "г Москва, Большая Черкизовская Улица 11с2", "workTime": "Ежедневно 10:00-22:00", "pickupType": 3, "fittingRooms": 3, "status": null }, "geometry": { "type": "Point", "coordinates": [ 4199888.465326415374875, 7518458.522825821302831 ] } },
{ "type": "Feature", "properties": { "id": 171207, "address": "г Москва, Певчий Бульвар 1", "workTime": "Ежедневно 10:00-22:00", "pickupType": 3, "fittingRooms": 2, "status": null }, "geometry": { "type": "Point", "coordinates": [ 4148318.709341014269739, 7464453.546779273077846 ] } },
{ "type": "Feature", "properties": { "id": 171296, "address": "г Москва, 9-Я Улица Соколиной Горы 3", "workTime": "Ежедневно 10:00-21:00", "pickupType": null, "fittingRooms": 2, "status": null }, "geometry": { "type": "Point", "coordinates": [ 4200198.044830311089754, 7513037.452548389323056 ] } },
{ "type": "Feature", "properties": { "id": 171299, "address": "г Москва, Севастопольский Проспект 22", "workTime": "Ежедневно 10:00-21:00", "pickupType": 4, "fittingRooms": 2, "status": null }, "geometry": { "type": "Point", "coordinates": [ 4185195.071778138633817, 7495178.231654446572065 ] } },
{ "type": "Feature", "properties": { "id": 171307, "address": "г Москва, Бутырская Улица 84", "workTime": "Ежедневно 10:00-21:00", "pickupType": 3, "fittingRooms": 2, "status": null }, "geometry": { "type": "Point", "coordinates": [ 4183760.49750028597191, 7519904.758940162137151 ] } },
{ "type": "Feature", "properties": { "id": 171322, "address": "г Москва, Улица Коминтерна 15", "workTime": "Ежедневно 10:00-21:00", "pickupType": null, "fittingRooms": 2, "status": null }, "geometry": { "type": "Point", "coordinates": [ 4195672.573571092449129, 7532917.631119172088802 ] } },
{ "type": "Feature", "properties": { "id": 171500, "address": "г Москва, Алтайская Улица 9а", "workTime": "Ежедневно 10:00-21:00", "pickupType": 3, "fittingRooms": 3, "status": null }, "geometry": { "type": "Point", "coordinates": [ 4209739.238386202603579, 7522803.395323265343904 ] } },
{ "type": "Feature", "properties": { "id": 171549, "address": "г Москва, Шипиловская Улица 53к2", "workTime": "Ежедневно 10:00-21:00", "pickupType": 3, "fittingRooms": 3, "status": null }, "geometry": { "type": "Point", "coordinates": [ 4201868.839067627675831, 7483619.953207341022789 ] } },
{ "type": "Feature", "properties": { "id": 171565, "address": "г Москва, Новочеркасский Бульвар 57к1", "workTime": "Ежедневно 10:00-21:00", "pickupType": 3, "fittingRooms": 2, "status": null }, "geometry": { "type": "Point", "coordinates": [ 4201356.992048961110413, 7488552.24798659235239 ] } },
{ "type": "Feature", "properties": { "id": 171679, "address": "г Москва, Суздальская Улица 36к2", "workTime": "Ежедневно 10:00-21:00", "pickupType": 3, "fittingRooms": 2, "status": null }, "geometry": { "type": "Point", "coordinates": [ 4215799.026187025941908, 7507824.679498057812452 ] } },
{ "type": "Feature", "properties": { "id": 171764, "address": "г Москва, Донецкая Улица 4к2", "workTime": "Ежедневно 10:00-21:00", "pickupType": null, "fittingRooms": 2, "status": null }, "geometry": { "type": "Point", "coordinates": [ 4198488.177451726980507, 7489486.011092402972281 ] } },
{ "type": "Feature", "properties": { "id": 171787, "address": "г Москва, Подольская Улица 27к1", "workTime": "Ежедневно 10:00-21:00", "pickupType": 3, "fittingRooms": 2, "status": null }, "geometry": { "type": "Point", "coordinates": [ 4197716.399422057904303, 7489039.140168137848377 ] } },
{ "type": "Feature", "properties": { "id": 171789, "address": "г Москва, Коломенская Набережная 18с4", "workTime": "Ежедневно 10:00-21:00", "pickupType": null, "fittingRooms": 2, "status": null }, "geometry": { "type": "Point", "coordinates": [ 4196408.952002691105008, 7494450.680478118360043 ] } },
{ "type": "Feature", "properties": { "id": 171856, "address": "г Москва, Университетский Проспект 23к2", "workTime": "Ежедневно 08:00-22:00", "pickupType": 4, "fittingRooms": 2, "status": null }, "geometry": { "type": "Point", "coordinates": [ 4176459.052099155262113, 7501744.297491080127656 ] } },
{ "type": "Feature", "properties": { "id": 171866, "address": "г Москва, Нежинская Улица 8к2", "workTime": "Ежедневно 10:00-21:00", "pickupType": null, "fittingRooms": 2, "status": null }, "geometry": { "type": "Point", "coordinates": [ 4171135.976688402239233, 7500927.605540132150054 ] } },
{ "type": "Feature", "properties": { "id": 171868, "address": "г Москва, Улица Барклая 12", "workTime": "Ежедневно 10:00-21:00", "pickupType": 3, "fittingRooms": 2, "status": null }, "geometry": { "type": "Point", "coordinates": [ 4174353.555250291246921, 7507791.454395366832614 ] } },
{ "type": "Feature", "properties": { "id": 171871, "address": "г Москва, Вешняковская Улица 12г", "workTime": "Ежедневно 10:00-21:00", "pickupType": 3, "fittingRooms": 3, "status": null }, "geometry": { "type": "Point", "coordinates": [ 4210569.459148539230227, 7505794.255630006082356 ] } },
{ "type": "Feature", "properties": { "id": 171943, "address": "г Москва, Улица Степана Супруна 12к1", "workTime": "Ежедневно 10:00-21:00", "pickupType": null, "fittingRooms": 2, "status": null }, "geometry": { "type": "Point", "coordinates": [ 4179507.091076565906405, 7518324.053682573139668 ] } },
{ "type": "Feature", "properties": { "id": 171964, "address": "г Москва, Дмитровское Шоссе 96к1", "workTime": "Ежедневно 10:00-21:00", "pickupType": 3, "fittingRooms": 3, "status": null }, "geometry": { "type": "Point", "coordinates": [ 4179841.272187927272171, 7533960.761649696156383 ] } },
{ "type": "Feature", "properties": { "id": 171985, "address": "г Москва, Севильский Бульвар 1", "workTime": "Ежедневно 10:00-21:00", "pickupType": null, "fittingRooms": 2, "status": null }, "geometry": { "type": "Point", "coordinates": [ 4168641.195580234751105, 7477057.251628048717976 ] } },
{ "type": "Feature", "properties": { "id": 171986, "address": "г Москва, Бульвар Веласкеса 7к5", "workTime": "Ежедневно 10:00-21:00", "pickupType": null, "fittingRooms": 2, "status": null }, "geometry": { "type": "Point", "coordinates": [ 4169989.051974758971483, 7478099.754149354062974 ] } },
{ "type": "Feature", "properties": { "id": 171989, "address": "г Москва, Улица Ивана Сусанина 8к1", "workTime": "Ежедневно 10:00-21:00", "pickupType": 4, "fittingRooms": 2, "status": null }, "geometry": { "type": "Point", "coordinates": [ 4177639.038701564539224, 7532739.259421310387552 ] } },
{ "type": "Feature", "properties": { "id": 172010, "address": "г Москва, Улица Щорса 15", "workTime": "Ежедневно 10:00-21:00", "pickupType": 4, "fittingRooms": 2, "status": null }, "geometry": { "type": "Point", "coordinates": [ 4163976.018360070418566, 7487881.736413133330643 ] } },
{ "type": "Feature", "properties": { "id": 172012, "address": "г Москва, Митинская Улица 20", "workTime": "Ежедневно 10:00-21:00", "pickupType": null, "fittingRooms": 2, "status": null }, "geometry": { "type": "Point", "coordinates": [ 4160154.531560627743602, 7527169.552991354838014 ] } },
{ "type": "Feature", "properties": { "id": 172014, "address": "г Москва, Производственная Улица 10к1", "workTime": "Ежедневно 10:00-21:00", "pickupType": null, "fittingRooms": 2, "status": null }, "geometry": { "type": "Point", "coordinates": [ 4161776.011263521853834, 7488008.969352030195296 ] } },
{ "type": "Feature", "properties": { "id": 172016, "address": "г Москва, Митинская Улица 27", "workTime": "Ежедневно 10:00-21:00", "pickupType": null, "fittingRooms": 2, "status": null }, "geometry": { "type": "Point", "coordinates": [ 4159158.222118028439581, 7527603.568588848225772 ] } },
{ "type": "Feature", "properties": { "id": 172029, "address": "г Москва, Воронежская Улица 36к1", "workTime": "Ежедневно 10:00-21:00", "pickupType": null, "fittingRooms": 2, "status": null }, "geometry": { "type": "Point", "coordinates": [ 4201236.989637886174023, 7481239.536705353297293 ] } },
{ "type": "Feature", "properties": { "id": 172038, "address": "г Москва, Хорошёвское Шоссе 82к1", "workTime": "Ежедневно 10:00-21:00", "pickupType": 3, "fittingRooms": 2, "status": null }, "geometry": { "type": "Point", "coordinates": [ 4176705.068173808045685, 7514400.329944835044444 ] } },
{ "type": "Feature", "properties": { "id": 172271, "address": "г Москва, Мукомольный Проезд 2", "workTime": "Ежедневно 10:00-21:00", "pickupType": 3, "fittingRooms": 2, "status": null }, "geometry": { "type": "Point", "coordinates": [ 4177449.795567215420306, 7509073.888944593258202 ] } },
{ "type": "Feature", "properties": { "id": 172316, "address": "г Москва, Химкинский Бульвар 5", "workTime": "Ежедневно 10:00-21:00", "pickupType": 3, "fittingRooms": 3, "status": null }, "geometry": { "type": "Point", "coordinates": [ 4168947.769457878544927, 7528673.14761852286756 ] } },
{ "type": "Feature", "properties": { "id": 172348, "address": "г Москва, Братеевская Улица 10к1", "workTime": "Ежедневно 10:00-21:00", "pickupType": 3, "fittingRooms": 2, "status": null }, "geometry": { "type": "Point", "coordinates": [ 4203505.012943307869136, 7485626.806252915412188 ] } },
{ "type": "Feature", "properties": { "id": 172351, "address": "г Москва, Варшавское Шоссе 86а", "workTime": "Ежедневно 10:00-21:00", "pickupType": 3, "fittingRooms": 2, "status": null }, "geometry": { "type": "Point", "coordinates": [ 4187702.988586220424622, 7489054.134093502536416 ] } },
{ "type": "Feature", "properties": { "id": 172425, "address": "г Москва, Кантемировская Улица 18к2", "workTime": "Ежедневно 10:00-21:00", "pickupType": 3, "fittingRooms": 2, "status": null }, "geometry": { "type": "Point", "coordinates": [ 4192643.347587626427412, 7486929.824348066002131 ] } },
{ "type": "Feature", "properties": { "id": 172432, "address": "г Москва, Большой Строченовский Переулок 4с1", "workTime": "Ежедневно 10:00-21:00", "pickupType": 3, "fittingRooms": 2, "status": null }, "geometry": { "type": "Point", "coordinates": [ 4188932.512362032197416, 7504864.844603535719216 ] } },
{ "type": "Feature", "properties": { "id": 172470, "address": "г Москва, Новочерёмушкинская Улица 52к2", "workTime": "Ежедневно 10:00-21:00", "pickupType": 3, "fittingRooms": 4, "status": null }, "geometry": { "type": "Point", "coordinates": [ 4181472.659325502347201, 7493147.972424325533211 ] } },
{ "type": "Feature", "properties": { "id": 172474, "address": "г Москва, Улица Пивченкова 1к3", "workTime": "Ежедневно 10:00-21:00", "pickupType": 3, "fittingRooms": 2, "status": null }, "geometry": { "type": "Point", "coordinates": [ 4171782.965568892657757, 7505415.241703127510846 ] } },
{ "type": "Feature", "properties": { "id": 172488, "address": "г Москва, Улица Римского-Корсакова 11к8", "workTime": "Ежедневно 10:00-21:00", "pickupType": null, "fittingRooms": 2, "status": null }, "geometry": { "type": "Point", "coordinates": [ 4185994.011763561982661, 7533755.378580170683563 ] } },
{ "type": "Feature", "properties": { "id": 172500, "address": "г Москва, Скандинавский Бульвар 23к1", "workTime": "Ежедневно 10:00-21:00", "pickupType": null, "fittingRooms": 2, "status": null }, "geometry": { "type": "Point", "coordinates": [ 4175897.667907084804028, 7470197.02604362834245 ] } },
{ "type": "Feature", "properties": { "id": 172502, "address": "г Москва, Проспект Вернадского 111", "workTime": "Ежедневно 10:00-21:00", "pickupType": 3, "fittingRooms": 2, "status": null }, "geometry": { "type": "Point", "coordinates": [ 4172559.975614629685879, 7491076.213139400817454 ] } },
{ "type": "Feature", "properties": { "id": 172507, "address": "г Москва, Улица Хлобыстова 14к1", "workTime": "Ежедневно 10:00-21:00", "pickupType": 3, "fittingRooms": 5, "status": null }, "geometry": { "type": "Point", "coordinates": [ 4208481.216820748522878, 7502658.312424779869616 ] } },
{ "type": "Feature", "properties": { "id": 172529, "address": "г Москва, Алма-Атинская Улица 7к2", "workTime": "Ежедневно 10:00-21:00", "pickupType": 3, "fittingRooms": 3, "status": null }, "geometry": { "type": "Point", "coordinates": [ 4204796.986953454092145, 7487104.970519586466253 ] } },
{ "type": "Feature", "properties": { "id": 172560, "address": "г Москва, Первомайская Улица 110", "workTime": "Ежедневно 10:00-21:00", "pickupType": 3, "fittingRooms": 2, "status": null }, "geometry": { "type": "Point", "coordinates": [ 4209600.979578638449311, 7517283.432897149585187 ] } },
{ "type": "Feature", "properties": { "id": 172564, "address": "г Москва, Улица Намёткина 1", "workTime": "Ежедневно 10:00-21:00", "pickupType": 3, "fittingRooms": 2, "status": null }, "geometry": { "type": "Point", "coordinates": [ 4179490.28183345682919, 7492294.096336062066257 ] } },
{ "type": "Feature", "properties": { "id": 172583, "address": "г Москва, Кубанская Улица 14с1", "workTime": "Ежедневно 10:00-21:00", "pickupType": null, "fittingRooms": 2, "status": null }, "geometry": { "type": "Point", "coordinates": [ 4201452.949450024403632, 7495708.390131562948227 ] } },
{ "type": "Feature", "properties": { "id": 172599, "address": "г Москва, МКАД, 14-Й Километр 4", "workTime": "пн - пт 09:00-20:00 сб, вс 09:00-19:00", "pickupType": 3, "fittingRooms": 3, "status": null }, "geometry": { "type": "Point", "coordinates": [ 4211143.311123578809202, 7489622.938306498341262 ] } },
{ "type": "Feature", "properties": { "id": 172600, "address": "г Москва, Чароитовая Улица 1к6", "workTime": "Ежедневно 10:00-21:00", "pickupType": 3, "fittingRooms": 3, "status": null }, "geometry": { "type": "Point", "coordinates": [ 4157783.649045712780207, 7461765.055657660588622 ] } },
{ "type": "Feature", "properties": { "id": 172609, "address": "г Москва, Лобненская Улица 13к2", "workTime": "Ежедневно 10:00-21:00", "pickupType": 3, "fittingRooms": 2, "status": null }, "geometry": { "type": "Point", "coordinates": [ 4177738.558326332829893, 7536087.939418117515743 ] } },
{ "type": "Feature", "properties": { "id": 172626, "address": "г Москва, Тайнинская Улица 15к1", "workTime": "Ежедневно 10:00-21:00", "pickupType": 3, "fittingRooms": 3, "status": null }, "geometry": { "type": "Point", "coordinates": [ 4195179.98482433333993, 7535466.07908099424094 ] } },
{ "type": "Feature", "properties": { "id": 172662, "address": "г Москва, 6-Я Радиальная Улица 5к4", "workTime": "пн - пт 10:00-21:05 сб, вс 10:00-21:00", "pickupType": 3, "fittingRooms": 3, "status": null }, "geometry": { "type": "Point", "coordinates": [ 4192570.989918611012399, 7479874.616982807405293 ] } },
{ "type": "Feature", "properties": { "id": 172689, "address": "г Москва, Улица Лавриненко 13к3", "workTime": "Ежедневно 10:00-21:00", "pickupType": 3, "fittingRooms": 3, "status": null }, "geometry": { "type": "Point", "coordinates": [ 4224490.184111219830811, 7499617.284971179440618 ] } },
{ "type": "Feature", "properties": { "id": 172760, "address": "г Москва, Солнечногорская Улица 2б", "workTime": "Ежедневно 10:00-21:00", "pickupType": null, "fittingRooms": 2, "status": null }, "geometry": { "type": "Point", "coordinates": [ 4176212.813385520596057, 7529938.631077762693167 ] } },
{ "type": "Feature", "properties": { "id": 172806, "address": "г Москва, Новоостаповская Улица 4к2", "workTime": "Ежедневно 10:00-21:00", "pickupType": 3, "fittingRooms": 2, "status": null }, "geometry": { "type": "Point", "coordinates": [ 4192914.521867198403925, 7502391.507691703736782 ] } },
{ "type": "Feature", "properties": { "id": 172845, "address": "г Москва, Щёлковское Шоссе 91к1", "workTime": "Ежедневно 10:00-21:00", "pickupType": null, "fittingRooms": 2, "status": null }, "geometry": { "type": "Point", "coordinates": [ 4210590.721171280369163, 7521323.530160107649863 ] } },
{ "type": "Feature", "properties": { "id": 172860, "address": "г Москва, Улица Кржижановского 5к2", "workTime": "Ежедневно 10:00-21:00", "pickupType": null, "fittingRooms": 2, "status": null }, "geometry": { "type": "Point", "coordinates": [ 4181643.980021833442152, 7495637.305317846126854 ] } },
{ "type": "Feature", "properties": { "id": 172879, "address": "г Москва, Беловежская Улица 41", "workTime": "Ежедневно 10:00-21:00", "pickupType": null, "fittingRooms": 2, "status": null }, "geometry": { "type": "Point", "coordinates": [ 4162494.021979138720781, 7500916.540382289327681 ] } },
{ "type": "Feature", "properties": { "id": 172880, "address": "г Москва, Улица Архитектора Власова 22", "workTime": "Ежедневно 10:00-21:00", "pickupType": null, "fittingRooms": 2, "status": null }, "geometry": { "type": "Point", "coordinates": [ 4179242.039368987083435, 7492989.664643528871238 ] } },
{ "type": "Feature", "properties": { "id": 172894, "address": "г Москва, Шарикоподшипниковская Улица 6/14", "workTime": "Ежедневно 10:00-21:00", "pickupType": 3, "fittingRooms": 2, "status": null }, "geometry": { "type": "Point", "coordinates": [ 4193568.969153572339565, 7502813.261036070995033 ] } },
{ "type": "Feature", "properties": { "id": 172901, "address": "г Москва, Варшавское Шоссе 114к2", "workTime": "Ежедневно 10:00-21:00", "pickupType": 3, "fittingRooms": 3, "status": null }, "geometry": { "type": "Point", "coordinates": [ 4187530.777333964128047, 7486452.728957951068878 ] } },
{ "type": "Feature", "properties": { "id": 172955, "address": "г Москва, Новоясеневский Проспект 22к1", "workTime": "Ежедневно 10:00-21:00", "pickupType": 3, "fittingRooms": 3, "status": null }, "geometry": { "type": "Point", "coordinates": [ 4177330.23843410378322, 7480524.135784477926791 ] } },
{ "type": "Feature", "properties": { "id": 172985, "address": "г Москва, Радужная Улица 4к1", "workTime": "Ежедневно 10:00-21:00", "pickupType": 3, "fittingRooms": 2, "status": null }, "geometry": { "type": "Point", "coordinates": [ 4193711.903379750903696, 7530793.113548408262432 ] } },
{ "type": "Feature", "properties": { "id": 172986, "address": "г Москва, Новочерёмушкинская Улица 24", "workTime": "Ежедневно 10:00-21:00", "pickupType": 3, "fittingRooms": 2, "status": null }, "geometry": { "type": "Point", "coordinates": [ 4182959.219805555883795, 7494957.096231009811163 ] } },
{ "type": "Feature", "properties": { "id": 173090, "address": "г Москва, 3-Й Проезд Марьиной Рощи 5", "workTime": "Ежедневно 10:00-21:00", "pickupType": 3, "fittingRooms": 6, "status": null }, "geometry": { "type": "Point", "coordinates": [ 4188039.50740688899532, 7517983.435417083092034 ] } },
{ "type": "Feature", "properties": { "id": 173116, "address": "г Москва, Тагильская Улица 4а", "workTime": "Ежедневно 10:00-21:00", "pickupType": null, "fittingRooms": 2, "status": null }, "geometry": { "type": "Point", "coordinates": [ 4202707.854069736786187, 7522242.839940877631307 ] } },
{ "type": "Feature", "properties": { "id": 173127, "address": "Москва, Лукинская Улица 16", "workTime": "Ежедневно 10:00-21:00", "pickupType": null, "fittingRooms": 2, "status": null }, "geometry": { "type": "Point", "coordinates": [ 4156603.996401776559651, 7488227.538733831606805 ] } },
{ "type": "Feature", "properties": { "id": 173136, "address": "Москва, Улица Главмосстроя 10", "workTime": "Ежедневно 10:00-21:00", "pickupType": null, "fittingRooms": 2, "status": null }, "geometry": { "type": "Point", "coordinates": [ 4164453.022378119174391, 7489709.554901192896068 ] } },
{ "type": "Feature", "properties": { "id": 200012, "address": "Москва, Москва, Мурановская улица, 7", "workTime": "Ежедневно 10:00-21:00", "pickupType": 4, "fittingRooms": 4, "status": null }, "geometry": { "type": "Point", "coordinates": [ 4185370.839465487748384, 7536851.870360624976456 ] } },
{ "type": "Feature", "properties": { "id": 200041, "address": "г Москва, Квартал № 165 5", "workTime": "Ежедневно 10:00-21:00", "pickupType": 3, "fittingRooms": 2, "status": null }, "geometry": { "type": "Point", "coordinates": [ 4153827.910940372850746, 7470711.105566946789622 ] } },
{ "type": "Feature", "properties": { "id": 200261, "address": "г Москва, Проспект 60-Летия Октября 10", "workTime": "Ежедневно 10:00-21:00", "pickupType": 3, "fittingRooms": 3, "status": null }, "geometry": { "type": "Point", "coordinates": [ 4182749.048606938682497, 7497618.644633845426142 ] } },
{ "type": "Feature", "properties": { "id": 200283, "address": "г Москва, Лебедянская Улица 38", "workTime": "Ежедневно 10:00-21:00", "pickupType": 3, "fittingRooms": 3, "status": null }, "geometry": { "type": "Point", "coordinates": [ 4196401.048318844288588, 7476417.084489695727825 ] } },
{ "type": "Feature", "properties": { "id": 200288, "address": "г Москва, 13-Я Парковая Улица 16а", "workTime": "Ежедневно 10:00-21:00", "pickupType": 3, "fittingRooms": 3, "status": null }, "geometry": { "type": "Point", "coordinates": [ 4209404.055399425327778, 7518476.346599593758583 ] } },
{ "type": "Feature", "properties": { "id": 200305, "address": "г Москва, Краснодонская Улица 1к1", "workTime": "Ежедневно 10:00-21:00", "pickupType": 3, "fittingRooms": 2, "status": null }, "geometry": { "type": "Point", "coordinates": [ 4202813.718905480578542, 7496313.032417487353086 ] } },
{ "type": "Feature", "properties": { "id": 200311, "address": "г Москва, Поречная Улица 3к3", "workTime": "Ежедневно 10:00-21:00", "pickupType": 3, "fittingRooms": 2, "status": null }, "geometry": { "type": "Point", "coordinates": [ 4202432.004371550865471, 7488124.171215811744332 ] } },
{ "type": "Feature", "properties": { "id": 200370, "address": "Москва, Россошанская Улица 13к1", "workTime": "Ежедневно 10:00-21:00", "pickupType": 3, "fittingRooms": 4, "status": null }, "geometry": { "type": "Point", "coordinates": [ 4187227.988319005817175, 7478470.534401835873723 ] } },
{ "type": "Feature", "properties": { "id": 200382, "address": "Москва, Измайловский Проезд 5а", "workTime": "Ежедневно 10:00-21:00", "pickupType": 3, "fittingRooms": 3, "status": null }, "geometry": { "type": "Point", "coordinates": [ 4204019.197671281173825, 7517915.907652552239597 ] } },
{ "type": "Feature", "properties": { "id": 200384, "address": "Москва, Судостроительная Улица 13", "workTime": "Ежедневно 10:00-21:00", "pickupType": 3, "fittingRooms": 2, "status": null }, "geometry": { "type": "Point", "coordinates": [ 4193627.523205729667097, 7495103.005411355756223 ] } },
{ "type": "Feature", "properties": { "id": 200498, "address": "Москва, Ярцевская Улица 31", "workTime": "Ежедневно 10:00-21:00", "pickupType": 3, "fittingRooms": 3, "status": null }, "geometry": { "type": "Point", "coordinates": [ 4165398.124854953493923, 7507530.207233306951821 ] } },
{ "type": "Feature", "properties": { "id": 200503, "address": "Москва, Улица Молодцова 6", "workTime": "Ежедневно 10:00-21:00", "pickupType": 3, "fittingRooms": 2, "status": null }, "geometry": { "type": "Point", "coordinates": [ 4190026.782956530340016, 7534330.663422212004662 ] } },
{ "type": "Feature", "properties": { "id": 200521, "address": "г Москва, Голубинская Улица 16", "workTime": "Ежедневно 09:00-22:00", "pickupType": 3, "fittingRooms": 4, "status": null }, "geometry": { "type": "Point", "coordinates": [ 4177475.844328061677516, 7478781.633148087188601 ] } },
{ "type": "Feature", "properties": { "id": 200534, "address": "Москва, Новокосинская Улица 17к7", "workTime": "пн - пт 09:00-21:00 сб, вс 10:00-21:00", "pickupType": 3, "fittingRooms": 3, "status": null }, "geometry": { "type": "Point", "coordinates": [ 4213875.536705608479679, 7506803.468502942472696 ] } },
{ "type": "Feature", "properties": { "id": 200559, "address": "г Москва, Ярцевская Улица 19", "workTime": "Ежедневно 10:00-21:00", "pickupType": 3, "fittingRooms": 4, "status": null }, "geometry": { "type": "Point", "coordinates": [ 4164551.428807980380952, 7506392.965525547042489 ] } },
{ "type": "Feature", "properties": { "id": 200573, "address": "Москва, Улица Чаянова 18", "workTime": "Ежедневно 10:00-21:00", "pickupType": 3, "fittingRooms": 2, "status": null }, "geometry": { "type": "Point", "coordinates": [ 4185373.405602389480919, 7514163.600297057069838 ] } },
{ "type": "Feature", "properties": { "id": 200581, "address": "г Москва, Пятницкое Шоссе 31", "workTime": "Ежедневно 10:00-21:00", "pickupType": 3, "fittingRooms": 2, "status": null }, "geometry": { "type": "Point", "coordinates": [ 4159208.315888884477317, 7528917.858976580202579 ] } },
{ "type": "Feature", "properties": { "id": 201063, "address": "г Москва, Проспект Будённого 24к1", "workTime": "Ежедневно 10:00-21:00", "pickupType": 3, "fittingRooms": 2, "status": null }, "geometry": { "type": "Point", "coordinates": [ 4200265.170483259484172, 7511861.407296802848577 ] } },
{ "type": "Feature", "properties": { "id": 201071, "address": "Москва, Мичуринский Проспект 7", "workTime": "Ежедневно 10:00-21:00", "pickupType": 3, "fittingRooms": 4, "status": null }, "geometry": { "type": "Point", "coordinates": [ 4175683.377887307666242, 7499408.073129766620696 ] } },
{ "type": "Feature", "properties": { "id": 201186, "address": "Москва, Дорожная Улица вл13", "workTime": "Ежедневно 10:00-21:00", "pickupType": 3, "fittingRooms": 2, "status": null }, "geometry": { "type": "Point", "coordinates": [ 4187951.898967634420842, 7478686.075836196541786 ] } },
{ "type": "Feature", "properties": { "id": 201227, "address": "Москва, улица Яворки, 1к4", "workTime": "Ежедневно 09:00-21:00", "pickupType": 4, "fittingRooms": 3, "status": null }, "geometry": { "type": "Point", "coordinates": [ 4156941.962375824339688, 7461241.544643556699157 ] } },
{ "type": "Feature", "properties": { "id": 201309, "address": "Москва, Квартал № 4 12к2", "workTime": "Ежедневно 10:00-21:00", "pickupType": 3, "fittingRooms": 2, "status": null }, "geometry": { "type": "Point", "coordinates": [ 4161144.050514288712293, 7465860.59400356002152 ] } },
{ "type": "Feature", "properties": { "id": 201327, "address": "Москва, Челобитьевское шоссе 10к3", "workTime": "Ежедневно 10:00-21:00", "pickupType": null, "fittingRooms": 2, "status": null }, "geometry": { "type": "Point", "coordinates": [ 4180698.988864489365369, 7541167.120643760077655 ] } },
{ "type": "Feature", "properties": { "id": 202316, "address": "г Москва, Старомарьинское Шоссе 6к1", "workTime": "Ежедневно 10:00-21:00", "pickupType": 3, "fittingRooms": 2, "status": null }, "geometry": { "type": "Point", "coordinates": [ 4187014.032257700804621, 7519305.7917694253847 ] } },
{ "type": "Feature", "properties": { "id": 202321, "address": "Москва, Новомарьинская Улица 17", "workTime": "Ежедневно 10:00-21:00", "pickupType": 3, "fittingRooms": 2, "status": null }, "geometry": { "type": "Point", "coordinates": [ 4204172.150651630945504, 7490720.022052211686969 ] } },
{ "type": "Feature", "properties": { "id": 202377, "address": "Москва, Москва, Чертановская улица, 1к2", "workTime": "Ежедневно 10:00-21:00", "pickupType": 4, "fittingRooms": 2, "status": null }, "geometry": { "type": "Point", "coordinates": [ 4186155.083163056522608, 7485788.283370181918144 ] } },
{ "type": "Feature", "properties": { "id": 202423, "address": "Москва, Москва, Филёвский бульвар, 24к2", "workTime": "Ежедневно 10:00-21:00", "pickupType": 4, "fittingRooms": 2, "status": null }, "geometry": { "type": "Point", "coordinates": [ 4173031.841013664379716, 7512137.520601076073945 ] } },
{ "type": "Feature", "properties": { "id": 202425, "address": "Москва, Москва, 6-я Радиальная улица, 5к4", "workTime": "Ежедневно 10:00-21:00", "pickupType": 4, "fittingRooms": 2, "status": null }, "geometry": { "type": "Point", "coordinates": [ 4192443.827437887899578, 7479885.506417205557227 ] } },
{ "type": "Feature", "properties": { "id": 202427, "address": "Москва, Москва, проезд Черепановых, 32", "workTime": "Ежедневно 10:00-21:00", "pickupType": 4, "fittingRooms": 2, "status": null }, "geometry": { "type": "Point", "coordinates": [ 4177753.021845132578164, 7526922.468855822458863 ] } },
{ "type": "Feature", "properties": { "id": 202454, "address": "Москва, Москва, Большая Декабрьская улица, 1", "workTime": "Ежедневно 10:00-21:00", "pickupType": 4, "fittingRooms": 2, "status": null }, "geometry": { "type": "Point", "coordinates": [ 4181127.670204779598862, 7511742.468702798709273 ] } },
{ "type": "Feature", "properties": { "id": 202455, "address": "Москва, Москва, Кировоградская улица, 8к4", "workTime": "Ежедневно 10:00-21:00", "pickupType": 4, "fittingRooms": 2, "status": null }, "geometry": { "type": "Point", "coordinates": [ 4186742.139188176486641, 7484512.48811068572104 ] } },
{ "type": "Feature", "properties": { "id": 202457, "address": "Москва, Москва, Новорязанская улица, 30", "workTime": "Ежедневно 10:00-21:00", "pickupType": 4, "fittingRooms": 2, "status": null }, "geometry": { "type": "Point", "coordinates": [ 4193166.47583480970934, 7513074.518599026836455 ] } },
{ "type": "Feature", "properties": { "id": 202470, "address": "Москва, Москва, Ясногорская улица, 7А", "workTime": "Ежедневно 10:00-21:00", "pickupType": 4, "fittingRooms": 2, "status": null }, "geometry": { "type": "Point", "coordinates": [ 4178647.036690697539598, 7480882.81336869020015 ] } },
{ "type": "Feature", "properties": { "id": 202471, "address": "Москва, 1-я Владимирская улица 34к3", "workTime": "Ежедневно 10:00-21:00", "pickupType": null, "fittingRooms": 2, "status": null }, "geometry": { "type": "Point", "coordinates": [ 4205661.048840992152691, 7508429.678261402994394 ] } },
{ "type": "Feature", "properties": { "id": 202481, "address": "Москва, Москва, Беломорская улица, 23", "workTime": "Ежедневно 10:00-21:00", "pickupType": 4, "fittingRooms": 2, "status": null }, "geometry": { "type": "Point", "coordinates": [ 4172554.187001108657569, 7532169.648421521298587 ] } },
{ "type": "Feature", "properties": { "id": 202484, "address": "Москва, Москва, улица Маршала Тухачевского, 32к2", "workTime": "Ежедневно 10:00-21:00", "pickupType": 4, "fittingRooms": 2, "status": null }, "geometry": { "type": "Point", "coordinates": [ 4171558.873867951799184, 7515925.347642615437508 ] } },
{ "type": "Feature", "properties": { "id": 202498, "address": "г Москва, Улица Богданова 16", "workTime": "Ежедневно 09:00-22:00", "pickupType": 3, "fittingRooms": 3, "status": null }, "geometry": { "type": "Point", "coordinates": [ 4164126.967589586041868, 7490421.860313959419727 ] } },
{ "type": "Feature", "properties": { "id": 202504, "address": "Москва, Широкая Улица 1к1", "workTime": "Ежедневно 10:00-21:00", "pickupType": 3, "fittingRooms": 3, "status": null }, "geometry": { "type": "Point", "coordinates": [ 4191374.305392582900822, 7536233.239268967881799 ] } },
{ "type": "Feature", "properties": { "id": 202508, "address": "Москва, Москва, Авангардная улица, 18", "workTime": "Ежедневно 10:00-21:00", "pickupType": 4, "fittingRooms": 2, "status": null }, "geometry": { "type": "Point", "coordinates": [ 4173343.998788286931813, 7528243.63253148086369 ] } },
{ "type": "Feature", "properties": { "id": 202546, "address": "г Москва, Орлово-Давыдовский Переулок 2/5к3", "workTime": "Ежедневно 10:00-21:00", "pickupType": 3, "fittingRooms": 2, "status": null }, "geometry": { "type": "Point", "coordinates": [ 4189915.2408267557621, 7515310.896305238828063 ] } },
{ "type": "Feature", "properties": { "id": 202576, "address": "Москва, Ратная Улица 8к2", "workTime": "Ежедневно 10:00-22:00", "pickupType": 3, "fittingRooms": 4, "status": null }, "geometry": { "type": "Point", "coordinates": [ 4183644.057312916498631, 7474048.533038826659322 ] } },
{ "type": "Feature", "properties": { "id": 202630, "address": "Москва, Волгоградский проспект 103А", "workTime": "Ежедневно 10:00-21:00", "pickupType": null, "fittingRooms": 2, "status": null }, "geometry": { "type": "Point", "coordinates": [ 4202928.810234581120312, 7500656.037360424175858 ] } },
{ "type": "Feature", "properties": { "id": 202642, "address": "Москва, 3-Й Сетуньский Проезд 4", "workTime": "Ежедневно 10:00-21:00", "pickupType": 3, "fittingRooms": 2, "status": null }, "geometry": { "type": "Point", "coordinates": [ 4178731.194225736893713, 7505478.508252758532763 ] } },
{ "type": "Feature", "properties": { "id": 202738, "address": "г Москва, 2-Й Грайвороновский Проезд 44к2", "workTime": "Ежедневно 09:00-21:00", "pickupType": 3, "fittingRooms": 2, "status": null }, "geometry": { "type": "Point", "coordinates": [ 4202175.078986800275743, 7503965.788939468562603 ] } },
{ "type": "Feature", "properties": { "id": 202824, "address": "Москва, Бескудниковский Проезд 4к2", "workTime": "Ежедневно 10:00-21:00", "pickupType": 3, "fittingRooms": 3, "status": null }, "geometry": { "type": "Point", "coordinates": [ 4180586.890137260779738, 7533772.245582429692149 ] } },
{ "type": "Feature", "properties": { "id": 202893, "address": "Москва, Москва, Братеевская улица, 21к1", "workTime": "Ежедневно 10:00-21:00", "pickupType": 4, "fittingRooms": 2, "status": null }, "geometry": { "type": "Point", "coordinates": [ 4202542.858212914317846, 7485741.285741611383855 ] } },
{ "type": "Feature", "properties": { "id": 202899, "address": "Москва, Ленинградское Шоссе 13к1", "workTime": "Ежедневно 10:00-21:00", "pickupType": 3, "fittingRooms": 3, "status": null }, "geometry": { "type": "Point", "coordinates": [ 4174063.567976774647832, 7522515.483915622346103 ] } },
{ "type": "Feature", "properties": { "id": 202900, "address": "Москва, Можайское Шоссе 22", "workTime": "Ежедневно 10:00-21:00", "pickupType": 3, "fittingRooms": 3, "status": null }, "geometry": { "type": "Point", "coordinates": [ 4166244.04166549211368, 7503039.167454406619072 ] } },
{ "type": "Feature", "properties": { "id": 202942, "address": "Москва, Москва, улица Гарибальди, 4Г", "workTime": "Ежедневно 10:00-21:00", "pickupType": 4, "fittingRooms": 2, "status": null }, "geometry": { "type": "Point", "coordinates": [ 4178302.832038425840437, 7494372.428484839387238 ] } },
{ "type": "Feature", "properties": { "id": 202978, "address": "Москва, Таллинская Улица 6", "workTime": "Ежедневно 10:00-21:00", "pickupType": 3, "fittingRooms": 2, "status": null }, "geometry": { "type": "Point", "coordinates": [ 4162716.994919198565185, 7518456.938492369838059 ] } },
{ "type": "Feature", "properties": { "id": 202992, "address": "Москва, Улица Серпуховский Вал 14", "workTime": "Ежедневно 10:00-21:00", "pickupType": 3, "fittingRooms": 4, "status": null }, "geometry": { "type": "Point", "coordinates": [ 4187271.959517869632691, 7501321.416930885054171 ] } },
{ "type": "Feature", "properties": { "id": 203023, "address": "Москва, Новоалексеевская Улица 14с1", "workTime": "Ежедневно 10:00-21:00", "pickupType": 3, "fittingRooms": 3, "status": null }, "geometry": { "type": "Point", "coordinates": [ 4190729.988179871812463, 7520336.97909792792052 ] } },
{ "type": "Feature", "properties": { "id": 203111, "address": "Москва, Большая Набережная Улица 9с1", "workTime": "Ежедневно 09:00-21:00", "pickupType": 3, "fittingRooms": 3, "status": null }, "geometry": { "type": "Point", "coordinates": [ 4169604.554453559685498, 7524224.48379422724247 ] } },
{ "type": "Feature", "properties": { "id": 203116, "address": "Москва, Улица Академика Анохина 2к1б", "workTime": "Ежедневно 10:00-21:00", "pickupType": 3, "fittingRooms": 3, "status": null }, "geometry": { "type": "Point", "coordinates": [ 4171902.967979968059808, 7493133.957514810375869 ] } },
{ "type": "Feature", "properties": { "id": 203119, "address": "Москва, Октябрьская Улица 105", "workTime": "Ежедневно 10:00-21:00", "pickupType": 3, "fittingRooms": 4, "status": null }, "geometry": { "type": "Point", "coordinates": [ 4186886.014843289274722, 7518606.26335065998137 ] } },
{ "type": "Feature", "properties": { "id": 203125, "address": "г Москва, Нижегородская Улица 94к4", "workTime": "Ежедневно 10:00-21:00", "pickupType": 3, "fittingRooms": 2, "status": null }, "geometry": { "type": "Point", "coordinates": [ 4199024.292119387537241, 7504667.154076983220875 ] } },
{ "type": "Feature", "properties": { "id": 203280, "address": "Москва, Главная Улица 29", "workTime": "Ежедневно 10:00-21:00", "pickupType": 3, "fittingRooms": 3, "status": null }, "geometry": { "type": "Point", "coordinates": [ 4215950.977291958406568, 7522639.127965504303575 ] } },
{ "type": "Feature", "properties": { "id": 203290, "address": "Москва, Улица Сайкина 15/7", "workTime": "Ежедневно 09:00-21:00", "pickupType": 3, "fittingRooms": 3, "status": null }, "geometry": { "type": "Point", "coordinates": [ 4193250.372770921792835, 7500089.069590382277966 ] } },
{ "type": "Feature", "properties": { "id": 203296, "address": "Москва, Улица Космонавтов 6", "workTime": "Ежедневно 10:00-21:00", "pickupType": 3, "fittingRooms": 2, "status": null }, "geometry": { "type": "Point", "coordinates": [ 4191016.747188154608011, 7522783.183710445649922 ] } },
{ "type": "Feature", "properties": { "id": 203300, "address": "Москва, Пролетарский Проспект 16к1", "workTime": "Ежедневно 10:00-21:00", "pickupType": 3, "fittingRooms": 2, "status": null }, "geometry": { "type": "Point", "coordinates": [ 4191839.843503080308437, 7486237.168028496205807 ] } },
{ "type": "Feature", "properties": { "id": 203315, "address": "Москва, Улица Маршала Малиновского 3", "workTime": "Ежедневно 10:00-21:00", "pickupType": 3, "fittingRooms": 2, "status": null }, "geometry": { "type": "Point", "coordinates": [ 4173808.423703876323998, 7516537.559538076631725 ] } },
{ "type": "Feature", "properties": { "id": 203326, "address": "Москва, Москва, Новоясеневский проспект, 16к1", "workTime": "Ежедневно 10:00-21:00", "pickupType": 4, "fittingRooms": 2, "status": null }, "geometry": { "type": "Point", "coordinates": [ 4176855.015527906827629, 7480798.463516857475042 ] } },
{ "type": "Feature", "properties": { "id": 203328, "address": "Москва, Студёный Проезд 4к1", "workTime": "Ежедневно 10:00-21:00", "pickupType": 3, "fittingRooms": 2, "status": null }, "geometry": { "type": "Point", "coordinates": [ 4191800.993000793270767, 7537235.327072627842426 ] } },
{ "type": "Feature", "properties": { "id": 203344, "address": "Москва, Москва, Ташкентская улица, 24к1", "workTime": "Ежедневно 10:00-21:00", "pickupType": 4, "fittingRooms": 4, "status": null }, "geometry": { "type": "Point", "coordinates": [ 4208926.581835763528943, 7498998.395670978352427 ] } },
{ "type": "Feature", "properties": { "id": 203345, "address": "Москва, Москва, Севанская улица, 21к3", "workTime": "Ежедневно 10:00-21:00", "pickupType": 4, "fittingRooms": 2, "status": null }, "geometry": { "type": "Point", "coordinates": [ 4191063.280516418162733, 7483730.70674716681242 ] } },
{ "type": "Feature", "properties": { "id": 203346, "address": "Москва, Москва, Боровское шоссе, 43к2", "workTime": "Ежедневно 10:00-21:00", "pickupType": 4, "fittingRooms": 2, "status": null }, "geometry": { "type": "Point", "coordinates": [ 4158614.983002956956625, 7486902.606042719446123 ] } },
{ "type": "Feature", "properties": { "id": 203351, "address": "Москва, Москва, Днепропетровская улица, 25к1", "workTime": "Ежедневно 10:00-21:00", "pickupType": 4, "fittingRooms": 2, "status": null }, "geometry": { "type": "Point", "coordinates": [ 4184007.960728319361806, 7483439.168791792355478 ] } },
{ "type": "Feature", "properties": { "id": 203354, "address": "Москва, Каширское Шоссе 86к3", "workTime": "Ежедневно 08:00-22:00", "pickupType": 3, "fittingRooms": 2, "status": null }, "geometry": { "type": "Point", "coordinates": [ 4197961.970218747854233, 7483252.671525528654456 ] } },
{ "type": "Feature", "properties": { "id": 203368, "address": "Москва, Улица Грузинский Вал 26с1", "workTime": "Ежедневно 10:00-21:00", "pickupType": 3, "fittingRooms": 2, "status": 3 }, "geometry": { "type": "Point", "coordinates": [ 4183529.064278926700354, 7513616.537166136316955 ] } },
{ "type": "Feature", "properties": { "id": 203376, "address": "Москва, Можайское Шоссе 36", "workTime": "Ежедневно 10:00-21:00", "pickupType": 3, "fittingRooms": 2, "status": null }, "geometry": { "type": "Point", "coordinates": [ 4165018.970669312402606, 7502680.447750248014927 ] } },
{ "type": "Feature", "properties": { "id": 203379, "address": "Москва, Улица Генерала Белова 51к1а", "workTime": "Ежедневно 10:00-21:00", "pickupType": 3, "fittingRooms": 3, "status": null }, "geometry": { "type": "Point", "coordinates": [ 4199694.658092943951488, 7480253.364941401407123 ] } },
{ "type": "Feature", "properties": { "id": 203383, "address": "Москва, Москва, Электрозаводская улица, 35с1", "workTime": "Ежедневно 10:00-21:00", "pickupType": 4, "fittingRooms": 2, "status": null }, "geometry": { "type": "Point", "coordinates": [ 4197637.788158007897437, 7517469.86300437990576 ] } },
{ "type": "Feature", "properties": { "id": 203393, "address": "Москва, Улица Борисовские Пруды 26", "workTime": "Ежедневно 10:00-21:00", "pickupType": 3, "fittingRooms": 3, "status": null }, "geometry": { "type": "Point", "coordinates": [ 4203189.08822843618691, 7487075.976453455165029 ] } },
{ "type": "Feature", "properties": { "id": 203404, "address": "Москва, Москва, улица Маршала Новикова, 10к1", "workTime": "Ежедневно 10:00-21:00", "pickupType": 4, "fittingRooms": 2, "status": null }, "geometry": { "type": "Point", "coordinates": [ 4170579.045275963842869, 7519456.123402435332537 ] } },
{ "type": "Feature", "properties": { "id": 203420, "address": "Москва, Москва, Ясный проезд, 32", "workTime": "Ежедневно 10:00-21:00", "pickupType": 4, "fittingRooms": 2, "status": null }, "geometry": { "type": "Point", "coordinates": [ 4187844.03038105648011, 7534223.302763091400266 ] } },
{ "type": "Feature", "properties": { "id": 203446, "address": "Москва, Москва, Голубинская улица, 3к1", "workTime": "Ежедневно 10:00-21:00", "pickupType": 4, "fittingRooms": 2, "status": null }, "geometry": { "type": "Point", "coordinates": [ 4176013.996774964500219, 7480873.747686258517206 ] } },
{ "type": "Feature", "properties": { "id": 203447, "address": "Москва, Москва, Новоясеневский проспект, 19к2", "workTime": "Ежедневно 10:00-21:00", "pickupType": 4, "fittingRooms": 2, "status": null }, "geometry": { "type": "Point", "coordinates": [ 4179658.040306081529707, 7480210.208019669167697 ] } },
{ "type": "Feature", "properties": { "id": 203448, "address": "Москва, Москва, 1-й Котляковский переулок, 2Ак1", "workTime": "Ежедневно 10:00-21:00", "pickupType": 4, "fittingRooms": 2, "status": null }, "geometry": { "type": "Point", "coordinates": [ 4188834.099253002088517, 7489540.191559196449816 ] } },
{ "type": "Feature", "properties": { "id": 203449, "address": "Москва, Москва, улица Островитянова, 9к1", "workTime": "Ежедневно 10:00-21:00", "pickupType": 4, "fittingRooms": 2, "status": null }, "geometry": { "type": "Point", "coordinates": [ 4174225.70392455952242, 7487937.987513728439808 ] } },
{ "type": "Feature", "properties": { "id": 203450, "address": "Москва, Москва, улица Обручева, 5А", "workTime": "Ежедневно 10:00-21:00", "pickupType": 4, "fittingRooms": 2, "status": null }, "geometry": { "type": "Point", "coordinates": [ 4176263.018475867807865, 7491390.187988934107125 ] } },
{ "type": "Feature", "properties": { "id": 203457, "address": "г Москва, Мастеровая Улица 15", "workTime": "Ежедневно 10:00-21:00", "pickupType": 3, "fittingRooms": 2, "status": null }, "geometry": { "type": "Point", "coordinates": [ 4202880.95587791968137, 7507702.063757845200598 ] } },
{ "type": "Feature", "properties": { "id": 203459, "address": "Москва, Новомарьинская Улица 15", "workTime": "Ежедневно 10:00-21:00", "pickupType": 3, "fittingRooms": 3, "status": null }, "geometry": { "type": "Point", "coordinates": [ 4203805.909526920877397, 7490392.064505381509662 ] } },
{ "type": "Feature", "properties": { "id": 203460, "address": "Москва, Улица Поляны 5ак1", "workTime": "Ежедневно 10:00-21:00", "pickupType": 3, "fittingRooms": 2, "status": null }, "geometry": { "type": "Point", "coordinates": [ 4180543.47553585190326, 7470317.276653015986085 ] } },
{ "type": "Feature", "properties": { "id": 203484, "address": "Москва, Москва, Хорошёвское шоссе, 82к7", "workTime": "Ежедневно 10:00-21:00", "pickupType": 4, "fittingRooms": 2, "status": null }, "geometry": { "type": "Point", "coordinates": [ 4176741.02436933433637, 7514772.06557484716177 ] } },
{ "type": "Feature", "properties": { "id": 203485, "address": "Москва, квартал № 28", "workTime": "Ежедневно 10:00-21:00", "pickupType": 4, "fittingRooms": 2, "status": 3 }, "geometry": { "type": "Point", "coordinates": [ 4164791.197744130156934, 7480151.819452868774533 ] } },
{ "type": "Feature", "properties": { "id": 203491, "address": "Москва, Улица Верхние Поля 18", "workTime": "Ежедневно 10:00-21:00", "pickupType": 3, "fittingRooms": 2, "status": null }, "geometry": { "type": "Point", "coordinates": [ 4201975.705778789706528, 7491858.50982921384275 ] } },
{ "type": "Feature", "properties": { "id": 203497, "address": "Москва, Щёлковское Шоссе 21к2", "workTime": "Ежедневно 10:00-21:00", "pickupType": 3, "fittingRooms": 3, "status": null }, "geometry": { "type": "Point", "coordinates": [ 4204692.569271090440452, 7520342.327528442256153 ] } },
{ "type": "Feature", "properties": { "id": 203513, "address": "Москва, Ленинградское Шоссе 58с26", "workTime": "Ежедневно 10:00-21:00", "pickupType": 3, "fittingRooms": 3, "status": null }, "geometry": { "type": "Point", "coordinates": [ 4172724.839780495502055, 7527160.829310298897326 ] } },
{ "type": "Feature", "properties": { "id": 203532, "address": "Москва, Улица 40 Лет Октября 15/1", "workTime": "Ежедневно 10:00-21:00", "pickupType": 3, "fittingRooms": 3, "status": null }, "geometry": { "type": "Point", "coordinates": [ 4182701.181225897278637, 7461852.736894318833947 ] } },
{ "type": "Feature", "properties": { "id": 203538, "address": "Москва, Москва, Лобненская улица, 13к2", "workTime": "Ежедневно 10:00-21:00", "pickupType": 4, "fittingRooms": 2, "status": null }, "geometry": { "type": "Point", "coordinates": [ 4177831.398781655356288, 7536221.527840648777783 ] } },
{ "type": "Feature", "properties": { "id": 203570, "address": "Москва, Москва, Ярославское шоссе, 144", "workTime": "Ежедневно 10:00-21:00", "pickupType": 4, "fittingRooms": 2, "status": null }, "geometry": { "type": "Point", "coordinates": [ 4199323.964188602752984, 7534418.775690897367895 ] } },
{ "type": "Feature", "properties": { "id": 203603, "address": "Москва, Ленинский Проспект 148", "workTime": "Ежедневно 10:00-21:00", "pickupType": 3, "fittingRooms": 4, "status": null }, "geometry": { "type": "Point", "coordinates": [ 4173769.461882099043578, 7490114.830868852324784 ] } },
{ "type": "Feature", "properties": { "id": 203649, "address": "Москва, Москва, Ленинградское шоссе, 94к3", "workTime": "Ежедневно 10:00-21:00", "pickupType": 4, "fittingRooms": 2, "status": null }, "geometry": { "type": "Point", "coordinates": [ 4171292.046614495106041, 7529872.188523340038955 ] } },
{ "type": "Feature", "properties": { "id": 203650, "address": "Москва, Москва, Фестивальная улица, 63к2", "workTime": "Ежедневно 10:00-21:00", "pickupType": 4, "fittingRooms": 2, "status": null }, "geometry": { "type": "Point", "coordinates": [ 4174506.953508604317904, 7530860.357485670596361 ] } },
{ "type": "Feature", "properties": { "id": 203651, "address": "Москва, Москва, улица Лавочкина, 4", "workTime": "Ежедневно 10:00-21:00", "pickupType": 4, "fittingRooms": 2, "status": null }, "geometry": { "type": "Point", "coordinates": [ 4174910.041384767275304, 7528552.381262352690101 ] } },
{ "type": "Feature", "properties": { "id": 203653, "address": "Москва, Покровская улица 17к4", "workTime": "Ежедневно 10:00-21:00", "pickupType": null, "fittingRooms": 2, "status": null }, "geometry": { "type": "Point", "coordinates": [ 4222605.526319095864892, 7498668.493078079074621 ] } },
{ "type": "Feature", "properties": { "id": 203695, "address": "Москва, Улица Адмирала Лазарева 62", "workTime": "Ежедневно 10:00-21:00", "pickupType": 3, "fittingRooms": 2, "status": null }, "geometry": { "type": "Point", "coordinates": [ 4175571.724438042379916, 7467363.90370899066329 ] } },
{ "type": "Feature", "properties": { "id": 203703, "address": "Москва, Нарвская Улица 1ак2", "workTime": "Ежедневно 10:00-21:00", "pickupType": 3, "fittingRooms": 2, "status": null }, "geometry": { "type": "Point", "coordinates": [ 4174654.006555942818522, 7524707.289401664398611 ] } },
{ "type": "Feature", "properties": { "id": 203709, "address": "Москва, Москва, Судостроительная улица, 36", "workTime": "Ежедневно 10:00-21:00", "pickupType": 4, "fittingRooms": 2, "status": null }, "geometry": { "type": "Point", "coordinates": [ 4195356.982814693823457, 7495799.616601221263409 ] } },
{ "type": "Feature", "properties": { "id": 203710, "address": "Москва, Южнобутовская улица 29", "workTime": "Ежедневно 10:00-21:00", "pickupType": null, "fittingRooms": 2, "status": null }, "geometry": { "type": "Point", "coordinates": [ 4178623.993556103203446, 7467081.98629449121654 ] } },
{ "type": "Feature", "properties": { "id": 203712, "address": "Москва, 5-й квартал 11с2", "workTime": "Ежедневно 10:00-21:00", "pickupType": null, "fittingRooms": 2, "status": null }, "geometry": { "type": "Point", "coordinates": [ 4207399.525328709743917, 7485444.988898891955614 ] } },
{ "type": "Feature", "properties": { "id": 203724, "address": "г Москва, Большая Черкизовская Улица 26к5", "workTime": "Ежедневно 10:00-21:00", "pickupType": 3, "fittingRooms": 4, "status": 3 }, "geometry": { "type": "Point", "coordinates": [ 4200986.298144618980587, 7517972.543802163563669 ] } },
{ "type": "Feature", "properties": { "id": 203739, "address": "Москва, Москва, Аминьевское шоссе, 26А", "workTime": "Ежедневно 10:00-21:00", "pickupType": 4, "fittingRooms": 2, "status": null }, "geometry": { "type": "Point", "coordinates": [ 4169222.951239120680839, 7502188.347012883983552 ] } },
{ "type": "Feature", "properties": { "id": 203740, "address": "Москва, Москва, улица Борисовские Пруды, 20к1", "workTime": "Ежедневно 10:00-21:00", "pickupType": 4, "fittingRooms": 2, "status": null }, "geometry": { "type": "Point", "coordinates": [ 4202498.016829592175782, 7486711.291674485430121 ] } },
{ "type": "Feature", "properties": { "id": 203749, "address": "Москва, Фортунатовская Улица 33/44", "workTime": "Ежедневно 10:00-21:00", "pickupType": 3, "fittingRooms": 2, "status": null }, "geometry": { "type": "Point", "coordinates": [ 4201088.044159203767776, 7515489.657063343562186 ] } },
{ "type": "Feature", "properties": { "id": 203780, "address": "Москва, Краснодонская Улица 39", "workTime": "Ежедневно 10:00-21:00", "pickupType": 3, "fittingRooms": 2, "status": null }, "geometry": { "type": "Point", "coordinates": [ 4202260.572355729527771, 7493814.993088877759874 ] } },
{ "type": "Feature", "properties": { "id": 203820, "address": "Москва, Москва, улица Академика Варги, 40А", "workTime": "Ежедневно 10:00-21:00", "pickupType": 4, "fittingRooms": 3, "status": null }, "geometry": { "type": "Point", "coordinates": [ 4172181.044067970011383, 7485587.760516818612814 ] } },
{ "type": "Feature", "properties": { "id": 203822, "address": "Москва, Ярцевская Улица 34к2", "workTime": "Ежедневно 10:00-21:00", "pickupType": 3, "fittingRooms": 3, "status": null }, "geometry": { "type": "Point", "coordinates": [ 4165611.524318804964423, 7507202.919143956154585 ] } },
{ "type": "Feature", "properties": { "id": 203833, "address": "Москва, Интернациональная Улица 2к1", "workTime": "Ежедневно 10:00-21:00", "pickupType": 3, "fittingRooms": 2, "status": null }, "geometry": { "type": "Point", "coordinates": [ 4147240.023475227411836, 7481499.107625373639166 ] } },
{ "type": "Feature", "properties": { "id": 203841, "address": "Москва, Москва, Люблинская улица, 17к1", "workTime": "Ежедневно 10:00-21:00", "pickupType": 4, "fittingRooms": 2, "status": null }, "geometry": { "type": "Point", "coordinates": [ 4200375.273585977964103, 7499654.199299895204604 ] } },
{ "type": "Feature", "properties": { "id": 203875, "address": "Москва, Москва, улица Богданова, 2к1", "workTime": "Ежедневно 10:00-21:00", "pickupType": 4, "fittingRooms": 2, "status": null }, "geometry": { "type": "Point", "coordinates": [ 4163882.955265766941011, 7490352.008069658651948 ] } },
{ "type": "Feature", "properties": { "id": 203884, "address": "Москва, Кленовый Бульвар 13", "workTime": "Ежедневно 10:00-21:00", "pickupType": 3, "fittingRooms": 2, "status": null }, "geometry": { "type": "Point", "coordinates": [ 4194313.028630034066737, 7494828.56417602673173 ] } },
{ "type": "Feature", "properties": { "id": 203897, "address": "Москва, Улица Маршала Бирюзова 14", "workTime": "Ежедневно 10:00-21:00", "pickupType": 3, "fittingRooms": 2, "status": null }, "geometry": { "type": "Point", "coordinates": [ 4173727.049156107474118, 7517513.921760317869484 ] } },
{ "type": "Feature", "properties": { "id": 203923, "address": "Москва, Новочерёмушкинская Улица 49", "workTime": "Ежедневно 10:00-21:00", "pickupType": 3, "fittingRooms": 3, "status": null }, "geometry": { "type": "Point", "coordinates": [ 4182371.007616204675287, 7493398.468547170981765 ] } },
{ "type": "Feature", "properties": { "id": 203954, "address": "Москва, Москва, улица Верхние Поля, 33к1", "workTime": "Ежедневно 10:00-21:00", "pickupType": 4, "fittingRooms": 2, "status": null }, "geometry": { "type": "Point", "coordinates": [ 4202981.139300813898444, 7492656.90634513925761 ] } },
{ "type": "Feature", "properties": { "id": 203963, "address": "Москва, Москва, Люблинская улица, 78к2", "workTime": "Ежедневно 10:00-21:00", "pickupType": 4, "fittingRooms": 2, "status": null }, "geometry": { "type": "Point", "coordinates": [ 4200381.388031647540629, 7491359.204359543509781 ] } },
{ "type": "Feature", "properties": { "id": 203982, "address": "Москва, Новозаводская Улица 25к4", "workTime": "Ежедневно 09:00-21:00", "pickupType": 3, "fittingRooms": 2, "status": null }, "geometry": { "type": "Point", "coordinates": [ 4174226.428391805849969, 7509072.70213920250535 ] } },
{ "type": "Feature", "properties": { "id": 203988, "address": "Москва, Улица Академика Анохина 60", "workTime": "Ежедневно 10:00-21:00", "pickupType": 3, "fittingRooms": 2, "status": null }, "geometry": { "type": "Point", "coordinates": [ 4171035.121229743584991, 7488918.992527611553669 ] } },
{ "type": "Feature", "properties": { "id": 203996, "address": "Москва, Москва, квартал № 100, 1к1", "workTime": "Ежедневно 10:00-21:00", "pickupType": 4, "fittingRooms": 4, "status": null }, "geometry": { "type": "Point", "coordinates": [ 4157523.829354201443493, 7519071.090138629078865 ] } },
{ "type": "Feature", "properties": { "id": 204014, "address": "Москва, Москва, Петрозаводская улица, 9к1", "workTime": "Ежедневно 10:00-21:00", "pickupType": 4, "fittingRooms": 2, "status": null }, "geometry": { "type": "Point", "coordinates": [ 4174068.020756406243891, 7531625.86891798209399 ] } },
{ "type": "Feature", "properties": { "id": 204016, "address": "Москва, Москва, Ангарская улица, 37/18", "workTime": "Ежедневно 10:00-21:00", "pickupType": 4, "fittingRooms": 2, "status": null }, "geometry": { "type": "Point", "coordinates": [ 4177109.046605897601694, 7534368.76590122282505 ] } },
{ "type": "Feature", "properties": { "id": 204025, "address": "Москва, Москва, улица Маршала Чуйкова, 30", "workTime": "Ежедневно 10:00-21:00", "pickupType": 4, "fittingRooms": 3, "status": null }, "geometry": { "type": "Point", "coordinates": [ 4203199.910486691631377, 7497943.180501720868051 ] } },
{ "type": "Feature", "properties": { "id": 204034, "address": "Москва, Москва, Краснопролетарская улица, 8с1", "workTime": "Ежедневно 10:00-21:00", "pickupType": 4, "fittingRooms": 2, "status": null }, "geometry": { "type": "Point", "coordinates": [ 4186508.975727972108871, 7513866.115062790922821 ] } },
{ "type": "Feature", "properties": { "id": 204035, "address": "Москва, Москва, Малая Бронная улица, 42/14", "workTime": "Ежедневно 10:00-21:00", "pickupType": 4, "fittingRooms": 2, "status": null }, "geometry": { "type": "Point", "coordinates": [ 4184734.988322690594941, 7511810.752131181769073 ] } },
{ "type": "Feature", "properties": { "id": 204042, "address": "Москва, Алма-Атинская Улица 3к1", "workTime": "Ежедневно 10:00-21:00", "pickupType": 3, "fittingRooms": 3, "status": null }, "geometry": { "type": "Point", "coordinates": [ 4204409.929083965718746, 7487645.226796613074839 ] } },
{ "type": "Feature", "properties": { "id": 204068, "address": "Москва, Москва, Вильнюсская улица, 5", "workTime": "Ежедневно 10:00-21:00", "pickupType": 4, "fittingRooms": 2, "status": null }, "geometry": { "type": "Point", "coordinates": [ 4177050.047275777440518, 7479937.674668447114527 ] } },
{ "type": "Feature", "properties": { "id": 204080, "address": "Москва, Херсонская Улица 18", "workTime": "Ежедневно 10:00-21:00", "pickupType": 3, "fittingRooms": 2, "status": null }, "geometry": { "type": "Point", "coordinates": [ 4182010.109827052801847, 7489461.743265859782696 ] } },
{ "type": "Feature", "properties": { "id": 204088, "address": "Москва, Москва, Шипиловская улица, 1", "workTime": "Ежедневно 10:00-21:00", "pickupType": 4, "fittingRooms": 2, "status": null }, "geometry": { "type": "Point", "coordinates": [ 4196451.030770209617913, 7482753.724751375615597 ] } },
{ "type": "Feature", "properties": { "id": 204143, "address": "Москва, Улица Академика Петровского 5с1", "workTime": "Ежедневно 10:00-21:00", "pickupType": 3, "fittingRooms": 2, "status": null }, "geometry": { "type": "Point", "coordinates": [ 4186061.248736001551151, 7503070.988574753515422 ] } },
{ "type": "Feature", "properties": { "id": 204146, "address": "Москва, Улица Лётчика Грицевца 11", "workTime": "Ежедневно 09:00-21:00", "pickupType": 3, "fittingRooms": 2, "status": null }, "geometry": { "type": "Point", "coordinates": [ 4153172.239139600656927, 7483978.38017997238785 ] } },
{ "type": "Feature", "properties": { "id": 204154, "address": "Москва, Варшавское Шоссе 122", "workTime": "Ежедневно 10:00-22:00", "pickupType": 3, "fittingRooms": 2, "status": null }, "geometry": { "type": "Point", "coordinates": [ 4187438.159517623018473, 7484763.310510133393109 ] } },
{ "type": "Feature", "properties": { "id": 204158, "address": "Москва, Первомайская Улица 1", "workTime": "Ежедневно 10:00-21:00", "pickupType": 3, "fittingRooms": 3, "status": null }, "geometry": { "type": "Point", "coordinates": [ 4204729.082064070738852, 7516843.46383092366159 ] } },
{ "type": "Feature", "properties": { "id": 204164, "address": "Москва, 11-Я Парковая Улица 8", "workTime": "Ежедневно 10:00-21:00", "pickupType": 3, "fittingRooms": 4, "status": null }, "geometry": { "type": "Point", "coordinates": [ 4208647.750778974965215, 7516740.10840199701488 ] } },
{ "type": "Feature", "properties": { "id": 204181, "address": "Москва, Заревый Проезд 2", "workTime": "Ежедневно 10:00-21:00", "pickupType": 3, "fittingRooms": 2, "status": null }, "geometry": { "type": "Point", "coordinates": [ 4192195.954554127994925, 7535237.434470308944583 ] } },
{ "type": "Feature", "properties": { "id": 204183, "address": "Москва, Шоссейная Улица 52", "workTime": "Ежедневно 10:00-21:00", "pickupType": 3, "fittingRooms": 2, "status": null }, "geometry": { "type": "Point", "coordinates": [ 4199382.406921269372106, 7495340.730738401412964 ] } },
{ "type": "Feature", "properties": { "id": 204187, "address": "Москва, Проспект Андропова 22", "workTime": "Ежедневно 10:00-21:00", "pickupType": 3, "fittingRooms": 2, "status": null }, "geometry": { "type": "Point", "coordinates": [ 4192354.918786980677396, 7495691.606158203445375 ] } },
{ "type": "Feature", "properties": { "id": 204195, "address": "Москва, Москва, улица Поляны, 5Ак1", "workTime": "Ежедневно 10:00-21:00", "pickupType": 4, "fittingRooms": 2, "status": null }, "geometry": { "type": "Point", "coordinates": [ 4180494.049681939650327, 7470371.20306542608887 ] } },
{ "type": "Feature", "properties": { "id": 204207, "address": "Москва, Москва, улица Генерала Белова, 57", "workTime": "Ежедневно 10:00-21:00", "pickupType": 4, "fittingRooms": 2, "status": null }, "geometry": { "type": "Point", "coordinates": [ 4199787.053270302712917, 7479834.41797671187669 ] } },
{ "type": "Feature", "properties": { "id": 204223, "address": "Москва, Улица Кравченко 4к1", "workTime": "Ежедневно 09:00-21:00", "pickupType": 3, "fittingRooms": 2, "status": null }, "geometry": { "type": "Point", "coordinates": [ 4176876.945467593614012, 7494040.833796172402799 ] } },
{ "type": "Feature", "properties": { "id": 204229, "address": "Москва, Таганрогская Улица 11к3", "workTime": "Ежедневно 10:00-21:00", "pickupType": 3, "fittingRooms": 2, "status": null }, "geometry": { "type": "Point", "coordinates": [ 4203004.965790663845837, 7494721.357047555036843 ] } },
{ "type": "Feature", "properties": { "id": 204235, "address": "Москва, Москва, улица Столетова, 19", "workTime": "Ежедневно 10:00-21:00", "pickupType": 4, "fittingRooms": 2, "status": null }, "geometry": { "type": "Point", "coordinates": [ 4174233.775478198193014, 7499506.455329211428761 ] } },
{ "type": "Feature", "properties": { "id": 204246, "address": "Москва, Москва, Конный переулок, 4", "workTime": "Ежедневно 10:00-21:00", "pickupType": 4, "fittingRooms": 2, "status": null }, "geometry": { "type": "Point", "coordinates": [ 4187152.906216771807522, 7503153.385726109147072 ] } },
{ "type": "Feature", "properties": { "id": 204247, "address": "Москва, Рязановское шоссе 31к1", "workTime": "Ежедневно 10:00-21:00", "pickupType": null, "fittingRooms": 2, "status": null }, "geometry": { "type": "Point", "coordinates": [ 4177859.006015371531248, 7454859.64201420918107 ] } },
{ "type": "Feature", "properties": { "id": 204251, "address": "Москва, Кировоградская Улица 36", "workTime": "Ежедневно 10:00-21:00", "pickupType": 3, "fittingRooms": 3, "status": null }, "geometry": { "type": "Point", "coordinates": [ 4185566.878877388313413, 7480161.730668914504349 ] } },
{ "type": "Feature", "properties": { "id": 204314, "address": "Москва, Ереванская Улица 28к1", "workTime": "Ежедневно 10:00-21:00", "pickupType": 3, "fittingRooms": 2, "status": null }, "geometry": { "type": "Point", "coordinates": [ 4194312.02675461769104, 7484665.904623904265463 ] } },
{ "type": "Feature", "properties": { "id": 204319, "address": "Москва, Балаклавский Проспект 16", "workTime": "Ежедневно 10:00-21:00", "pickupType": 3, "fittingRooms": 2, "status": null }, "geometry": { "type": "Point", "coordinates": [ 4186108.002922134939581, 7487502.811654237098992 ] } },
{ "type": "Feature", "properties": { "id": 204330, "address": "Москва, Проезд Шокальского 33", "workTime": "Ежедневно 10:00-21:00", "pickupType": 3, "fittingRooms": 3, "status": null }, "geometry": { "type": "Point", "coordinates": [ 4190989.807871383149177, 7535105.252400247380137 ] } },
{ "type": "Feature", "properties": { "id": 204340, "address": "Москва, Автозаводская Улица 23бк2", "workTime": "Ежедневно 10:00-21:00", "pickupType": 3, "fittingRooms": 2, "status": null }, "geometry": { "type": "Point", "coordinates": [ 4191356.048996093217283, 7499173.778401467949152 ] } },
{ "type": "Feature", "properties": { "id": 204355, "address": "г Москва, Новокосинская Улица 11к1", "workTime": "Ежедневно 10:00-21:00", "pickupType": 3, "fittingRooms": 4, "status": null }, "geometry": { "type": "Point", "coordinates": [ 4213916.836236692965031, 7505800.582572337239981 ] } },
{ "type": "Feature", "properties": { "id": 204389, "address": "Москва, 2-я Карачаровская улица 6/16", "workTime": "Ежедневно 10:00-21:00", "pickupType": null, "fittingRooms": 2, "status": null }, "geometry": { "type": "Point", "coordinates": [ 4202513.044960848987103, 7505674.835566382855177 ] } },
{ "type": "Feature", "properties": { "id": 204400, "address": "Москва, Улица Васильцовский Стан 11", "workTime": "Ежедневно 10:00-21:00", "pickupType": 3, "fittingRooms": 3, "status": null }, "geometry": { "type": "Point", "coordinates": [ 4202470.409595875069499, 7502216.607370812445879 ] } },
{ "type": "Feature", "properties": { "id": 204408, "address": "Москва, Ленинский Проспект 57", "workTime": "Ежедневно 10:00-21:00", "pickupType": 3, "fittingRooms": 3, "status": null }, "geometry": { "type": "Point", "coordinates": [ 4181332.953364558052272, 7498248.917040552943945 ] } },
{ "type": "Feature", "properties": { "id": 204416, "address": "Москва, Наставнический Переулок 6", "workTime": "Ежедневно 10:00-21:00", "pickupType": 3, "fittingRooms": 3, "status": null }, "geometry": { "type": "Point", "coordinates": [ 4192614.738478492945433, 7509128.086585291661322 ] } },
{ "type": "Feature", "properties": { "id": 204429, "address": "Москва, Улица Старый Гай 8д", "workTime": "Ежедневно 10:00-21:00", "pickupType": 3, "fittingRooms": 3, "status": null }, "geometry": { "type": "Point", "coordinates": [ 4210726.976228011772037, 7506877.226891573518515 ] } },
{ "type": "Feature", "properties": { "id": 204436, "address": "Москва, Москва, Нарвская улица, 5А", "workTime": "Ежедневно 10:00-21:00", "pickupType": 4, "fittingRooms": 2, "status": null }, "geometry": { "type": "Point", "coordinates": [ 4174980.395302947610617, 7525134.625337515957654 ] } },
{ "type": "Feature", "properties": { "id": 204440, "address": "Москва, Зеленоград к1006", "workTime": "Ежедневно 10:00-21:00", "pickupType": 3, "fittingRooms": 2, "status": null }, "geometry": { "type": "Point", "coordinates": [ 4138305.298505178187042, 7555409.464259167201817 ] } },
{ "type": "Feature", "properties": { "id": 204449, "address": "Москва, 2-Й Лихачёвский Переулок 11", "workTime": "Ежедневно 10:00-21:00", "pickupType": 3, "fittingRooms": 2, "status": null }, "geometry": { "type": "Point", "coordinates": [ 4178716.054774988908321, 7527799.865076292306185 ] } },
{ "type": "Feature", "properties": { "id": 204451, "address": "Москва, Суздальская Улица 10к3", "workTime": "Ежедневно 10:00-21:00", "pickupType": 3, "fittingRooms": 3, "status": null }, "geometry": { "type": "Point", "coordinates": [ 4213445.95479063782841, 7506270.965718759223819 ] } },
{ "type": "Feature", "properties": { "id": 204503, "address": "Москва, Амурская Улица 14", "workTime": "Ежедневно 10:00-21:00", "pickupType": 3, "fittingRooms": 2, "status": null }, "geometry": { "type": "Point", "coordinates": [ 4203937.934443002566695, 7520158.898288976401091 ] } },
{ "type": "Feature", "properties": { "id": 204526, "address": "Москва, Улица Маршала Катукова 19к1", "workTime": "Ежедневно 10:00-21:00", "pickupType": 3, "fittingRooms": 3, "status": null }, "geometry": { "type": "Point", "coordinates": [ 4164664.529410625807941, 7520378.181917677633464 ] } },
{ "type": "Feature", "properties": { "id": 204532, "address": "Москва, Улица Академика Варги 22а", "workTime": "Ежедневно 10:00-21:00", "pickupType": 3, "fittingRooms": 2, "status": null }, "geometry": { "type": "Point", "coordinates": [ 4171318.095375339966267, 7485887.510618261992931 ] } },
{ "type": "Feature", "properties": { "id": 204580, "address": "Москва, Москва, Юровская улица, 95к1", "workTime": "Ежедневно 10:00-21:00", "pickupType": 4, "fittingRooms": 2, "status": null }, "geometry": { "type": "Point", "coordinates": [ 4160921.968130155932158, 7538530.412943254224956 ] } },
{ "type": "Feature", "properties": { "id": 204582, "address": "Москва, Улица Главмосстроя 14", "workTime": "Ежедневно 10:00-21:00", "pickupType": 3, "fittingRooms": 2, "status": null }, "geometry": { "type": "Point", "coordinates": [ 4164257.434032795485109, 7489967.832016199827194 ] } },
{ "type": "Feature", "properties": { "id": 204586, "address": "Москва, Москва, улица Фадеева, 6с1", "workTime": "Ежедневно 10:00-21:00", "pickupType": 4, "fittingRooms": 2, "status": null }, "geometry": { "type": "Point", "coordinates": [ 4185439.974657884333283, 7513867.104681944474578 ] } },
{ "type": "Feature", "properties": { "id": 204589, "address": "Москва, Изюмская улица, 37к2", "workTime": "Ежедневно 10:00-21:00", "pickupType": 4, "fittingRooms": 2, "status": null }, "geometry": { "type": "Point", "coordinates": [ 4182329.432569379918277, 7469576.975087342783809 ] } },
{ "type": "Feature", "properties": { "id": 204590, "address": "Москва, Никитинская Улица 33", "workTime": "Ежедневно 10:00-21:00", "pickupType": 3, "fittingRooms": 3, "status": null }, "geometry": { "type": "Point", "coordinates": [ 4204902.629150217399001, 7519856.824008140712976 ] } },
{ "type": "Feature", "properties": { "id": 204596, "address": "Москва, Улица Саморы Машела 4к2", "workTime": "Ежедневно 10:00-21:00", "pickupType": 3, "fittingRooms": 2, "status": null }, "geometry": { "type": "Point", "coordinates": [ 4174283.201332110445946, 7488644.573643879964948 ] } },
{ "type": "Feature", "properties": { "id": 204602, "address": "Москва, улица Седова, 13к1", "workTime": "Ежедневно 10:00-21:00", "pickupType": 4, "fittingRooms": 2, "status": null }, "geometry": { "type": "Point", "coordinates": [ 4189875.054490579757839, 7528978.343937715515494 ] } },
{ "type": "Feature", "properties": { "id": 204604, "address": "Москва, Улица Панфёрова 16к1", "workTime": "Ежедневно 10:00-21:00", "pickupType": 3, "fittingRooms": 2, "status": null }, "geometry": { "type": "Point", "coordinates": [ 4179487.05356822302565, 7495204.294460764154792 ] } },
{ "type": "Feature", "properties": { "id": 204605, "address": "Москва, Ленинградский Проспект 66", "workTime": "Ежедневно 10:00-21:00", "pickupType": 3, "fittingRooms": 2, "status": null }, "geometry": { "type": "Point", "coordinates": [ 4177460.259599350392818, 7519236.073745954781771 ] } },
{ "type": "Feature", "properties": { "id": 204649, "address": "Москва, 9-Я Северная Линия 25к2", "workTime": "Ежедневно 10:00-21:00", "pickupType": 3, "fittingRooms": 2, "status": null }, "geometry": { "type": "Point", "coordinates": [ 4180569.524296697229147, 7545213.9994126111269 ] } },
{ "type": "Feature", "properties": { "id": 204651, "address": "Москва, Москва, улица Гримау, 10", "workTime": "Пн 10:00 – 21:00\nВт 10:00 – 21:00\nСр 10:00 – 21:00\nЧт 10:00 – 21:00\nПт 10:00 – 21:00\nСб 10:00 – 21:00\nВс 10:00 – 19:00\nДополнительная информация: 09.05.2023 работает 10-19", "pickupType": 4, "fittingRooms": 3, "status": null }, "geometry": { "type": "Point", "coordinates": [ 4183302.974393126089126, 7496934.11370970774442 ] } },
{ "type": "Feature", "properties": { "id": 204652, "address": "Москва, Москва, Паромная улица, 9к4", "workTime": "Ежедневно 10:00-21:00", "pickupType": 4, "fittingRooms": 2, "status": null }, "geometry": { "type": "Point", "coordinates": [ 4203809.026472663506866, 7486346.426888001151383 ] } },
{ "type": "Feature", "properties": { "id": 204697, "address": "Москва, Москва, улица Маршала Бирюзова, 22к3", "workTime": "Ежедневно 10:00-21:00", "pickupType": 4, "fittingRooms": 2, "status": null }, "geometry": { "type": "Point", "coordinates": [ 4173461.997448528651148, 7517978.880739883519709 ] } },
{ "type": "Feature", "properties": { "id": 204733, "address": "Москва, Грайвороновская Улица 19", "workTime": "Ежедневно 10:00-22:00", "pickupType": 3, "fittingRooms": 2, "status": null }, "geometry": { "type": "Point", "coordinates": [ 4200923.513951811939478, 7502676.495008903555572 ] } },
{ "type": "Feature", "properties": { "id": 204742, "address": "Москва, Москва, Азовская улица, 9к2", "workTime": "Ежедневно 10:00-21:00", "pickupType": 4, "fittingRooms": 3, "status": null }, "geometry": { "type": "Point", "coordinates": [ 4185838.072192593943328, 7490636.933420900255442 ] } },
{ "type": "Feature", "properties": { "id": 204770, "address": "Москва, Молодогвардейская Улица 25к1", "workTime": "Ежедневно 10:00-21:00", "pickupType": 3, "fittingRooms": 2, "status": null }, "geometry": { "type": "Point", "coordinates": [ 4165500.984064446762204, 7505538.414244974963367 ] } },
{ "type": "Feature", "properties": { "id": 204781, "address": "Москва, Большой Рогожский Переулок 10к1", "workTime": "Ежедневно 10:00-21:00", "pickupType": 3, "fittingRooms": 2, "status": null }, "geometry": { "type": "Point", "coordinates": [ 4193234.008805775083601, 7507329.284320086240768 ] } },
{ "type": "Feature", "properties": { "id": 204784, "address": "Москва, Проспект Защитников Москвы 13", "workTime": "пн - пт 10:00-22:00 сб, вс 10:00-21:00", "pickupType": 3, "fittingRooms": 3, "status": null }, "geometry": { "type": "Point", "coordinates": [ 4221577.620954104699194, 7499525.223160249181092 ] } },
{ "type": "Feature", "properties": { "id": 204785, "address": "Москва, Новомарьинская улица 5к2", "workTime": "Ежедневно 10:00-21:00", "pickupType": null, "fittingRooms": 2, "status": null }, "geometry": { "type": "Point", "coordinates": [ 4202089.029020416550338, 7489657.466445381753147 ] } },
{ "type": "Feature", "properties": { "id": 204812, "address": "Москва, Ленинский Проспект 105к3", "workTime": "Ежедневно 10:00-21:00", "pickupType": 3, "fittingRooms": 2, "status": null }, "geometry": { "type": "Point", "coordinates": [ 4176439.014590812381357, 7491865.220082988031209 ] } },
{ "type": "Feature", "properties": { "id": 204827, "address": "Москва, Дмитровское Шоссе 25к1", "workTime": "Ежедневно 10:00-21:00", "pickupType": 3, "fittingRooms": 2, "status": null }, "geometry": { "type": "Point", "coordinates": [ 4182411.193952380679548, 7523664.023255105130374 ] } },
{ "type": "Feature", "properties": { "id": 204831, "address": "Москва, Варшавское Шоссе 152", "workTime": "Ежедневно 10:00-21:00", "pickupType": 3, "fittingRooms": 3, "status": null }, "geometry": { "type": "Point", "coordinates": [ 4185544.392340248450637, 7477887.775130062364042 ] } },
{ "type": "Feature", "properties": { "id": 204841, "address": "Москва, Нагатинская Набережная 18к1", "workTime": "Ежедневно 10:00-21:00", "pickupType": 3, "fittingRooms": 2, "status": null }, "geometry": { "type": "Point", "coordinates": [ 4191979.215505553409457, 7495745.315001362934709 ] } },
{ "type": "Feature", "properties": { "id": 204861, "address": "Москва, Москва, Соколово-Мещерская улица, 25", "workTime": "Ежедневно 10:00-21:00", "pickupType": 4, "fittingRooms": 2, "status": null }, "geometry": { "type": "Point", "coordinates": [ 4161636.475064800586551, 7539335.809846185147762 ] } },
{ "type": "Feature", "properties": { "id": 204871, "address": "Москва, Москва, Ереванская улица, 8", "workTime": "Ежедневно 10:00-21:00", "pickupType": 4, "fittingRooms": 2, "status": null }, "geometry": { "type": "Point", "coordinates": [ 4193379.948658205103129, 7485045.676211966201663 ] } },
{ "type": "Feature", "properties": { "id": 204873, "address": "Москва, улица Эдварда Грига 17", "workTime": "Ежедневно 10:00-21:00", "pickupType": 4, "fittingRooms": 2, "status": null }, "geometry": { "type": "Point", "coordinates": [ 4175448.271122752223164, 7470449.337986981496215 ] } },
{ "type": "Feature", "properties": { "id": 204917, "address": "Москва, Москва, улица Скульптора Мухиной, 3", "workTime": "Ежедневно 10:00-21:00", "pickupType": 4, "fittingRooms": 2, "status": null }, "geometry": { "type": "Point", "coordinates": [ 4157483.309059551917017, 7487469.871129473671317 ] } },
{ "type": "Feature", "properties": { "id": 204947, "address": "Москва, Москва, Хвалынский бульвар, 4к1", "workTime": "Ежедневно 10:00-21:00", "pickupType": 4, "fittingRooms": 2, "status": null }, "geometry": { "type": "Point", "coordinates": [ 4213570.966578798368573, 7498761.90313446521759 ] } },
{ "type": "Feature", "properties": { "id": 205000, "address": "Москва, Москва, Береговой проезд, 2с3", "workTime": "Ежедневно 10:00-22:00", "pickupType": 4, "fittingRooms": 2, "status": null }, "geometry": { "type": "Point", "coordinates": [ 4175300.50629859091714, 7510323.884471986442804 ] } },
{ "type": "Feature", "properties": { "id": 205034, "address": "Москва, Городецкая Улица 8к1", "workTime": "Ежедневно 10:00-21:00", "pickupType": 3, "fittingRooms": 2, "status": null }, "geometry": { "type": "Point", "coordinates": [ 4215284.062222615815699, 7506792.592660770751536 ] } },
{ "type": "Feature", "properties": { "id": 205043, "address": "Москва, Москва, Рязанский проспект, 78/1к2", "workTime": "Ежедневно 10:00-21:00", "pickupType": 4, "fittingRooms": 2, "status": null }, "geometry": { "type": "Point", "coordinates": [ 4210325.617477499879897, 7500755.119118405506015 ] } },
{ "type": "Feature", "properties": { "id": 205047, "address": "Москва, Боровая Улица 6", "workTime": "Ежедневно 10:00-21:00", "pickupType": 3, "fittingRooms": 2, "status": null }, "geometry": { "type": "Point", "coordinates": [ 4198159.005717451684177, 7513280.876534624025226 ] } },
{ "type": "Feature", "properties": { "id": 205055, "address": "Москва, Москва, улица Крылатские Холмы, 29", "workTime": "Ежедневно 10:00-21:00", "pickupType": 4, "fittingRooms": 2, "status": null }, "geometry": { "type": "Point", "coordinates": [ 4165291.035504810512066, 7510117.161490950733423 ] } },
{ "type": "Feature", "properties": { "id": 205072, "address": "Москва, Ярославское Шоссе 12к2", "workTime": "Ежедневно 10:00-21:00", "pickupType": 3, "fittingRooms": 2, "status": null }, "geometry": { "type": "Point", "coordinates": [ 4194924.840551434084773, 7529609.597287210635841 ] } },
{ "type": "Feature", "properties": { "id": 205080, "address": "Москва, Москва, Енисейская улица, 9А", "workTime": "Ежедневно 10:00-21:00", "pickupType": 4, "fittingRooms": 2, "status": null }, "geometry": { "type": "Point", "coordinates": [ 4192429.948123775888234, 7531533.62264512758702 ] } },
{ "type": "Feature", "properties": { "id": 205083, "address": "Москва, Москва, улица Фабрициуса, 22с1", "workTime": "Ежедневно 10:00-21:00", "pickupType": 4, "fittingRooms": 2, "status": null }, "geometry": { "type": "Point", "coordinates": [ 4168220.964502489659935, 7527379.91565375123173 ] } },
{ "type": "Feature", "properties": { "id": 205087, "address": "Москва, Москва, Новгородская улица, 5к1", "workTime": "Ежедневно 10:00-21:00", "pickupType": 4, "fittingRooms": 2, "status": null }, "geometry": { "type": "Point", "coordinates": [ 4183120.967025678604841, 7537114.426442924886942 ] } },
{ "type": "Feature", "properties": { "id": 205114, "address": "Москва, улица Мнёвники, 5", "workTime": "Ежедневно 10:00-21:00", "pickupType": 4, "fittingRooms": 2, "status": null }, "geometry": { "type": "Point", "coordinates": [ 4174201.047547904774547, 7513259.898230096325278 ] } },
{ "type": "Feature", "properties": { "id": 205116, "address": "Москва, Скандинавский бульвар 1к3", "workTime": "Ежедневно 10:00-21:00", "pickupType": null, "fittingRooms": 2, "status": null }, "geometry": { "type": "Point", "coordinates": [ 4174076.035759744234383, 7473201.29284888971597 ] } },
{ "type": "Feature", "properties": { "id": 205124, "address": "Москва, Москва, улица Винокурова, 6", "workTime": "Ежедневно 10:00-21:00", "pickupType": 4, "fittingRooms": 2, "status": null }, "geometry": { "type": "Point", "coordinates": [ 4183895.973320581950247, 7496689.624873574823141 ] } },
{ "type": "Feature", "properties": { "id": 205126, "address": "Москва, Москва, Ярцевская улица, 4", "workTime": "Ежедневно 10:00-21:00", "pickupType": 4, "fittingRooms": 2, "status": null }, "geometry": { "type": "Point", "coordinates": [ 4164297.954327443614602, 7505902.209794324822724 ] } },
{ "type": "Feature", "properties": { "id": 205129, "address": "Москва, Улица Твардовского 8к3", "workTime": "Ежедневно 10:00-21:00", "pickupType": 3, "fittingRooms": 2, "status": null }, "geometry": { "type": "Point", "coordinates": [ 4162270.603761116974056, 7517538.673980819992721 ] } },
{ "type": "Feature", "properties": { "id": 205139, "address": "Москва, Москва, Воротынская улица, 6", "workTime": "Ежедневно 10:00-21:00", "pickupType": 4, "fittingRooms": 2, "status": null }, "geometry": { "type": "Point", "coordinates": [ 4163389.030685117002577, 7536178.453757449053228 ] } },
{ "type": "Feature", "properties": { "id": 205176, "address": "Москва, Москва, 1-й Вражский переулок, 4", "workTime": "Ежедневно 10:00-21:00", "pickupType": 4, "fittingRooms": 2, "status": null }, "geometry": { "type": "Point", "coordinates": [ 4182739.029852767474949, 7506820.276652808301151 ] } },
{ "type": "Feature", "properties": { "id": 205190, "address": "Москва, Южнобутовская Улица 125", "workTime": "Ежедневно 10:00-21:00", "pickupType": 3, "fittingRooms": 2, "status": null }, "geometry": { "type": "Point", "coordinates": [ 4176103.163687088992447, 7465947.928265197202563 ] } },
{ "type": "Feature", "properties": { "id": 205192, "address": "Москва, Улица Мусы Джалиля 7к1", "workTime": "Ежедневно 10:00-21:00", "pickupType": 3, "fittingRooms": 3, "status": null }, "geometry": { "type": "Point", "coordinates": [ 4201545.121988400816917, 7484693.312228891067207 ] } },
{ "type": "Feature", "properties": { "id": 205241, "address": "Москва, Васильевская Улица 3", "workTime": "Ежедневно 10:00-21:00", "pickupType": 3, "fittingRooms": 2, "status": null }, "geometry": { "type": "Point", "coordinates": [ 4183999.945724981836975, 7512863.102365565486252 ] } },
{ "type": "Feature", "properties": { "id": 205243, "address": "г Москва, Кастанаевская Улица 54к3", "workTime": "Ежедневно 10:00-21:00", "pickupType": 3, "fittingRooms": 2, "status": null }, "geometry": { "type": "Point", "coordinates": [ 4170922.243266079574823, 7505954.803395784460008 ] } },
{ "type": "Feature", "properties": { "id": 205246, "address": "Москва, Новолесная Улица 3к2", "workTime": "Ежедневно 10:00-21:00", "pickupType": 3, "fittingRooms": 2, "status": null }, "geometry": { "type": "Point", "coordinates": [ 4184574.910894930362701, 7515071.763253103010356 ] } },
{ "type": "Feature", "properties": { "id": 205261, "address": "Москва, Улица Недорубова 30", "workTime": "Ежедневно 10:00-21:00", "pickupType": 3, "fittingRooms": 3, "status": null }, "geometry": { "type": "Point", "coordinates": [ 4222798.016531671397388, 7500392.544280827976763 ] } },
{ "type": "Feature", "properties": { "id": 205271, "address": "Москва, Улица Дмитрия Ульянова 14к1", "workTime": "Ежедневно 10:00-21:00", "pickupType": 3, "fittingRooms": 2, "status": null }, "geometry": { "type": "Point", "coordinates": [ 4182162.283570967614651, 7496732.281495903618634 ] } },
{ "type": "Feature", "properties": { "id": 205302, "address": "Москва, Улица Михайлова 22к4", "workTime": "Ежедневно 10:00-21:00", "pickupType": 3, "fittingRooms": 3, "status": null }, "geometry": { "type": "Point", "coordinates": [ 4204510.673223134130239, 7504124.519606965593994 ] } },
{ "type": "Feature", "properties": { "id": 205304, "address": "Москва, Улица Тёплый Стан 11к1", "workTime": "Ежедневно 10:00-21:00", "pickupType": 3, "fittingRooms": 2, "status": null }, "geometry": { "type": "Point", "coordinates": [ 4173650.016068478580564, 7483743.370079288259149 ] } },
{ "type": "Feature", "properties": { "id": 205314, "address": "Москва, Щербинка, улица 40 лет Октября, 3", "workTime": "Ежедневно 10:00-21:00", "pickupType": 4, "fittingRooms": 2, "status": null }, "geometry": { "type": "Point", "coordinates": [ 4182108.96153487637639, 7461809.092746503651142 ] } },
{ "type": "Feature", "properties": { "id": 205320, "address": "Москва, Москва, улица Адмирала Лазарева, 68", "workTime": "Ежедневно 10:00-21:00", "pickupType": 4, "fittingRooms": 2, "status": null }, "geometry": { "type": "Point", "coordinates": [ 4175281.737164525780827, 7467066.641468367539346 ] } },
{ "type": "Feature", "properties": { "id": 205327, "address": "Москва, Москва, Флотская улица, 28к2", "workTime": "Ежедневно 10:00-21:00", "pickupType": 4, "fittingRooms": 2, "status": null }, "geometry": { "type": "Point", "coordinates": [ 4173086.865681366529316, 7528495.990764421410859 ] } },
{ "type": "Feature", "properties": { "id": 205342, "address": "Москва, Улица Лескова 19ас2", "workTime": "Ежедневно 10:00-21:00", "pickupType": 3, "fittingRooms": 3, "status": null }, "geometry": { "type": "Point", "coordinates": [ 4187485.025023247580975, 7537408.442608071491122 ] } },
{ "type": "Feature", "properties": { "id": 205363, "address": "Москва, Москва, Ильменский проезд, 17к1", "workTime": "Ежедневно 10:00-21:00", "pickupType": 4, "fittingRooms": 2, "status": null }, "geometry": { "type": "Point", "coordinates": [ 4179146.264309248887002, 7530788.677651137113571 ] } },
{ "type": "Feature", "properties": { "id": 205403, "address": "Москва, Москва, улица Большие Каменщики, 21/8", "workTime": "Ежедневно 08:00-22:00", "pickupType": 4, "fittingRooms": 2, "status": null }, "geometry": { "type": "Point", "coordinates": [ 4192019.624480711296201, 7505947.290002203546464 ] } },
{ "type": "Feature", "properties": { "id": 205404, "address": "Москва, Бирюлёвская Улица 41/7", "workTime": "Ежедневно 10:00-21:00", "pickupType": 3, "fittingRooms": 2, "status": null }, "geometry": { "type": "Point", "coordinates": [ 4192982.315437091980129, 7476798.814698440022767 ] } },
{ "type": "Feature", "properties": { "id": 205407, "address": "Москва, Троицк, Нагорная улица, 8", "workTime": "Ежедневно 10:00-21:00", "pickupType": 4, "fittingRooms": 2, "status": null }, "geometry": { "type": "Point", "coordinates": [ 4152161.012885235715657, 7458182.770186328329146 ] } },
{ "type": "Feature", "properties": { "id": 205409, "address": "Москва, Чечёрский Проезд 12", "workTime": "Ежедневно 10:00-21:00", "pickupType": 3, "fittingRooms": 2, "status": null }, "geometry": { "type": "Point", "coordinates": [ 4179215.990608141757548, 7467729.447657033801079 ] } },
{ "type": "Feature", "properties": { "id": 205421, "address": "Москва, Москва, Ангарская улица, 67к3", "workTime": "Ежедневно 10:00-21:00", "pickupType": 4, "fittingRooms": 2, "status": null }, "geometry": { "type": "Point", "coordinates": [ 4177215.022761132568121, 7535665.354744835756719 ] } },
{ "type": "Feature", "properties": { "id": 205425, "address": "Москва, Москва, улица 800-летия Москвы, 12", "workTime": "Ежедневно 10:00-21:00", "pickupType": 4, "fittingRooms": 2, "status": null }, "geometry": { "type": "Point", "coordinates": [ 4179371.340519767720252, 7533989.645893717184663 ] } },
{ "type": "Feature", "properties": { "id": 205450, "address": "Москва, Москва, Липецкая улица, 22", "workTime": "Ежедневно 10:00-21:00", "pickupType": 4, "fittingRooms": 3, "status": null }, "geometry": { "type": "Point", "coordinates": [ 4193614.053547343239188, 7477832.220251736231148 ] } },
{ "type": "Feature", "properties": { "id": 205467, "address": "Москва, Новомарьинская улица 14/15", "workTime": "Ежедневно 10:00-21:00", "pickupType": null, "fittingRooms": 2, "status": null }, "geometry": { "type": "Point", "coordinates": [ 4203214.358420763164759, 7489898.451897202059627 ] } },
{ "type": "Feature", "properties": { "id": 205470, "address": "Москва, Ереванская Улица 24к1", "workTime": "Ежедневно 10:00-21:00", "pickupType": 3, "fittingRooms": 2, "status": null }, "geometry": { "type": "Point", "coordinates": [ 4194053.98817495862022, 7484823.253204254433513 ] } },
{ "type": "Feature", "properties": { "id": 205479, "address": "Москва, Стрельбищенский Переулок 5", "workTime": "Ежедневно 10:00-21:00", "pickupType": 3, "fittingRooms": 2, "status": null }, "geometry": { "type": "Point", "coordinates": [ 4178773.050354274921119, 7510413.908688256517053 ] } },
{ "type": "Feature", "properties": { "id": 205491, "address": "Москва, Павелецкая Набережная 10к2", "workTime": "Ежедневно 10:00-21:00", "pickupType": 3, "fittingRooms": 2, "status": null }, "geometry": { "type": "Point", "coordinates": [ 4190588.055829110089689, 7501148.516831863671541 ] } },
{ "type": "Feature", "properties": { "id": 205517, "address": "Москва, Клязьминская Улица 32к2", "workTime": "Ежедневно 10:00-21:00", "pickupType": 3, "fittingRooms": 2, "status": null }, "geometry": { "type": "Point", "coordinates": [ 4178096.450489234179258, 7537400.104385302402079 ] } },
{ "type": "Feature", "properties": { "id": 205518, "address": "Москва, Перервинский Бульвар 14к2", "workTime": "Ежедневно 10:00-21:00", "pickupType": 3, "fittingRooms": 2, "status": null }, "geometry": { "type": "Point", "coordinates": [ 4204310.186820215545595, 7490219.606255158782005 ] } },
{ "type": "Feature", "properties": { "id": 205536, "address": "Москва, Улица Шолохова 19а", "workTime": "Ежедневно 10:00-22:00", "pickupType": 3, "fittingRooms": 5, "status": null }, "geometry": { "type": "Point", "coordinates": [ 4157030.016093041747808, 7487681.324126448482275 ] } },
{ "type": "Feature", "properties": { "id": 205537, "address": "Москва, Высоковольтный Проезд 1к3", "workTime": "Ежедневно 10:00-21:00", "pickupType": 3, "fittingRooms": 3, "status": null }, "geometry": { "type": "Point", "coordinates": [ 4184655.951484227087349, 7533244.425131396390498 ] } },
{ "type": "Feature", "properties": { "id": 205569, "address": "Москва, Проезд Шокальского 67к2", "workTime": "Ежедневно 10:00-21:00", "pickupType": 3, "fittingRooms": 2, "status": null }, "geometry": { "type": "Point", "coordinates": [ 4193638.655154808890074, 7535754.871686017140746 ] } },
{ "type": "Feature", "properties": { "id": 205590, "address": "Москва, Москва, улица Академика Виноградова, 4к2", "workTime": "Ежедневно 10:00-21:00", "pickupType": 4, "fittingRooms": 2, "status": null }, "geometry": { "type": "Point", "coordinates": [ 4173040.98713434766978, 7485480.484358610585332 ] } },
{ "type": "Feature", "properties": { "id": 205591, "address": "Москва, Москва, Митинская улица, 28", "workTime": "Ежедневно 10:00-21:00", "pickupType": 4, "fittingRooms": 2, "status": null }, "geometry": { "type": "Point", "coordinates": [ 4159753.002157336566597, 7527606.344463923946023 ] } },
{ "type": "Feature", "properties": { "id": 205610, "address": "Москва, Ясный Проезд 26к1", "workTime": "Ежедневно 10:00-21:00", "pickupType": 3, "fittingRooms": 2, "status": null }, "geometry": { "type": "Point", "coordinates": [ 4188244.780547911766917, 7534246.124219764955342 ] } },
{ "type": "Feature", "properties": { "id": 205626, "address": "Москва, Москва, 6-й Новоподмосковный переулок, 7", "workTime": "Ежедневно 10:00-21:00", "pickupType": 4, "fittingRooms": 2, "status": null }, "geometry": { "type": "Point", "coordinates": [ 4175853.85088571626693, 7523499.511049469932914 ] } },
{ "type": "Feature", "properties": { "id": 205639, "address": "Москва, Ленинский Проспект 45", "workTime": "Ежедневно 10:00-21:00", "pickupType": 3, "fittingRooms": 2, "status": null }, "geometry": { "type": "Point", "coordinates": [ 4182692.60962510574609, 7499575.797753114253283 ] } },
{ "type": "Feature", "properties": { "id": 205645, "address": "Москва, Улица Сталеваров 22к2", "workTime": "Ежедневно 09:00-21:00", "pickupType": 3, "fittingRooms": 2, "status": null }, "geometry": { "type": "Point", "coordinates": [ 4212145.297860208898783, 7509659.204047941602767 ] } },
{ "type": "Feature", "properties": { "id": 205646, "address": "Москва, Берёзовая Аллея 5", "workTime": "Ежедневно 10:00-21:00", "pickupType": 3, "fittingRooms": 3, "status": null }, "geometry": { "type": "Point", "coordinates": [ 4186650.574120260775089, 7529214.338981091044843 ] } },
{ "type": "Feature", "properties": { "id": 205648, "address": "Москва, Ракетный Бульвар 17", "workTime": "Ежедневно 10:00-21:00", "pickupType": 3, "fittingRooms": 2, "status": null }, "geometry": { "type": "Point", "coordinates": [ 4191819.694675247184932, 7522541.242929159663618 ] } },
{ "type": "Feature", "properties": { "id": 205661, "address": "Москва, Москва, Веерная улица, 3к5", "workTime": "Ежедневно 10:00-21:00", "pickupType": 4, "fittingRooms": 2, "status": null }, "geometry": { "type": "Point", "coordinates": [ 4171971.986064260825515, 7500181.928417812101543 ] } },
{ "type": "Feature", "properties": { "id": 205665, "address": "Москва, Литовский Бульвар 22", "workTime": "Ежедневно 10:00-21:00", "pickupType": 3, "fittingRooms": 4, "status": null }, "geometry": { "type": "Point", "coordinates": [ 4178731.639503699727356, 7481543.454326423816383 ] } },
{ "type": "Feature", "properties": { "id": 205666, "address": "Москва, Москва, Нижний Сусальный переулок, 5с1", "workTime": "Ежедневно 10:00-21:00", "pickupType": 4, "fittingRooms": 3, "status": null }, "geometry": { "type": "Point", "coordinates": [ 4192648.566245354246348, 7511103.460898450575769 ] } },
{ "type": "Feature", "properties": { "id": 205718, "address": "Москва, Москва, Севастопольский проспект, 14к1", "workTime": "Ежедневно 10:00-21:00", "pickupType": 4, "fittingRooms": 2, "status": null }, "geometry": { "type": "Point", "coordinates": [ 4185617.97452366258949, 7495972.002028401009738 ] } },
{ "type": "Feature", "properties": { "id": 205719, "address": "Москва, Ткацкая улица 46", "workTime": "Ежедневно 10:00-21:00", "pickupType": null, "fittingRooms": 2, "status": null }, "geometry": { "type": "Point", "coordinates": [ 4201250.452394463121891, 7516068.677546045742929 ] } },
{ "type": "Feature", "properties": { "id": 205723, "address": "Москва, Москва, улица Островитянова, 11к1", "workTime": "Ежедневно 10:00-21:00", "pickupType": 4, "fittingRooms": 3, "status": null }, "geometry": { "type": "Point", "coordinates": [ 4174543.630163875408471, 7487463.631184210069478 ] } },
{ "type": "Feature", "properties": { "id": 205733, "address": "Москва, Москва, улица Адмирала Лазарева, 55", "workTime": "Ежедневно 10:00-21:00", "pickupType": null, "fittingRooms": 2, "status": null }, "geometry": { "type": "Point", "coordinates": [ 4175816.73863727832213, 7467404.037937695160508 ] } },
{ "type": "Feature", "properties": { "id": 205745, "address": "Москва, Гурьевский Проезд 11к1", "workTime": "Ежедневно 10:00-21:00", "pickupType": 3, "fittingRooms": 2, "status": null }, "geometry": { "type": "Point", "coordinates": [ 4201677.81482142675668, 7479355.592950628139079 ] } },
{ "type": "Feature", "properties": { "id": 205746, "address": "Москва, Москва, улица Павла Корчагина, 2/1", "workTime": "Ежедневно 10:00-21:00", "pickupType": 4, "fittingRooms": 2, "status": null }, "geometry": { "type": "Point", "coordinates": [ 4191783.96111870277673, 7521057.465906986035407 ] } },
{ "type": "Feature", "properties": { "id": 205898, "address": "Москва, Малая Черкизовская Улица 66", "workTime": "Ежедневно 10:00-21:00", "pickupType": 3, "fittingRooms": 2, "status": null }, "geometry": { "type": "Point", "coordinates": [ 4198280.455281906761229, 7520066.392973471432924 ] } },
{ "type": "Feature", "properties": { "id": 205910, "address": "Москва, Улица Рогова 15к1", "workTime": "Ежедневно 10:00-22:00", "pickupType": 3, "fittingRooms": 2, "status": null }, "geometry": { "type": "Point", "coordinates": [ 4169746.932082283776253, 7517871.351533462293446 ] } },
{ "type": "Feature", "properties": { "id": 205913, "address": "Москва, Улица Горчакова 1к1", "workTime": "Ежедневно 10:00-21:00", "pickupType": 3, "fittingRooms": 2, "status": null }, "geometry": { "type": "Point", "coordinates": [ 4177525.492820954881608, 7468841.728249479085207 ] } },
{ "type": "Feature", "properties": { "id": 205915, "address": "Москва, Улица Гарибальди 36", "workTime": "Ежедневно 09:00-21:00", "pickupType": 3, "fittingRooms": 2, "status": null }, "geometry": { "type": "Point", "coordinates": [ 4180879.660398047417402, 7492863.928730703890324 ] } },
{ "type": "Feature", "properties": { "id": 205934, "address": "Москва, Малая Ботаническая Улица 3", "workTime": "Ежедневно 10:00-21:00", "pickupType": 3, "fittingRooms": 2, "status": null }, "geometry": { "type": "Point", "coordinates": [ 4184832.949474588036537, 7525122.137912475503981 ] } },
{ "type": "Feature", "properties": { "id": 205943, "address": "Москва, Москва, улица Берзарина, 30А", "workTime": "Ежедневно 10:00-21:00", "pickupType": 4, "fittingRooms": 2, "status": null }, "geometry": { "type": "Point", "coordinates": [ 4171543.750669849570841, 7516544.783293426968157 ] } },
{ "type": "Feature", "properties": { "id": 205949, "address": "Москва, Москва, Онежская улица, 9/4", "workTime": "Ежедневно 10:00-21:00", "pickupType": 4, "fittingRooms": 2, "status": null }, "geometry": { "type": "Point", "coordinates": [ 4176780.988066529855132, 7528158.565208676271141 ] } },
{ "type": "Feature", "properties": { "id": 205951, "address": "Москва, Москва, Дубнинская улица, 22к5", "workTime": "Ежедневно 10:00-21:00", "pickupType": 4, "fittingRooms": 2, "status": null }, "geometry": { "type": "Point", "coordinates": [ 4181375.032132077030838, 7533030.926077132113278 ] } },
{ "type": "Feature", "properties": { "id": 205966, "address": "Москва, Дмитровское Шоссе 46к1", "workTime": "Ежедневно 10:00-21:00", "pickupType": 3, "fittingRooms": 5, "status": null }, "geometry": { "type": "Point", "coordinates": [ 4182347.185245174914598, 7527337.287506204098463 ] } },
{ "type": "Feature", "properties": { "id": 206009, "address": "Москва, Москва, Печорская улица, 6к1", "workTime": "Ежедневно 10:00-21:00", "pickupType": 4, "fittingRooms": 2, "status": null }, "geometry": { "type": "Point", "coordinates": [ 4193390.969287794083357, 7531508.627071023918688 ] } },
{ "type": "Feature", "properties": { "id": 206010, "address": "Москва, Улица Исаковского 28к2", "workTime": "Ежедневно 10:00-21:00", "pickupType": 3, "fittingRooms": 2, "status": null }, "geometry": { "type": "Point", "coordinates": [ 4164918.115210653748363, 7520211.589178895577788 ] } },
{ "type": "Feature", "properties": { "id": 206013, "address": "Москва, Улица Харлампиева 50к3", "workTime": "Ежедневно 10:00-21:00", "pickupType": 3, "fittingRooms": 2, "status": null }, "geometry": { "type": "Point", "coordinates": [ 4153426.04757861001417, 7469069.004975386895239 ] } },
{ "type": "Feature", "properties": { "id": 206015, "address": "Москва, Москва, Коровинское шоссе, 19", "workTime": "Ежедневно 10:00-21:00", "pickupType": 4, "fittingRooms": 2, "status": null }, "geometry": { "type": "Point", "coordinates": [ 4177304.968909692950547, 7533646.240046243183315 ] } },
{ "type": "Feature", "properties": { "id": 206048, "address": "Москва, Бачуринская Улица 7к2", "workTime": "Ежедневно 10:00-21:00", "pickupType": 3, "fittingRooms": 2, "status": null }, "geometry": { "type": "Point", "coordinates": [ 4171986.568917554337531, 7474728.873269634321332 ] } },
{ "type": "Feature", "properties": { "id": 206059, "address": "Москва, Жигулёвская улица 6к3", "workTime": "Ежедневно 10:00-21:00", "pickupType": null, "fittingRooms": 2, "status": null }, "geometry": { "type": "Point", "coordinates": [ 4203389.61760067846626, 7501085.580378773622215 ] } },
{ "type": "Feature", "properties": { "id": 206065, "address": "Москва, Перекопская Улица 34к3", "workTime": "Ежедневно 10:00-21:00", "pickupType": 3, "fittingRooms": 2, "status": null }, "geometry": { "type": "Point", "coordinates": [ 4181874.856645738705993, 7491640.429754908196628 ] } },
{ "type": "Feature", "properties": { "id": 206075, "address": "Москва, Улица Маршала Бирюзова 16", "workTime": "Ежедневно 10:00-21:00", "pickupType": 3, "fittingRooms": 3, "status": null }, "geometry": { "type": "Point", "coordinates": [ 4173584.003610437735915, 7517712.73383891955018 ] } },
{ "type": "Feature", "properties": { "id": 206084, "address": "Москва, Ленинский Проспект 35", "workTime": "Ежедневно 10:00-21:00", "pickupType": 3, "fittingRooms": 2, "status": null }, "geometry": { "type": "Point", "coordinates": [ 4184155.570373111404479, 7501125.595509452745318 ] } },
{ "type": "Feature", "properties": { "id": 206088, "address": "Москва, Беловежская Улица 1к2", "workTime": "Ежедневно 10:00-21:00", "pickupType": 3, "fittingRooms": 3, "status": null }, "geometry": { "type": "Point", "coordinates": [ 4163399.160758778918535, 7501849.428403309546411 ] } },
{ "type": "Feature", "properties": { "id": 206096, "address": "Москва, Улица Бочкова 6к2с2", "workTime": "Ежедневно 10:00-21:00", "pickupType": 3, "fittingRooms": 2, "status": null }, "geometry": { "type": "Point", "coordinates": [ 4189385.026092106942087, 7520859.954301429912448 ] } },
{ "type": "Feature", "properties": { "id": 206100, "address": "Москва, Улица Маршала Тухачевского 51к1", "workTime": "Ежедневно 10:00-21:00", "pickupType": 3, "fittingRooms": 2, "status": null }, "geometry": { "type": "Point", "coordinates": [ 4170160.595310071948916, 7515567.061954928562045 ] } },
{ "type": "Feature", "properties": { "id": 206116, "address": "Москва, Шипиловский Проезд 39к1", "workTime": "Ежедневно 10:00-21:00", "pickupType": 3, "fittingRooms": 3, "status": null }, "geometry": { "type": "Point", "coordinates": [ 4196377.114628323353827, 7481395.830072348937392 ] } },
{ "type": "Feature", "properties": { "id": 206122, "address": "Москва, 9-Я Парковая Улица 21к1", "workTime": "Ежедневно 10:00-21:00", "pickupType": 3, "fittingRooms": 2, "status": null }, "geometry": { "type": "Point", "coordinates": [ 4207708.325596170499921, 7517534.11956628318876 ] } },
{ "type": "Feature", "properties": { "id": 206124, "address": "Москва, Улица Маршала Тухачевского 22к3", "workTime": "Ежедневно 10:00-21:00", "pickupType": 3, "fittingRooms": 3, "status": null }, "geometry": { "type": "Point", "coordinates": [ 4172029.204282527323812, 7515904.207921355031431 ] } },
{ "type": "Feature", "properties": { "id": 206125, "address": "Москва, Братиславская Улица 30", "workTime": "Ежедневно 10:00-21:00", "pickupType": 3, "fittingRooms": 2, "status": null }, "geometry": { "type": "Point", "coordinates": [ 4204159.014951718971133, 7489458.5864810179919 ] } },
{ "type": "Feature", "properties": { "id": 206180, "address": "Москва, Улица Гончарова 17к4", "workTime": "Ежедневно 10:00-21:00", "pickupType": 3, "fittingRooms": 2, "status": null }, "geometry": { "type": "Point", "coordinates": [ 4184497.655168319121003, 7521842.807839035987854 ] } },
{ "type": "Feature", "properties": { "id": 206215, "address": "Москва, Строгинский Бульвар 26к3", "workTime": "Ежедневно 09:00-21:00", "pickupType": 3, "fittingRooms": 2, "status": null }, "geometry": { "type": "Point", "coordinates": [ 4164035.017690190579742, 7519024.150669652037323 ] } },
{ "type": "Feature", "properties": { "id": 206216, "address": "Москва, Улица Вавилова 46", "workTime": "Ежедневно 10:00-21:00", "pickupType": 3, "fittingRooms": 3, "status": null }, "geometry": { "type": "Point", "coordinates": [ 4181467.983906890265644, 7497512.386287653818727 ] } },
{ "type": "Feature", "properties": { "id": 206218, "address": "Москва, Керченская Улица 13с3", "workTime": "Ежедневно 10:00-21:00", "pickupType": 3, "fittingRooms": 3, "status": null }, "geometry": { "type": "Point", "coordinates": [ 4183172.953227879479527, 7488610.24730911385268 ] } },
{ "type": "Feature", "properties": { "id": 206253, "address": "Москва, Борисовский Проезд 17к1", "workTime": "Ежедневно 10:00-21:00", "pickupType": 3, "fittingRooms": 2, "status": null }, "geometry": { "type": "Point", "coordinates": [ 4199902.825540727935731, 7484253.816382841207087 ] } },
{ "type": "Feature", "properties": { "id": 206310, "address": "Москва, Неманский Проезд 13к1", "workTime": "Ежедневно 10:00-21:00", "pickupType": 3, "fittingRooms": 2, "status": null }, "geometry": { "type": "Point", "coordinates": [ 4162422.88882452249527, 7520223.672478839755058 ] } },
{ "type": "Feature", "properties": { "id": 206315, "address": "Москва, Москва, улица Академика Янгеля, 14к5с2", "workTime": "Ежедневно 10:00-21:00", "pickupType": 4, "fittingRooms": 2, "status": null }, "geometry": { "type": "Point", "coordinates": [ 4183494.950198334176093, 7479239.338709238916636 ] } },
{ "type": "Feature", "properties": { "id": 206361, "address": "Москва, Улица Гарибальди 23к4", "workTime": "Ежедневно 10:00-21:00", "pickupType": 3, "fittingRooms": 2, "status": null }, "geometry": { "type": "Point", "coordinates": [ 4180609.042715928517282, 7493543.756073066964746 ] } },
{ "type": "Feature", "properties": { "id": 206369, "address": "Москва, 4-Й Вятский Переулок 24к1", "workTime": "Ежедневно 10:00-21:00", "pickupType": 3, "fittingRooms": 2, "status": null }, "geometry": { "type": "Point", "coordinates": [ 4182034.934073499403894, 7518758.759890405461192 ] } },
{ "type": "Feature", "properties": { "id": 206392, "address": "Москва, Большая Очаковская Улица 28", "workTime": "Ежедневно 10:00-21:00", "pickupType": 3, "fittingRooms": 4, "status": null }, "geometry": { "type": "Point", "coordinates": [ 4169260.354588026180863, 7495184.549902446568012 ] } },
{ "type": "Feature", "properties": { "id": 206398, "address": "Москва, Корабельная Улица 11к1", "workTime": "Ежедневно 10:00-21:00", "pickupType": 3, "fittingRooms": 3, "status": null }, "geometry": { "type": "Point", "coordinates": [ 4196303.866403381340206, 7495871.097834824584424 ] } },
{ "type": "Feature", "properties": { "id": 206400, "address": "Москва, Новгородская Улица 37", "workTime": "Ежедневно 10:00-22:00", "pickupType": 3, "fittingRooms": 2, "status": null }, "geometry": { "type": "Point", "coordinates": [ 4183140.447936567477882, 7539622.162970035336912 ] } },
{ "type": "Feature", "properties": { "id": 206414, "address": "Москва, Улица Богданова 52к1", "workTime": "Ежедневно 10:00-21:00", "pickupType": null, "fittingRooms": 2, "status": null }, "geometry": { "type": "Point", "coordinates": [ 4162929.949105085805058, 7488931.026936133392155 ] } },
{ "type": "Feature", "properties": { "id": 206426, "address": "Москва, Волгоградский Проспект 10с2", "workTime": "Ежедневно 10:00-22:00", "pickupType": 3, "fittingRooms": 2, "status": null }, "geometry": { "type": "Point", "coordinates": [ 4193952.687438336201012, 7504779.837056568823755 ] } },
{ "type": "Feature", "properties": { "id": 206429, "address": "Москва, Москва, улица Маршала Ерёменко, 5к4", "workTime": "Ежедневно 10:00-21:00", "pickupType": 4, "fittingRooms": 2, "status": null }, "geometry": { "type": "Point", "coordinates": [ 4224082.198177463375032, 7501519.219393390230834 ] } },
{ "type": "Feature", "properties": { "id": 206433, "address": "Москва, Шоссейная Улица 66", "workTime": "Ежедневно 09:00-22:00", "pickupType": 3, "fittingRooms": 3, "status": null }, "geometry": { "type": "Point", "coordinates": [ 4199175.241348902694881, 7493592.317458807490766 ] } },
{ "type": "Feature", "properties": { "id": 206449, "address": "Москва, Звёздный Бульвар 10с1", "workTime": "Ежедневно 10:00-21:00", "pickupType": 3, "fittingRooms": 2, "status": null }, "geometry": { "type": "Point", "coordinates": [ 4189337.158711066003889, 7522073.829294451512396 ] } },
{ "type": "Feature", "properties": { "id": 206455, "address": "Москва, Снежная Улица 19к2", "workTime": "Ежедневно 09:00-21:00", "pickupType": 3, "fittingRooms": 5, "status": null }, "geometry": { "type": "Point", "coordinates": [ 4191103.131113010458648, 7529501.707408906891942 ] } },
{ "type": "Feature", "properties": { "id": 206478, "address": "Москва, Красностуденческий Проезд 2", "workTime": "Ежедневно 10:00-21:00", "pickupType": 3, "fittingRooms": 2, "status": null }, "geometry": { "type": "Point", "coordinates": [ 4182031.92844724887982, 7523819.98891032487154 ] } },
{ "type": "Feature", "properties": { "id": 206481, "address": "Москва, Большая Черёмушкинская Улица 2к1", "workTime": "Ежедневно 10:00-21:00", "pickupType": 3, "fittingRooms": 2, "status": null }, "geometry": { "type": "Point", "coordinates": [ 4185281.010425031650811, 7497165.575540863908827 ] } },
{ "type": "Feature", "properties": { "id": 206491, "address": "Москва, 1-Я Новокузьминская Улица 17", "workTime": "Ежедневно 10:00-21:00", "pickupType": 3, "fittingRooms": 2, "status": null }, "geometry": { "type": "Point", "coordinates": [ 4206791.832228469662368, 7501899.425373326987028 ] } },
{ "type": "Feature", "properties": { "id": 206508, "address": "Москва, Кочновский Проезд 4к2", "workTime": "пн - пт 09:00-21:00 сб, вс 10:00-21:00", "pickupType": 3, "fittingRooms": 2, "status": null }, "geometry": { "type": "Point", "coordinates": [ 4179528.798377270344645, 7519959.032735286280513 ] } },
{ "type": "Feature", "properties": { "id": 206511, "address": "Москва, Никулинская Улица 8к1", "workTime": "Ежедневно 10:00-21:00", "pickupType": null, "fittingRooms": 2, "status": null }, "geometry": { "type": "Point", "coordinates": [ 4170602.978966484777629, 7492545.749033897183836 ] } },
{ "type": "Feature", "properties": { "id": 206512, "address": "Москва, Улица Багрицкого 18", "workTime": "Ежедневно 10:00-21:00", "pickupType": null, "fittingRooms": 2, "status": null }, "geometry": { "type": "Point", "coordinates": [ 4167244.024651288054883, 7502660.288790545426309 ] } },
{ "type": "Feature", "properties": { "id": 206523, "address": "Москва, Улица Юных Ленинцев 73", "workTime": "Ежедневно 08:00-22:00", "pickupType": 3, "fittingRooms": 2, "status": null }, "geometry": { "type": "Point", "coordinates": [ 4204342.580792034976184, 7499036.879292156547308 ] } },
{ "type": "Feature", "properties": { "id": 206532, "address": "Москва, Новокосинская Улица 23", "workTime": "Ежедневно 10:00-21:00", "pickupType": 3, "fittingRooms": 2, "status": null }, "geometry": { "type": "Point", "coordinates": [ 4214648.316610695794225, 7507079.324533629231155 ] } },
{ "type": "Feature", "properties": { "id": 206566, "address": "Москва, Улица Свободы 99к1", "workTime": "Ежедневно 10:00-21:00", "pickupType": 3, "fittingRooms": 2, "status": null }, "geometry": { "type": "Point", "coordinates": [ 4167976.729539689607918, 7532750.965557411313057 ] } },
{ "type": "Feature", "properties": { "id": 206576, "address": "Москва, Улица Руставели 12/7ка", "workTime": "Ежедневно 10:00-21:00", "pickupType": null, "fittingRooms": 2, "status": null }, "geometry": { "type": "Point", "coordinates": [ 4184881.03949461132288, 7521233.784452921710908 ] } },
{ "type": "Feature", "properties": { "id": 206580, "address": "Москва, Зелёный Проспект 83", "workTime": "Ежедневно 10:00-22:00", "pickupType": 3, "fittingRooms": 4, "status": null }, "geometry": { "type": "Point", "coordinates": [ 4210131.528271758928895, 7509309.077815293334424 ] } },
{ "type": "Feature", "properties": { "id": 206590, "address": "Москва, Беловежская Улица 75", "workTime": "Ежедневно 10:00-21:00", "pickupType": 3, "fittingRooms": 4, "status": null }, "geometry": { "type": "Point", "coordinates": [ 4163118.74696147069335, 7500279.530176529660821 ] } },
{ "type": "Feature", "properties": { "id": 206597, "address": "Москва, Улица Самуила Маршака 15к1", "workTime": "Ежедневно 10:00-21:00", "pickupType": 3, "fittingRooms": 6, "status": null }, "geometry": { "type": "Point", "coordinates": [ 4155608.243556630797684, 7486489.215163248591125 ] } },
{ "type": "Feature", "properties": { "id": 206612, "address": "Москва, Ялтинская Улица 6", "workTime": "Ежедневно 10:00-21:00", "pickupType": 3, "fittingRooms": 2, "status": null }, "geometry": { "type": "Point", "coordinates": [ 4186680.964341247454286, 7489110.361572802066803 ] } },
{ "type": "Feature", "properties": { "id": 206616, "address": "Москва, Ряжская Улица 13к1", "workTime": "Ежедневно 10:00-21:00", "pickupType": 3, "fittingRooms": 2, "status": null }, "geometry": { "type": "Point", "coordinates": [ 4193425.478329939767718, 7477268.61691100243479 ] } },
{ "type": "Feature", "properties": { "id": 206623, "address": "Москва, Типографская Улица 2", "workTime": "Ежедневно 10:00-21:00", "pickupType": null, "fittingRooms": 2, "status": null }, "geometry": { "type": "Point", "coordinates": [ 4183970.557379412930459, 7461335.510591625235975 ] } },
{ "type": "Feature", "properties": { "id": 206624, "address": "Москва, Улица Горчакова 1к3", "workTime": "Ежедневно 10:00-21:00", "pickupType": 3, "fittingRooms": 2, "status": null }, "geometry": { "type": "Point", "coordinates": [ 4177673.993021673057228, 7468935.393000259995461 ] } },
{ "type": "Feature", "properties": { "id": 206641, "address": "Москва, Улица Тёплый Стан 27с1", "workTime": "Ежедневно 10:00-21:00", "pickupType": 3, "fittingRooms": 2, "status": null }, "geometry": { "type": "Point", "coordinates": [ 4172533.815534293651581, 7485180.552856146357954 ] } },
{ "type": "Feature", "properties": { "id": 206661, "address": "Москва, Профсоюзная Улица 45", "workTime": "Ежедневно 10:00-21:00", "pickupType": 3, "fittingRooms": 2, "status": null }, "geometry": { "type": "Point", "coordinates": [ 4180285.993553647305816, 7492329.228533998131752 ] } },
{ "type": "Feature", "properties": { "id": 206664, "address": "Москва, Улица Богданова 24", "workTime": "Ежедневно 10:00-21:00", "pickupType": 3, "fittingRooms": 2, "status": null }, "geometry": { "type": "Point", "coordinates": [ 4163664.991702793631703, 7490254.729019075632095 ] } },
{ "type": "Feature", "properties": { "id": 206682, "address": "Москва, Улица Пивченкова 3к3", "workTime": "Ежедневно 10:00-21:00", "pickupType": 3, "fittingRooms": 2, "status": null }, "geometry": { "type": "Point", "coordinates": [ 4171759.031878372188658, 7505626.593548143282533 ] } },
{ "type": "Feature", "properties": { "id": 206688, "address": "Москва, Улица Красного Маяка 2", "workTime": "Ежедневно 10:00-21:00", "pickupType": 3, "fittingRooms": 2, "status": null }, "geometry": { "type": "Point", "coordinates": [ 4185826.030651954934001, 7481527.883677959442139 ] } },
{ "type": "Feature", "properties": { "id": 206693, "address": "Москва, Белореченская Улица 22/66", "workTime": "Ежедневно 10:00-21:00", "pickupType": null, "fittingRooms": 2, "status": null }, "geometry": { "type": "Point", "coordinates": [ 4204378.982265525497496, 7492122.779817687347531 ] } },
{ "type": "Feature", "properties": { "id": 206696, "address": "Москва, Сапёрный Проезд 11", "workTime": "Ежедневно 10:00-21:00", "pickupType": null, "fittingRooms": 2, "status": null }, "geometry": { "type": "Point", "coordinates": [ 4210612.651110967621207, 7510189.962413484230638 ] } },
{ "type": "Feature", "properties": { "id": 206699, "address": "Москва, Улица Амундсена 3к3", "workTime": "Ежедневно 10:00-21:00", "pickupType": null, "fittingRooms": 2, "status": null }, "geometry": { "type": "Point", "coordinates": [ 4191868.007334250956774, 7528549.406745439395308 ] } },
{ "type": "Feature", "properties": { "id": 206700, "address": "Москва, 2-Я Квесисская Улица 23", "workTime": "Ежедневно 10:00-21:00", "pickupType": 4, "fittingRooms": 2, "status": null }, "geometry": { "type": "Point", "coordinates": [ 4182835.209892812650651, 7517650.753029513172805 ] } },
{ "type": "Feature", "properties": { "id": 206705, "address": "Москва, Тимирязевская Улица 14", "workTime": "Ежедневно 10:00-21:00", "pickupType": null, "fittingRooms": 2, "status": null }, "geometry": { "type": "Point", "coordinates": [ 4181972.038561201188713, 7521418.22985356207937 ] } },
{ "type": "Feature", "properties": { "id": 206720, "address": "Москва, Улица Костякова 7/7", "workTime": "Ежедневно 10:00-21:00", "pickupType": null, "fittingRooms": 2, "status": null }, "geometry": { "type": "Point", "coordinates": [ 4182537.207615958526731, 7520988.920684276148677 ] } },
{ "type": "Feature", "properties": { "id": 206721, "address": "Москва, Тихвинская Улица 7", "workTime": "Ежедневно 10:00-21:00", "pickupType": null, "fittingRooms": 2, "status": null }, "geometry": { "type": "Point", "coordinates": [ 4185685.768093556165695, 7516084.764257638715208 ] } },
{ "type": "Feature", "properties": { "id": 206722, "address": "Москва, Улица Верхняя Масловка 7", "workTime": "Ежедневно 10:00-21:00", "pickupType": null, "fittingRooms": 2, "status": null }, "geometry": { "type": "Point", "coordinates": [ 4181788.027442920021713, 7517236.504307706840336 ] } },
{ "type": "Feature", "properties": { "id": 206728, "address": "Москва, Луганская Улица 5", "workTime": "Ежедневно 10:00-21:00", "pickupType": null, "fittingRooms": 2, "status": null }, "geometry": { "type": "Point", "coordinates": [ 4192959.049663516227156, 7484361.86418841406703 ] } },
{ "type": "Feature", "properties": { "id": 206778, "address": "Москва, Улица Трофимова 25к1", "workTime": "Ежедневно 10:00-21:00", "pickupType": 3, "fittingRooms": 2, "status": null }, "geometry": { "type": "Point", "coordinates": [ 4194358.001704314723611, 7499503.491991640068591 ] } },
{ "type": "Feature", "properties": { "id": 206800, "address": "Москва, Улица Юлиана Семёнова 8к1", "workTime": "Ежедневно 10:00-21:00", "pickupType": null, "fittingRooms": 2, "status": null }, "geometry": { "type": "Point", "coordinates": [ 4162577.956875197589397, 7487668.305397883988917 ] } },
{ "type": "Feature", "properties": { "id": 206801, "address": "Москва, Краснодонская Улица 48", "workTime": "Ежедневно 10:00-21:00", "pickupType": null, "fittingRooms": 2, "status": null }, "geometry": { "type": "Point", "coordinates": [ 4202321.90939515735954, 7492592.725112280808389 ] } },
{ "type": "Feature", "properties": { "id": 206803, "address": "Москва, Люблинская Улица 27/2", "workTime": "Ежедневно 10:00-21:00", "pickupType": null, "fittingRooms": 2, "status": null }, "geometry": { "type": "Point", "coordinates": [ 4200501.16780374199152, 7499114.316873975098133 ] } },
{ "type": "Feature", "properties": { "id": 206804, "address": "Москва, Улица Марьинский Парк 33", "workTime": "Ежедневно 10:00-21:00", "pickupType": 3, "fittingRooms": 2, "status": null }, "geometry": { "type": "Point", "coordinates": [ 4206419.023253803141415, 7492503.707659794948995 ] } },
{ "type": "Feature", "properties": { "id": 206805, "address": "Москва, Домодедовская Улица 44", "workTime": "Ежедневно 10:00-21:00", "pickupType": null, "fittingRooms": 2, "status": null }, "geometry": { "type": "Point", "coordinates": [ 4198370.958027921617031, 7479476.774258750490844 ] } },
{ "type": "Feature", "properties": { "id": 206806, "address": "Москва, Проспект Андропова 48", "workTime": "Ежедневно 10:00-21:00", "pickupType": null, "fittingRooms": 2, "status": null }, "geometry": { "type": "Point", "coordinates": [ 4192355.030106471851468, 7492873.403265070170164 ] } },
{ "type": "Feature", "properties": { "id": 206820, "address": "Москва, Покровская Улица 17ак2", "workTime": "Ежедневно 10:00-21:00", "pickupType": 3, "fittingRooms": 2, "status": null }, "geometry": { "type": "Point", "coordinates": [ 4222896.979558986611664, 7498714.889513129368424 ] } },
{ "type": "Feature", "properties": { "id": 206838, "address": "Москва, Череповецкая Улица 15", "workTime": "Ежедневно 10:00-21:00", "pickupType": null, "fittingRooms": 2, "status": null }, "geometry": { "type": "Point", "coordinates": [ 4183933.042711016256362, 7538406.315105118788779 ] } },
{ "type": "Feature", "properties": { "id": 206839, "address": "Москва, Староватутинский Проезд 7", "workTime": "Ежедневно 10:00-21:00", "pickupType": null, "fittingRooms": 2, "status": null }, "geometry": { "type": "Point", "coordinates": [ 4193648.005992035847157, 7533292.443391587585211 ] } },
{ "type": "Feature", "properties": { "id": 206849, "address": "Москва, Улица Академика Пилюгина 10", "workTime": "Ежедневно 10:00-21:00", "pickupType": 3, "fittingRooms": 4, "status": null }, "geometry": { "type": "Point", "coordinates": [ 4178916.986455871257931, 7492801.160234074108303 ] } },
{ "type": "Feature", "properties": { "id": 206854, "address": "Москва, Улица Руднёвка 14", "workTime": "Ежедневно 10:00-21:00", "pickupType": 3, "fittingRooms": 2, "status": null }, "geometry": { "type": "Point", "coordinates": [ 4218120.148889556527138, 7501915.629994359798729 ] } },
{ "type": "Feature", "properties": { "id": 206860, "address": "Москва, Новороссийская Улица 25к1", "workTime": "Ежедневно 10:00-21:00", "pickupType": 3, "fittingRooms": 2, "status": null }, "geometry": { "type": "Point", "coordinates": [ 4203642.269875455647707, 7493597.055171325802803 ] } },
{ "type": "Feature", "properties": { "id": 206869, "address": "Москва, Рублёвское Шоссе 14к1", "workTime": "Ежедневно 10:00-21:00", "pickupType": 3, "fittingRooms": 4, "status": null }, "geometry": { "type": "Point", "coordinates": [ 4167504.734898725524545, 7506628.468176197260618 ] } },
{ "type": "Feature", "properties": { "id": 206901, "address": "Москва, Бескудниковский Бульвар 30к3", "workTime": "Ежедневно 10:00-21:00", "pickupType": null, "fittingRooms": 2, "status": null }, "geometry": { "type": "Point", "coordinates": [ 4180887.007484439294785, 7532643.031688349321485 ] } },
{ "type": "Feature", "properties": { "id": 206905, "address": "Москва, Огородный Проезд 23", "workTime": "Ежедневно 10:00-21:00", "pickupType": 3, "fittingRooms": 2, "status": null }, "geometry": { "type": "Point", "coordinates": [ 4185093.993680499028414, 7522149.715210816822946 ] } },
{ "type": "Feature", "properties": { "id": 206911, "address": "Москва, Халтуринская Улица 13", "workTime": "Ежедневно 10:00-21:00", "pickupType": 3, "fittingRooms": 4, "status": null }, "geometry": { "type": "Point", "coordinates": [ 4199541.927751576527953, 7519162.395156198181212 ] } },
{ "type": "Feature", "properties": { "id": 206916, "address": "Москва, Большая Черкизовская Улица 22к6", "workTime": "Ежедневно 10:00-21:00", "pickupType": null, "fittingRooms": 2, "status": null }, "geometry": { "type": "Point", "coordinates": [ 4200587.106450634077191, 7517723.031018445268273 ] } },
{ "type": "Feature", "properties": { "id": 206917, "address": "Москва, Ильменский Проезд 14к6", "workTime": "Ежедневно 10:00-21:00", "pickupType": null, "fittingRooms": 2, "status": null }, "geometry": { "type": "Point", "coordinates": [ 4179211.983106472995132, 7530898.244446227326989 ] } },
{ "type": "Feature", "properties": { "id": 206918, "address": "Москва, Псковская Улица 5к1", "workTime": "Ежедневно 10:00-21:00", "pickupType": null, "fittingRooms": 2, "status": null }, "geometry": { "type": "Point", "coordinates": [ 4179951.033205849118531, 7539347.12587333843112 ] } },
{ "type": "Feature", "properties": { "id": 206923, "address": "Москва, Флотская Улица 7к1", "workTime": "Ежедневно 10:00-21:00", "pickupType": null, "fittingRooms": 2, "status": null }, "geometry": { "type": "Point", "coordinates": [ 4174050.988874315749854, 7529492.386111630126834 ] } },
{ "type": "Feature", "properties": { "id": 206937, "address": "Москва, Перовская Улица 22к1", "workTime": "Ежедневно 09:00-21:00", "pickupType": 3, "fittingRooms": 2, "status": null }, "geometry": { "type": "Point", "coordinates": [ 4204277.013611958362162, 7508088.903264229185879 ] } },
{ "type": "Feature", "properties": { "id": 206944, "address": "Москва, Улица Дубки 2", "workTime": "Ежедневно 10:00-21:00", "pickupType": null, "fittingRooms": 2, "status": null }, "geometry": { "type": "Point", "coordinates": [ 4182069.220476664137095, 7522080.764007757417858 ] } },
{ "type": "Feature", "properties": { "id": 206957, "address": "Москва, Береговой Проезд 5ак1", "workTime": "Ежедневно 10:00-22:00", "pickupType": 3, "fittingRooms": 2, "status": null }, "geometry": { "type": "Point", "coordinates": [ 4175601.780700556468219, 7509853.263904890045524 ] } },
{ "type": "Feature", "properties": { "id": 206971, "address": "Москва, Нагорная Улица 30к1", "workTime": "Ежедневно 10:00-21:00", "pickupType": 3, "fittingRooms": 2, "status": null }, "geometry": { "type": "Point", "coordinates": [ 4185286.910358042921871, 7494112.298752163536847 ] } },
{ "type": "Feature", "properties": { "id": 206973, "address": "Москва, Белореченская Улица 35/68", "workTime": "Ежедневно 10:00-21:00", "pickupType": 3, "fittingRooms": 2, "status": null }, "geometry": { "type": "Point", "coordinates": [ 4204494.977174932137132, 7492248.306295476853848 ] } },
{ "type": "Feature", "properties": { "id": 206979, "address": "Москва, Бульвар Яна Райниса 9", "workTime": "Ежедневно 09:00-21:00", "pickupType": 3, "fittingRooms": 2, "status": null }, "geometry": { "type": "Point", "coordinates": [ 4167253.041530042421073, 7528467.112232739105821 ] } },
{ "type": "Feature", "properties": { "id": 206981, "address": "Москва, Улица Рокотова 5", "workTime": "Ежедневно 10:00-22:00", "pickupType": 3, "fittingRooms": 2, "status": 3 }, "geometry": { "type": "Point", "coordinates": [ 4180169.553366276435554, 7481237.171634542755783 ] } },
{ "type": "Feature", "properties": { "id": 206994, "address": "Москва, Венёвская Улица 3а", "workTime": "Ежедневно 10:00-21:00", "pickupType": 3, "fittingRooms": 2, "status": null }, "geometry": { "type": "Point", "coordinates": [ 4179563.975336361676455, 7468982.22580099105835 ] } },
{ "type": "Feature", "properties": { "id": 206996, "address": "Москва, Новомихайловское Шоссе 1к2", "workTime": "Ежедневно 10:00-21:00", "pickupType": null, "fittingRooms": 2, "status": null }, "geometry": { "type": "Point", "coordinates": [ 4171399.915201073978096, 7480374.954459579661489 ] } },
{ "type": "Feature", "properties": { "id": 207002, "address": "Москва, 1-Я Ватутинская Улица 3", "workTime": "Ежедневно 10:00-21:00", "pickupType": 3, "fittingRooms": 2, "status": null }, "geometry": { "type": "Point", "coordinates": [ 4155811.958224781788886, 7459821.382382552139461 ] } },
{ "type": "Feature", "properties": { "id": 207005, "address": "Москва, Беловежская Улица 85", "workTime": "Ежедневно 10:00-21:00", "pickupType": 3, "fittingRooms": 2, "status": null }, "geometry": { "type": "Point", "coordinates": [ 4163500.572814892046154, 7500139.450304960832 ] } },
{ "type": "Feature", "properties": { "id": 207027, "address": "Москва, Квартал Самаркандский Бульвар 137А к7", "workTime": "Ежедневно 10:00-21:00", "pickupType": 3, "fittingRooms": 2, "status": null }, "geometry": { "type": "Point", "coordinates": [ 4209710.406638086773455, 7498642.986881271935999 ] } },
{ "type": "Feature", "properties": { "id": 207045, "address": "Москва, Москва, Востряковский проезд, 21к1", "workTime": "Ежедневно 10:00-21:00", "pickupType": 4, "fittingRooms": 2, "status": null }, "geometry": { "type": "Point", "coordinates": [ 4191437.534863353706896, 7474295.654043575748801 ] } },
{ "type": "Feature", "properties": { "id": 207067, "address": "Москва, Севастопольский Проспект 5ак1", "workTime": "Ежедневно 10:00-21:00", "pickupType": 3, "fittingRooms": 2, "status": null }, "geometry": { "type": "Point", "coordinates": [ 4186763.118125452660024, 7497262.941677815280855 ] } },
{ "type": "Feature", "properties": { "id": 207077, "address": "Москва, Дубнинская Улица 37к1", "workTime": "Ежедневно 10:00-21:00", "pickupType": null, "fittingRooms": 2, "status": null }, "geometry": { "type": "Point", "coordinates": [ 4181443.048340951558203, 7531886.346613444387913 ] } },
{ "type": "Feature", "properties": { "id": 207115, "address": "Москва, Солнцевский Проспект 12", "workTime": "Ежедневно 10:00-21:00", "pickupType": null, "fittingRooms": 2, "status": null }, "geometry": { "type": "Point", "coordinates": [ 4163775.977235114201903, 7489236.628280854783952 ] } },
{ "type": "Feature", "properties": { "id": 207151, "address": "Москва, 1-Я Фрунзенская Улица 6", "workTime": "Ежедневно 10:00-21:00", "pickupType": 3, "fittingRooms": 2, "status": null }, "geometry": { "type": "Point", "coordinates": [ 4184100.021947205532342, 7504387.62831418402493 ] } },
{ "type": "Feature", "properties": { "id": 207195, "address": "Москва, Тайнинская Улица 4с2", "workTime": "Ежедневно 10:00-21:00", "pickupType": 3, "fittingRooms": 2, "status": null }, "geometry": { "type": "Point", "coordinates": [ 4194768.770625341683626, 7534078.834588410332799 ] } },
{ "type": "Feature", "properties": { "id": 207229, "address": "Москва, Улица Наташи Качуевской 5", "workTime": "Ежедневно 10:00-21:00", "pickupType": null, "fittingRooms": 2, "status": null }, "geometry": { "type": "Point", "coordinates": [ 4216592.956795363686979, 7501553.998372254893184 ] } },
{ "type": "Feature", "properties": { "id": 207250, "address": "Москва, Кировоградская Улица 9к4", "workTime": "Ежедневно 10:00-21:00", "pickupType": 3, "fittingRooms": 2, "status": null }, "geometry": { "type": "Point", "coordinates": [ 4186817.887314923573285, 7483582.297653215005994 ] } },
{ "type": "Feature", "properties": { "id": 207259, "address": "Москва, Фруктовая Улица 20", "workTime": "Ежедневно 10:00-21:00", "pickupType": 3, "fittingRooms": 2, "status": null }, "geometry": { "type": "Point", "coordinates": [ 4186579.997563098557293, 7491525.570145977661014 ] } },
{ "type": "Feature", "properties": { "id": 207312, "address": "Москва, Яхромская Улица 2", "workTime": "Ежедневно 10:00-21:00", "pickupType": null, "fittingRooms": 2, "status": null }, "geometry": { "type": "Point", "coordinates": [ 4178931.012711711227894, 7535072.108002577908337 ] } },
{ "type": "Feature", "properties": { "id": 207314, "address": "Москва, Нижняя Первомайская Улица 19а", "workTime": "Ежедневно 10:00-21:00", "pickupType": 3, "fittingRooms": 3, "status": null }, "geometry": { "type": "Point", "coordinates": [ 4207619.15868404507637, 7516992.757451336830854 ] } },
{ "type": "Feature", "properties": { "id": 207318, "address": "Москва, Улица Генерала Рычагова 13", "workTime": "Ежедневно 10:00-21:00", "pickupType": null, "fittingRooms": 2, "status": null }, "geometry": { "type": "Point", "coordinates": [ 4178675.979758304078132, 7527024.22568341717124 ] } },
{ "type": "Feature", "properties": { "id": 207321, "address": "Москва, Старопетровский Проезд 8", "workTime": "Ежедневно 10:00-21:00", "pickupType": null, "fittingRooms": 2, "status": null }, "geometry": { "type": "Point", "coordinates": [ 4174980.951900402083993, 7523297.209227520041168 ] } },
{ "type": "Feature", "properties": { "id": 207333, "address": "Москва, Улица Героев Панфиловцев 12к1", "workTime": "Ежедневно 10:00-21:00", "pickupType": null, "fittingRooms": 2, "status": null }, "geometry": { "type": "Point", "coordinates": [ 4166652.02759924903512, 7530352.174481371417642 ] } },
{ "type": "Feature", "properties": { "id": 207334, "address": "Москва, Улица Гиляровского 65с1", "workTime": "Ежедневно 10:00-21:00", "pickupType": 3, "fittingRooms": 2, "status": null }, "geometry": { "type": "Point", "coordinates": [ 4189258.010553112253547, 7516583.889894040301442 ] } },
{ "type": "Feature", "properties": { "id": 207360, "address": "Москва, Улица Генерала Белова 8", "workTime": "Ежедневно 10:00-21:00", "pickupType": 3, "fittingRooms": 4, "status": null }, "geometry": { "type": "Point", "coordinates": [ 4198585.025408717803657, 7483275.934152385219932 ] } },
{ "type": "Feature", "properties": { "id": 207381, "address": "Москва, 3-Я Нововатутинская Улица 2", "workTime": "Ежедневно 10:00-21:00", "pickupType": 3, "fittingRooms": 2, "status": null }, "geometry": { "type": "Point", "coordinates": [ 4158215.791308971587569, 7463893.080643830820918 ] } },
{ "type": "Feature", "properties": { "id": 207395, "address": "Москва, Москва, 1-й Войковский проезд, 16к1", "workTime": "Ежедневно 10:00-21:00", "pickupType": 4, "fittingRooms": 5, "status": null }, "geometry": { "type": "Point", "coordinates": [ 4173301.47474280372262, 7522046.28863746393472 ] } },
{ "type": "Feature", "properties": { "id": 207415, "address": "Москва, Бескудниковский Бульвар 6к4", "workTime": "Ежедневно 10:00-21:00", "pickupType": null, "fittingRooms": 2, "status": null }, "geometry": { "type": "Point", "coordinates": [ 4181665.019405593164265, 7530369.232383696362376 ] } },
{ "type": "Feature", "properties": { "id": 207432, "address": "Москва, Большая Набережная Улица 19к3", "workTime": "Ежедневно 10:00-21:00", "pickupType": 3, "fittingRooms": 2, "status": null }, "geometry": { "type": "Point", "coordinates": [ 4169831.9801732506603, 7524750.299413964152336 ] } },
{ "type": "Feature", "properties": { "id": 207438, "address": "Москва, Москва, улица Коштоянца, 47к1", "workTime": "Ежедневно 10:00-21:00", "pickupType": 4, "fittingRooms": 5, "status": null }, "geometry": { "type": "Point", "coordinates": [ 4172010.947886038105935, 7493536.846957629546523 ] } },
{ "type": "Feature", "properties": { "id": 207439, "address": "Москва, Улица Маршала Голованова 5", "workTime": "Ежедневно 10:00-21:00", "pickupType": 3, "fittingRooms": 2, "status": null }, "geometry": { "type": "Point", "coordinates": [ 4200081.048045488074422, 7488979.164757687598467 ] } },
{ "type": "Feature", "properties": { "id": 207446, "address": "Москва, Улица Артамонова 5", "workTime": "Ежедневно 10:00-21:00", "pickupType": 3, "fittingRooms": 2, "status": null }, "geometry": { "type": "Point", "coordinates": [ 4170051.947487057652324, 7502668.391895469278097 ] } },
{ "type": "Feature", "properties": { "id": 207458, "address": "Москва, Улица Правды 7/9к1", "workTime": "Ежедневно 10:00-21:00", "pickupType": 3, "fittingRooms": 2, "status": null }, "geometry": { "type": "Point", "coordinates": [ 4183011.985244192648679, 7515894.507097496651113 ] } },
{ "type": "Feature", "properties": { "id": 207479, "address": "Москва, Старокаширское Шоссе 2к2", "workTime": "Ежедневно 10:00-21:00", "pickupType": 3, "fittingRooms": 2, "status": null }, "geometry": { "type": "Point", "coordinates": [ 4188749.057841204572469, 7491274.937410171143711 ] } },
{ "type": "Feature", "properties": { "id": 207491, "address": "Москва, Проезд Ольминского 6с1", "workTime": "Ежедневно 10:00-21:00", "pickupType": 4, "fittingRooms": 2, "status": null }, "geometry": { "type": "Point", "coordinates": [ 4189157.043774962890893, 7521360.181577136740088 ] } },
{ "type": "Feature", "properties": { "id": 207495, "address": "Москва, Смольная Улица 21а", "workTime": "Ежедневно 10:00-21:00", "pickupType": 3, "fittingRooms": 2, "status": null }, "geometry": { "type": "Point", "coordinates": [ 4173979.967039189301431, 7528472.268007732927799 ] } },
{ "type": "Feature", "properties": { "id": 207505, "address": "Москва, Береговой Проезд 5к2", "workTime": "Ежедневно 10:00-21:00", "pickupType": null, "fittingRooms": 2, "status": null }, "geometry": { "type": "Point", "coordinates": [ 4175479.997177628334612, 7510070.078651400282979 ] } },
{ "type": "Feature", "properties": { "id": 207510, "address": "Москва, Улица Верхняя Масловка 29", "workTime": "Ежедневно 10:00-21:00", "pickupType": 3, "fittingRooms": 4, "status": null }, "geometry": { "type": "Point", "coordinates": [ 4180831.013780569657683, 7518467.038623706437647 ] } },
{ "type": "Feature", "properties": { "id": 207511, "address": "Москва, Холмогорская Улица 1", "workTime": "Ежедневно 10:00-21:00", "pickupType": null, "fittingRooms": 2, "status": null }, "geometry": { "type": "Point", "coordinates": [ 4198894.048315159976482, 7534453.901808670721948 ] } },
{ "type": "Feature", "properties": { "id": 207514, "address": "Москва, Улица Шверника 8/1к1", "workTime": "Ежедневно 10:00-21:00", "pickupType": 3, "fittingRooms": 4, "status": null }, "geometry": { "type": "Point", "coordinates": [ 4183865.026502141728997, 7497469.132844307459891 ] } },
{ "type": "Feature", "properties": { "id": 207564, "address": "Москва, Радужная Улица 26", "workTime": "Ежедневно 10:00-21:00", "pickupType": null, "fittingRooms": 2, "status": null }, "geometry": { "type": "Point", "coordinates": [ 4192595.034928622189909, 7530631.849505797028542 ] } },
{ "type": "Feature", "properties": { "id": 207616, "address": "Москва, Щёлковское Шоссе 79к1", "workTime": "Ежедневно 10:00-21:00", "pickupType": 3, "fittingRooms": 2, "status": null }, "geometry": { "type": "Point", "coordinates": [ 4208985.605433532968163, 7520900.565602517686784 ] } },
{ "type": "Feature", "properties": { "id": 207646, "address": "Москва, Улица Липчанского 6", "workTime": "Ежедневно 10:00-21:00", "pickupType": 3, "fittingRooms": 3, "status": null }, "geometry": { "type": "Point", "coordinates": [ 4223249.194427857175469, 7499779.679940418340266 ] } },
{ "type": "Feature", "properties": { "id": 207652, "address": "Москва, Новокузнецкая Улица 20/21-19с5", "workTime": "Ежедневно 10:00-21:00", "pickupType": null, "fittingRooms": 2, "status": null }, "geometry": { "type": "Point", "coordinates": [ 4189086.021939836442471, 7506089.650282186456025 ] } },
{ "type": "Feature", "properties": { "id": 207657, "address": "Москва, Улица Санникова 17с2", "workTime": "Ежедневно 10:00-21:00", "pickupType": 3, "fittingRooms": 2, "status": null }, "geometry": { "type": "Point", "coordinates": [ 4185480.049674569629133, 7531177.939290135167539 ] } },
{ "type": "Feature", "properties": { "id": 207680, "address": "Москва, Задонский Проезд 32б", "workTime": "Ежедневно 10:00-21:00", "pickupType": 3, "fittingRooms": 2, "status": null }, "geometry": { "type": "Point", "coordinates": [ 4203297.958690431900322, 7483402.10555178951472 ] } },
{ "type": "Feature", "properties": { "id": 207683, "address": "Москва, Каширское Шоссе 94к1", "workTime": "Ежедневно 10:00-21:00", "pickupType": 3, "fittingRooms": 2, "status": null }, "geometry": { "type": "Point", "coordinates": [ 4198299.713553814217448, 7482121.955714019946754 ] } },
{ "type": "Feature", "properties": { "id": 207694, "address": "Москва, Юрловский Проезд 17с1", "workTime": "Ежедневно 10:00-21:00", "pickupType": 3, "fittingRooms": 5, "status": null }, "geometry": { "type": "Point", "coordinates": [ 4187724.027969981078058, 7532719.220144857652485 ] } },
{ "type": "Feature", "properties": { "id": 207708, "address": "Москва, Грайвороновская Улица 12к1", "workTime": "Ежедневно 10:00-22:00", "pickupType": 3, "fittingRooms": 3, "status": null }, "geometry": { "type": "Point", "coordinates": [ 4200288.992854289710522, 7502704.36187855899334 ] } },
{ "type": "Feature", "properties": { "id": 207751, "address": "Москва, Улица Кадырова 1", "workTime": "Ежедневно 10:00-21:00", "pickupType": 3, "fittingRooms": 3, "status": null }, "geometry": { "type": "Point", "coordinates": [ 4175861.043794613797218, 7466852.603990185074508 ] } },
{ "type": "Feature", "properties": { "id": 207754, "address": "Москва, Зелёный Проспект 71к2", "workTime": "Ежедневно 10:00-21:00", "pickupType": null, "fittingRooms": 2, "status": null }, "geometry": { "type": "Point", "coordinates": [ 4209187.984267794527113, 7509570.978652454912663 ] } },
{ "type": "Feature", "properties": { "id": 207758, "address": "Москва, Онежская Улица 19/38", "workTime": "Ежедневно 10:00-21:00", "pickupType": null, "fittingRooms": 2, "status": null }, "geometry": { "type": "Point", "coordinates": [ 4176529.962614791467786, 7529065.403452834114432 ] } },
{ "type": "Feature", "properties": { "id": 207759, "address": "Москва, Хорошёвское Шоссе 17", "workTime": "Ежедневно 10:00-21:00", "pickupType": null, "fittingRooms": 2, "status": null }, "geometry": { "type": "Point", "coordinates": [ 4178009.955244888085872, 7513923.315258190967143 ] } },
{ "type": "Feature", "properties": { "id": 207777, "address": "Москва, Некрасовская Улица 5", "workTime": "Ежедневно 10:00-21:00", "pickupType": null, "fittingRooms": 2, "status": null }, "geometry": { "type": "Point", "coordinates": [ 4221537.991215382702649, 7495243.388835174031556 ] } },
{ "type": "Feature", "properties": { "id": 207808, "address": "Москва, Проезд Дежнёва 7", "workTime": "Ежедневно 10:00-21:00", "pickupType": 3, "fittingRooms": 2, "status": null }, "geometry": { "type": "Point", "coordinates": [ 4190454.027162195183337, 7532753.346468626521528 ] } },
{ "type": "Feature", "properties": { "id": 207897, "address": "Москва, Святоозёрская Улица 8", "workTime": "Ежедневно 10:00-21:00", "pickupType": 3, "fittingRooms": 2, "status": null }, "geometry": { "type": "Point", "coordinates": [ 4217320.986265151761472, 7501553.010330920107663 ] } },
{ "type": "Feature", "properties": { "id": 207925, "address": "Москва, Пятницкое Шоссе 9", "workTime": "Ежедневно 10:00-21:00", "pickupType": 3, "fittingRooms": 2, "status": null }, "geometry": { "type": "Point", "coordinates": [ 4161690.183936120942235, 7526400.717376414686441 ] } },
{ "type": "Feature", "properties": { "id": 207938, "address": "Москва, Профсоюзная Улица 25к1", "workTime": "Ежедневно 10:00-21:00", "pickupType": 3, "fittingRooms": 4, "status": null }, "geometry": { "type": "Point", "coordinates": [ 4181456.963277300354093, 7493791.303886889480054 ] } },
{ "type": "Feature", "properties": { "id": 207939, "address": "Москва, Улица Василия Петушкова 15", "workTime": "Ежедневно 10:00-21:00", "pickupType": 3, "fittingRooms": 3, "status": null }, "geometry": { "type": "Point", "coordinates": [ 4163387.026934283319861, 7526331.728141385130584 ] } },
{ "type": "Feature", "properties": { "id": 207940, "address": "Москва, Улица Академика Комарова 3а", "workTime": "Ежедневно 10:00-21:00", "pickupType": 3, "fittingRooms": 2, "status": null }, "geometry": { "type": "Point", "coordinates": [ 4185310.955368054565042, 7524478.765573037788272 ] } },
{ "type": "Feature", "properties": { "id": 207971, "address": "Москва, Проезд Якушкина 10", "workTime": "Ежедневно 10:00-21:00", "pickupType": 3, "fittingRooms": 2, "status": null }, "geometry": { "type": "Point", "coordinates": [ 4187056.556303184013814, 7530715.95234927162528 ] } },
{ "type": "Feature", "properties": { "id": 207987, "address": "Москва, Октябрьская Улица 4", "workTime": "Ежедневно 10:00-21:00", "pickupType": null, "fittingRooms": 2, "status": null }, "geometry": { "type": "Point", "coordinates": [ 4187252.033329017460346, 7515777.306271363049746 ] } },
{ "type": "Feature", "properties": { "id": 208005, "address": "Москва, Нововладыкинский Проезд 1к1", "workTime": "Ежедневно 10:00-21:00", "pickupType": 3, "fittingRooms": 2, "status": null }, "geometry": { "type": "Point", "coordinates": [ 4183371.992477417457849, 7528472.268007732927799 ] } },
{ "type": "Feature", "properties": { "id": 208031, "address": "Москва, Полтавская Улица 35", "workTime": "Ежедневно 10:00-21:00", "pickupType": 3, "fittingRooms": 2, "status": null }, "geometry": { "type": "Point", "coordinates": [ 4182565.037488657049835, 7517924.818907259963453 ] } },
{ "type": "Feature", "properties": { "id": 208068, "address": "Москва, Нахимовский Проспект 22", "workTime": "Ежедневно 10:00-21:00", "pickupType": 3, "fittingRooms": 2, "status": null }, "geometry": { "type": "Point", "coordinates": [ 4184373.97921404754743, 7492912.485842186957598 ] } },
{ "type": "Feature", "properties": { "id": 208070, "address": "Москва, Шоссейная Улица 58к3", "workTime": "Ежедневно 10:00-21:00", "pickupType": 3, "fittingRooms": 2, "status": null }, "geometry": { "type": "Point", "coordinates": [ 4198931.006386102177203, 7493837.497898070141673 ] } },
{ "type": "Feature", "properties": { "id": 208071, "address": "Москва, Улица Знаменские Садки 3к2", "workTime": "пн - пт 08:00-22:00 сб, вс 10:00-22:00", "pickupType": 3, "fittingRooms": 4, "status": null }, "geometry": { "type": "Point", "coordinates": [ 4182541.883034572005272, 7473422.397244348190725 ] } },
{ "type": "Feature", "properties": { "id": 208072, "address": "Москва, Улица Юных Ленинцев 10/15к1", "workTime": "Ежедневно 10:00-21:00", "pickupType": 3, "fittingRooms": 2, "status": null }, "geometry": { "type": "Point", "coordinates": [ 4201113.981600558385253, 7498662.740284850820899 ] } },
{ "type": "Feature", "properties": { "id": 208079, "address": "Москва, Улица Маршала Тухачевского 16к1", "workTime": "Ежедневно 10:00-21:00", "pickupType": null, "fittingRooms": 2, "status": null }, "geometry": { "type": "Point", "coordinates": [ 4172802.986063031945378, 7515235.077655748464167 ] } },
{ "type": "Feature", "properties": { "id": 208113, "address": "Москва, Улица Дмитриевского 23к1", "workTime": "Ежедневно 10:00-21:00", "pickupType": 3, "fittingRooms": 3, "status": null }, "geometry": { "type": "Point", "coordinates": [ 4218653.035291983745992, 7501102.081464941613376 ] } },
{ "type": "Feature", "properties": { "id": 208115, "address": "Москва, Улица Кубинка 18/2", "workTime": "Ежедневно 10:00-21:00", "pickupType": null, "fittingRooms": 2, "status": null }, "geometry": { "type": "Point", "coordinates": [ 4164285.041266512125731, 7503292.75182634126395 ] } },
{ "type": "Feature", "properties": { "id": 208131, "address": "Москва, Чонгарский Бульвар 11", "workTime": "Ежедневно 10:00-21:00", "pickupType": null, "fittingRooms": 2, "status": null }, "geometry": { "type": "Point", "coordinates": [ 4186662.040027813520283, 7489598.472747222520411 ] } },
{ "type": "Feature", "properties": { "id": 208132, "address": "Москва, Новочерёмушкинская Улица 11к2", "workTime": "Ежедневно 10:00-21:00", "pickupType": null, "fittingRooms": 2, "status": null }, "geometry": { "type": "Point", "coordinates": [ 4183920.574928046669811, 7496229.698760542087257 ] } },
{ "type": "Feature", "properties": { "id": 208133, "address": "Москва, Варшавское Шоссе 51к3", "workTime": "Ежедневно 10:00-21:00", "pickupType": null, "fittingRooms": 2, "status": null }, "geometry": { "type": "Point", "coordinates": [ 4188842.009616017807275, 7494550.973826379515231 ] } },
{ "type": "Feature", "properties": { "id": 208178, "address": "Москва, Улица Каховка 14к4", "workTime": "Ежедневно 10:00-21:00", "pickupType": 3, "fittingRooms": 2, "status": null }, "geometry": { "type": "Point", "coordinates": [ 4182888.97720686532557, 7490378.054595375433564 ] } },
{ "type": "Feature", "properties": { "id": 208195, "address": "Москва, Улица Юннатов 4", "workTime": "Ежедневно 10:00-21:00", "pickupType": null, "fittingRooms": 2, "status": null }, "geometry": { "type": "Point", "coordinates": [ 4181728.360195855610073, 7518450.205078826285899 ] } },
{ "type": "Feature", "properties": { "id": 208199, "address": "Москва, Маломосковская Улица 2к1", "workTime": "Ежедневно 10:00-21:00", "pickupType": 3, "fittingRooms": 3, "status": null }, "geometry": { "type": "Point", "coordinates": [ 4190177.954825026914477, 7521342.153020500205457 ] } },
{ "type": "Feature", "properties": { "id": 208203, "address": "Москва, Котельническая Набережная 25к2", "workTime": "Ежедневно 10:00-21:00", "pickupType": 3, "fittingRooms": 3, "status": null }, "geometry": { "type": "Point", "coordinates": [ 4190723.976927368436009, 7507386.436073047108948 ] } },
{ "type": "Feature", "properties": { "id": 208211, "address": "Москва, Улица Бориса Галушкина 23", "workTime": "Ежедневно 10:00-21:00", "pickupType": null, "fittingRooms": 2, "status": null }, "geometry": { "type": "Point", "coordinates": [ 4192900.050333395600319, 7522933.385001351125538 ] } },
{ "type": "Feature", "properties": { "id": 208224, "address": "Москва, Дмитровское Шоссе 96к4", "workTime": "Ежедневно 10:00-21:00", "pickupType": 3, "fittingRooms": 2, "status": null }, "geometry": { "type": "Point", "coordinates": [ 4180006.025034300982952, 7533985.96362085826695 ] } },
{ "type": "Feature", "properties": { "id": 208246, "address": "Москва, Улица Вилиса Лациса 27", "workTime": "Ежедневно 10:00-21:00", "pickupType": 3, "fittingRooms": 2, "status": null }, "geometry": { "type": "Point", "coordinates": [ 4165302.946690325625241, 7530892.293602393940091 ] } },
{ "type": "Feature", "properties": { "id": 208251, "address": "Москва, Херсонская Улица 7к1", "workTime": "Ежедневно 10:00-21:00", "pickupType": 3, "fittingRooms": 2, "status": null }, "geometry": { "type": "Point", "coordinates": [ 4182335.051420677918941, 7489210.585603388026357 ] } },
{ "type": "Feature", "properties": { "id": 208263, "address": "Москва, Звёздный Бульвар 32", "workTime": "Ежедневно 10:00-21:00", "pickupType": 3, "fittingRooms": 2, "status": null }, "geometry": { "type": "Point", "coordinates": [ 4188524.971706238109618, 7521508.37394773028791 ] } },
{ "type": "Feature", "properties": { "id": 208299, "address": "Москва, Олимпийский Проспект 22", "workTime": "Ежедневно 10:00-21:00", "pickupType": 3, "fittingRooms": 2, "status": null }, "geometry": { "type": "Point", "coordinates": [ 4188153.053287498187274, 7516203.157658545300364 ] } },
{ "type": "Feature", "properties": { "id": 208301, "address": "Москва, Черноморский Бульвар 17к1", "workTime": "Ежедневно 10:00-21:00", "pickupType": 3, "fittingRooms": 3, "status": null }, "geometry": { "type": "Point", "coordinates": [ 4185587.02770522236824, 7488046.054696037434042 ] } },
{ "type": "Feature", "properties": { "id": 208327, "address": "Москва, Онежская Улица 15", "workTime": "Ежедневно 10:00-21:00", "pickupType": 3, "fittingRooms": 3, "status": null }, "geometry": { "type": "Point", "coordinates": [ 4176662.989406288601458, 7528702.695011862553656 ] } },
{ "type": "Feature", "properties": { "id": 208343, "address": "Москва, Улица Барышиха 19", "workTime": "Ежедневно 10:00-21:00", "pickupType": 3, "fittingRooms": 2, "status": null }, "geometry": { "type": "Point", "coordinates": [ 4157681.012475200928748, 7527492.137857842259109 ] } },
{ "type": "Feature", "properties": { "id": 208349, "address": "Москва, Севастопольский Проспект 28к3", "workTime": "Ежедневно 10:00-21:00", "pickupType": 3, "fittingRooms": 2, "status": null }, "geometry": { "type": "Point", "coordinates": [ 4182962.002792825456709, 7491800.09139558672905 ] } },
{ "type": "Feature", "properties": { "id": 208387, "address": "Москва, Улица Генерала Тюленева 25а", "workTime": "Ежедневно 10:00-21:00", "pickupType": 3, "fittingRooms": 3, "status": null }, "geometry": { "type": "Point", "coordinates": [ 4173051.005888519342989, 7482984.170680628158152 ] } },
{ "type": "Feature", "properties": { "id": 208391, "address": "Москва, Москва, улица Маршала Василевского, 5к1", "workTime": "Ежедневно 10:00-21:00", "pickupType": 4, "fittingRooms": 2, "status": null }, "geometry": { "type": "Point", "coordinates": [ 4171385.181732507888228, 7519539.309353961609304 ] } },
{ "type": "Feature", "properties": { "id": 208426, "address": "Москва, Новодмитровская Улица 5ас2", "workTime": "Ежедневно 10:00-21:00", "pickupType": 3, "fittingRooms": 2, "status": null }, "geometry": { "type": "Point", "coordinates": [ 4184336.019267687108368, 7520128.591286073438823 ] } },
{ "type": "Feature", "properties": { "id": 208437, "address": "Москва, Салтыковская Улица 5к1", "workTime": "Ежедневно 09:00-21:00", "pickupType": 3, "fittingRooms": 3, "status": null }, "geometry": { "type": "Point", "coordinates": [ 4214634.290354855358601, 7505250.355695344507694 ] } },
{ "type": "Feature", "properties": { "id": 208439, "address": "Москва, Улица Новаторов 36к3", "workTime": "Ежедневно 10:00-21:00", "pickupType": null, "fittingRooms": 2, "status": null }, "geometry": { "type": "Point", "coordinates": [ 4176987.59704144205898, 7491617.141929834149778 ] } },
{ "type": "Feature", "properties": { "id": 208446, "address": "Москва, Проспект Мира 188", "workTime": "Ежедневно 10:00-21:00", "pickupType": 3, "fittingRooms": 2, "status": null }, "geometry": { "type": "Point", "coordinates": [ 4191821.030509136151522, 7525355.636286644265056 ] } },
{ "type": "Feature", "properties": { "id": 208449, "address": "Москва, Поречная Улица 17/22", "workTime": "Ежедневно 10:00-21:00", "pickupType": 3, "fittingRooms": 4, "status": null }, "geometry": { "type": "Point", "coordinates": [ 4203575.032903015613556, 7488600.186170931905508 ] } },
{ "type": "Feature", "properties": { "id": 208450, "address": "Москва, Москва, Чечёрский проезд, 72", "workTime": "Ежедневно 09:00-21:00", "pickupType": 4, "fittingRooms": 3, "status": null }, "geometry": { "type": "Point", "coordinates": [ 4177230.67984751239419, 7465642.642278528772295 ] } },
{ "type": "Feature", "properties": { "id": 208456, "address": "Москва, Пятницкое Шоссе 12к2", "workTime": "Ежедневно 10:00-21:00", "pickupType": 3, "fittingRooms": 2, "status": null }, "geometry": { "type": "Point", "coordinates": [ 4161892.006172929890454, 7526797.615717182867229 ] } },
{ "type": "Feature", "properties": { "id": 208461, "address": "Москва, Братская Улица 21к1", "workTime": "Ежедневно 10:00-21:00", "pickupType": 3, "fittingRooms": 2, "status": null }, "geometry": { "type": "Point", "coordinates": [ 4207198.037050374783576, 7508672.165746422484517 ] } },
{ "type": "Feature", "properties": { "id": 208466, "address": "Москва, Улица Архитектора Щусева 5к2", "workTime": "Ежедневно 10:00-21:00", "pickupType": null, "fittingRooms": 2, "status": null }, "geometry": { "type": "Point", "coordinates": [ 4189479.202381318435073, 7498362.296477677300572 ] } },
{ "type": "Feature", "properties": { "id": 208477, "address": "Москва, Улица Корнейчука 47", "workTime": "Ежедневно 10:00-21:00", "pickupType": 3, "fittingRooms": 2, "status": null }, "geometry": { "type": "Point", "coordinates": [ 4188887.984565715305507, 7537285.951052621006966 ] } },
{ "type": "Feature", "properties": { "id": 208479, "address": "Москва, Улица Марьинский Парк 21к2", "workTime": "Ежедневно 10:00-21:00", "pickupType": 3, "fittingRooms": 2, "status": null }, "geometry": { "type": "Point", "coordinates": [ 4205673.961901923641562, 7491820.222022145986557 ] } },
{ "type": "Feature", "properties": { "id": 208481, "address": "Москва, Братиславская Улица 18к1", "workTime": "Ежедневно 10:00-21:00", "pickupType": 3, "fittingRooms": 3, "status": null }, "geometry": { "type": "Point", "coordinates": [ 4203382.004905980080366, 7490605.768113424070179 ] } },
{ "type": "Feature", "properties": { "id": 208485, "address": "Москва, Проезд Серебрякова 11к1", "workTime": "Ежедневно 10:00-21:00", "pickupType": 3, "fittingRooms": 3, "status": null }, "geometry": { "type": "Point", "coordinates": [ 4191184.950938743539155, 7528188.50721288844943 ] } },
{ "type": "Feature", "properties": { "id": 208504, "address": "Москва, Волгоградский Проспект 32/3к5", "workTime": "Ежедневно 10:00-21:00", "pickupType": 3, "fittingRooms": 3, "status": null }, "geometry": { "type": "Point", "coordinates": [ 4196036.031708532944322, 7503073.162693353369832 ] } },
{ "type": "Feature", "properties": { "id": 208506, "address": "Москва, Шипиловская Улица 13к2", "workTime": "пн - пт 08:00-22:00 сб, вс 10:00-22:00", "pickupType": 3, "fittingRooms": 2, "status": null }, "geometry": { "type": "Point", "coordinates": [ 4197483.853005790151656, 7482948.686685346998274 ] } },
{ "type": "Feature", "properties": { "id": 208513, "address": "Москва, Подъёмная Улица 10", "workTime": "Ежедневно 10:00-21:00", "pickupType": 3, "fittingRooms": 2, "status": null }, "geometry": { "type": "Point", "coordinates": [ 4197491.979328618384898, 7506926.465457607060671 ] } },
{ "type": "Feature", "properties": { "id": 208518, "address": "Москва, Привольная Улица 13к1", "workTime": "Ежедневно 10:00-21:00", "pickupType": 3, "fittingRooms": 2, "status": null }, "geometry": { "type": "Point", "coordinates": [ 4212177.023915085010231, 7498960.430196475237608 ] } },
{ "type": "Feature", "properties": { "id": 208519, "address": "Москва, 3-Й Митинский Переулок 1", "workTime": "Ежедневно 10:00-21:00", "pickupType": 3, "fittingRooms": 2, "status": null }, "geometry": { "type": "Point", "coordinates": [ 4157916.007920265663415, 7528286.860575114376843 ] } },
{ "type": "Feature", "properties": { "id": 208577, "address": "Москва, Фортунатовская Улица 16", "workTime": "Ежедневно 10:00-21:00", "pickupType": 3, "fittingRooms": 3, "status": null }, "geometry": { "type": "Point", "coordinates": [ 4200996.762176753953099, 7516412.82534761633724 ] } },
{ "type": "Feature", "properties": { "id": 208583, "address": "Москва, Улица Руднёвка 33", "workTime": "Ежедневно 10:00-21:00", "pickupType": 3, "fittingRooms": 3, "status": null }, "geometry": { "type": "Point", "coordinates": [ 4218065.045741613954306, 7502238.346178080886602 ] } },
{ "type": "Feature", "properties": { "id": 208619, "address": "Москва, Профсоюзная Улица 102с1", "workTime": "Ежедневно 10:00-21:00", "pickupType": 3, "fittingRooms": 2, "status": null }, "geometry": { "type": "Point", "coordinates": [ 4177387.011374407913536, 7487779.162546064704657 ] } },
{ "type": "Feature", "properties": { "id": 208643, "address": "Москва, Микрорайон Северное Чертаново 1а", "workTime": "Ежедневно 10:00-21:00", "pickupType": 3, "fittingRooms": 3, "status": null }, "geometry": { "type": "Point", "coordinates": [ 4185657.047664931043983, 7486567.907619572244585 ] } },
{ "type": "Feature", "properties": { "id": 208644, "address": "Москва, Волоколамское Шоссе 6", "workTime": "Ежедневно 10:00-21:00", "pickupType": 3, "fittingRooms": 2, "status": null }, "geometry": { "type": "Point", "coordinates": [ 4174569.960340393241495, 7520350.053045731969178 ] } },
{ "type": "Feature", "properties": { "id": 208650, "address": "Москва, Улица Верхние Поля 42к1", "workTime": "Ежедневно 10:00-21:00", "pickupType": null, "fittingRooms": 2, "status": null }, "geometry": { "type": "Point", "coordinates": [ 4205325.197937267832458, 7491895.41629711072892 ] } },
{ "type": "Feature", "properties": { "id": 208652, "address": "Москва, Профсоюзная Улица 109к2", "workTime": "Ежедневно 10:00-21:00", "pickupType": 3, "fittingRooms": 3, "status": null }, "geometry": { "type": "Point", "coordinates": [ 4176693.0456688022241, 7485681.036769259721041 ] } },
{ "type": "Feature", "properties": { "id": 208659, "address": "Москва, 2-Й Стрелецкий Проезд 10", "workTime": "Ежедневно 10:00-21:00", "pickupType": 3, "fittingRooms": 2, "status": null }, "geometry": { "type": "Point", "coordinates": [ 4186397.99019565153867, 7518171.367704313248396 ] } },
{ "type": "Feature", "properties": { "id": 208667, "address": "Москва, Базовская Улица 17", "workTime": "Ежедневно 10:00-21:00", "pickupType": null, "fittingRooms": 2, "status": null }, "geometry": { "type": "Point", "coordinates": [ 4175795.03133657341823, 7534605.124551320448518 ] } },
{ "type": "Feature", "properties": { "id": 208725, "address": "Москва, Улица Гришина 18к1", "workTime": "Ежедневно 10:00-21:00", "pickupType": 3, "fittingRooms": 2, "status": null }, "geometry": { "type": "Point", "coordinates": [ 4165255.969865210819989, 7503574.214539748616517 ] } },
{ "type": "Feature", "properties": { "id": 208733, "address": "Москва, Ленинский Проспект 102", "workTime": "Ежедневно 10:00-21:00", "pickupType": null, "fittingRooms": 2, "status": null }, "geometry": { "type": "Point", "coordinates": [ 4176106.94854977587238, 7492664.966193706728518 ] } },
{ "type": "Feature", "properties": { "id": 208735, "address": "Москва, 1-Й Хорошёвский Проезд 16к1", "workTime": "Ежедневно 09:00-21:00", "pickupType": 3, "fittingRooms": 2, "status": null }, "geometry": { "type": "Point", "coordinates": [ 4179437.961672783829272, 7513668.78754043392837 ] } },
{ "type": "Feature", "properties": { "id": 208743, "address": "Москва, Ставропольская Улица 50/22", "workTime": "Ежедневно 10:00-21:00", "pickupType": null, "fittingRooms": 2, "status": null }, "geometry": { "type": "Point", "coordinates": [ 4203979.790571540594101, 7495261.356518073938787 ] } },
{ "type": "Feature", "properties": { "id": 208748, "address": "Москва, Улица Академика Понтрягина 11к3", "workTime": "Ежедневно 10:00-21:00", "pickupType": 3, "fittingRooms": 2, "status": null }, "geometry": { "type": "Point", "coordinates": [ 4174806.402938838116825, 7466303.373145874589682 ] } },
{ "type": "Feature", "properties": { "id": 208766, "address": "Москва, Луховицкая Улица 3", "workTime": "Ежедневно 10:00-21:00", "pickupType": null, "fittingRooms": 2, "status": null }, "geometry": { "type": "Point", "coordinates": [ 4204574.014013394713402, 7503722.658629951998591 ] } },
{ "type": "Feature", "properties": { "id": 208798, "address": "Москва, Вешняковская Улица 29", "workTime": "Ежедневно 10:00-21:00", "pickupType": 3, "fittingRooms": 3, "status": null }, "geometry": { "type": "Point", "coordinates": [ 4210985.014807671308517, 7503677.78907660394907 ] } },
{ "type": "Feature", "properties": { "id": 208839, "address": "Москва, Улица Авиаторов 5к3", "workTime": "Ежедневно 10:00-21:00", "pickupType": 3, "fittingRooms": 2, "status": null }, "geometry": { "type": "Point", "coordinates": [ 4163116.965849618893117, 7487014.832861125469208 ] } },
{ "type": "Feature", "properties": { "id": 208849, "address": "Москва, Сухонская Улица 11", "workTime": "Ежедневно 10:00-21:00", "pickupType": null, "fittingRooms": 2, "status": null }, "geometry": { "type": "Point", "coordinates": [ 4191593.048191991634667, 7534229.454627367667854 ] } },
{ "type": "Feature", "properties": { "id": 208858, "address": "Москва, Улица Намёткина 13к1", "workTime": "Ежедневно 10:00-21:00", "pickupType": 3, "fittingRooms": 2, "status": null }, "geometry": { "type": "Point", "coordinates": [ 4180732.050753254909068, 7491563.264434164389968 ] } },
{ "type": "Feature", "properties": { "id": 208859, "address": "Москва, Долгопрудная Аллея 14к3", "workTime": "Ежедневно 10:00-21:00", "pickupType": 3, "fittingRooms": 4, "status": null }, "geometry": { "type": "Point", "coordinates": [ 4177255.097777817863971, 7546884.312055869959295 ] } },
{ "type": "Feature", "properties": { "id": 208865, "address": "Москва, Чертановская Улица 45к2", "workTime": "Ежедневно 10:00-21:00", "pickupType": 3, "fittingRooms": 3, "status": null }, "geometry": { "type": "Point", "coordinates": [ 4184733.763808292336762, 7480550.149203310720623 ] } },
{ "type": "Feature", "properties": { "id": 208867, "address": "Москва, Улица Перерва 43", "workTime": "Ежедневно 10:00-21:00", "pickupType": null, "fittingRooms": 2, "status": null }, "geometry": { "type": "Point", "coordinates": [ 4202083.3517263866961, 7490955.63913747202605 ] } },
{ "type": "Feature", "properties": { "id": 208886, "address": "Москва, 3-Я Карачаровская Улица 7", "workTime": "Ежедневно 10:00-21:00", "pickupType": 4, "fittingRooms": 2, "status": null }, "geometry": { "type": "Point", "coordinates": [ 4202033.03531654831022, 7505754.910073801875114 ] } },
{ "type": "Feature", "properties": { "id": 208892, "address": "Москва, Бульвар Адмирала Ушакова 2", "workTime": "Ежедневно 10:00-21:00", "pickupType": 3, "fittingRooms": 2, "status": null }, "geometry": { "type": "Point", "coordinates": [ 4180370.930325122084469, 7469022.761983502656221 ] } },
{ "type": "Feature", "properties": { "id": 208897, "address": "Москва, 10-Я Парковая Улица 15", "workTime": "Ежедневно 10:00-21:00", "pickupType": 3, "fittingRooms": 2, "status": null }, "geometry": { "type": "Point", "coordinates": [ 4208064.993244672194123, 7518309.596903964877129 ] } },
{ "type": "Feature", "properties": { "id": 208903, "address": "Москва, Красноармейская Улица 29", "workTime": "Ежедневно 10:00-21:00", "pickupType": 3, "fittingRooms": 3, "status": null }, "geometry": { "type": "Point", "coordinates": [ 4178419.944929479155689, 7519345.800692539662123 ] } },
{ "type": "Feature", "properties": { "id": 208904, "address": "Москва, Лодочная Улица 31с5", "workTime": "Ежедневно 10:00-21:00", "pickupType": 3, "fittingRooms": 2, "status": null }, "geometry": { "type": "Point", "coordinates": [ 4170145.455859323963523, 7526581.321430074051023 ] } },
{ "type": "Feature", "properties": { "id": 208910, "address": "Москва, Старокрымская Улица 15к1", "workTime": "Ежедневно 10:00-21:00", "pickupType": null, "fittingRooms": 2, "status": null }, "geometry": { "type": "Point", "coordinates": [ 4180925.30138927185908, 7470954.183396089822054 ] } },
{ "type": "Feature", "properties": { "id": 208932, "address": "Москва, Пятницкое Шоссе 21", "workTime": "Ежедневно 08:00-22:00", "pickupType": 3, "fittingRooms": 2, "status": null }, "geometry": { "type": "Point", "coordinates": [ 4160103.881192316766828, 7528149.245535739697516 ] } },
{ "type": "Feature", "properties": { "id": 208945, "address": "Москва, Орликов Переулок 8", "workTime": "Ежедневно 10:00-21:00", "pickupType": null, "fittingRooms": 2, "status": null }, "geometry": { "type": "Point", "coordinates": [ 4191060.273109055589885, 7513048.535099565051496 ] } },
{ "type": "Feature", "properties": { "id": 208952, "address": "Москва, Улица Брусилова 33к1", "workTime": "Ежедневно 10:00-21:00", "pickupType": 3, "fittingRooms": 3, "status": null }, "geometry": { "type": "Point", "coordinates": [ 4185126.276332829147577, 7459726.255566524341702 ] } },
{ "type": "Feature", "properties": { "id": 208982, "address": "Москва, Ленинградский Проспект 33а", "workTime": "Ежедневно 10:00-21:00", "pickupType": null, "fittingRooms": 2, "status": null }, "geometry": { "type": "Point", "coordinates": [ 4180889.011235272977501, 7516417.57708934135735 ] } },
{ "type": "Feature", "properties": { "id": 208986, "address": "Москва, Планерная Улица 7", "workTime": "Ежедневно 10:00-21:00", "pickupType": 3, "fittingRooms": 5, "status": null }, "geometry": { "type": "Point", "coordinates": [ 4167232.002146282698959, 7531187.857733393087983 ] } },
{ "type": "Feature", "properties": { "id": 209007, "address": "Москва, Фрунзенская Набережная 40", "workTime": "Ежедневно 10:00-21:00", "pickupType": 3, "fittingRooms": 3, "status": null }, "geometry": { "type": "Point", "coordinates": [ 4183746.69388342788443, 7503051.816828153096139 ] } },
{ "type": "Feature", "properties": { "id": 209037, "address": "Москва, Тарусская Улица 18к2", "workTime": "Ежедневно 10:00-21:00", "pickupType": 3, "fittingRooms": 2, "status": null }, "geometry": { "type": "Point", "coordinates": [ 4177688.019277513492852, 7479631.061502614058554 ] } },
{ "type": "Feature", "properties": { "id": 209047, "address": "Москва, Будайский Проезд 7к1", "workTime": "Ежедневно 10:00-21:00", "pickupType": 3, "fittingRooms": 2, "status": null }, "geometry": { "type": "Point", "coordinates": [ 4193084.952007602434605, 7525839.702135166153312 ] } },
{ "type": "Feature", "properties": { "id": 209054, "address": "Москва, Библиотечная Улица 15/8", "workTime": "Ежедневно 10:00-21:00", "pickupType": 3, "fittingRooms": 2, "status": null }, "geometry": { "type": "Point", "coordinates": [ 4193630.640151471365243, 7507753.680791673250496 ] } },
{ "type": "Feature", "properties": { "id": 209092, "address": "Москва, Широкая Улица 12б", "workTime": "Ежедневно 10:00-21:00", "pickupType": 3, "fittingRooms": 2, "status": null }, "geometry": { "type": "Point", "coordinates": [ 4192327.979470208287239, 7535875.949469801038504 ] } },
{ "type": "Feature", "properties": { "id": 209097, "address": "Москва, Улица Ремизова 9", "workTime": "Ежедневно 10:00-21:00", "pickupType": 3, "fittingRooms": 3, "status": null }, "geometry": { "type": "Point", "coordinates": [ 4185792.968763189855963, 7494264.312045753933489 ] } },
{ "type": "Feature", "properties": { "id": 209101, "address": "Москва, Кривоарбатский Переулок 12", "workTime": "Ежедневно 10:00-21:00", "pickupType": 3, "fittingRooms": 2, "status": null }, "geometry": { "type": "Point", "coordinates": [ 4184425.965416248422116, 7508397.637255052104592 ] } },
{ "type": "Feature", "properties": { "id": 209104, "address": "Москва, Свободный Проспект 30", "workTime": "Ежедневно 10:00-21:00", "pickupType": 3, "fittingRooms": 2, "status": null }, "geometry": { "type": "Point", "coordinates": [ 4209461.718895656056702, 7508143.489541135728359 ] } },
{ "type": "Feature", "properties": { "id": 209105, "address": "Москва, Нижняя Красносельская Улица 32/29с3", "workTime": "пн - пт 09:00-21:00 сб, вс 10:00-21:00", "pickupType": 3, "fittingRooms": 3, "status": 3 }, "geometry": { "type": "Point", "coordinates": [ 4193384.958035290706903, 7513939.347222966141999 ] } },
{ "type": "Feature", "properties": { "id": 209116, "address": "Москва, Москва, Суздальская улица, 12к4", "workTime": "Ежедневно 10:00-21:00", "pickupType": 4, "fittingRooms": 2, "status": null }, "geometry": { "type": "Point", "coordinates": [ 4213503.952245340682566, 7506402.061212380416691 ] } },
{ "type": "Feature", "properties": { "id": 209117, "address": "Москва, Покровская Улица 23", "workTime": "Ежедневно 10:00-21:00", "pickupType": 3, "fittingRooms": 2, "status": null }, "geometry": { "type": "Point", "coordinates": [ 4222129.876947930082679, 7499404.51717013027519 ] } },
{ "type": "Feature", "properties": { "id": 209122, "address": "Москва, Улица Брусилова 7", "workTime": "Ежедневно 10:00-21:00", "pickupType": 3, "fittingRooms": 2, "status": null }, "geometry": { "type": "Point", "coordinates": [ 4182971.464949543587863, 7459638.008801262825727 ] } },
{ "type": "Feature", "properties": { "id": 209123, "address": "Москва, Нахимовский Проспект 1к1", "workTime": "Ежедневно 10:00-21:00", "pickupType": 3, "fittingRooms": 2, "status": null }, "geometry": { "type": "Point", "coordinates": [ 4187601.019932654220611, 7491534.450982651673257 ] } },
{ "type": "Feature", "properties": { "id": 209148, "address": "Москва, Хабаровская Улица 4к1", "workTime": "Ежедневно 10:00-21:00", "pickupType": 3, "fittingRooms": 2, "status": null }, "geometry": { "type": "Point", "coordinates": [ 4211142.977165106683969, 7522087.698727301321924 ] } },
{ "type": "Feature", "properties": { "id": 209149, "address": "Москва, Улица Плещеева 8", "workTime": "Ежедневно 10:00-21:00", "pickupType": 3, "fittingRooms": 2, "status": null }, "geometry": { "type": "Point", "coordinates": [ 4186696.103791995439678, 7535621.092872202396393 ] } },
{ "type": "Feature", "properties": { "id": 209151, "address": "Москва, Отрадная Улица 20", "workTime": "Ежедневно 10:00-21:00", "pickupType": 3, "fittingRooms": 2, "status": null }, "geometry": { "type": "Point", "coordinates": [ 4187688.962330380920321, 7529433.285382737405598 ] } },
{ "type": "Feature", "properties": { "id": 209178, "address": "Москва, Волочаевская Улица 2к1", "workTime": "Ежедневно 10:00-21:00", "pickupType": 3, "fittingRooms": 2, "status": null }, "geometry": { "type": "Point", "coordinates": [ 4195078.016170766204596, 7510406.786621847189963 ] } },
{ "type": "Feature", "properties": { "id": 209179, "address": "Москва, Улица Молодцова 2к1", "workTime": "Ежедневно 10:00-21:00", "pickupType": 3, "fittingRooms": 2, "status": null }, "geometry": { "type": "Point", "coordinates": [ 4190457.255427427589893, 7534269.541089058853686 ] } },
{ "type": "Feature", "properties": { "id": 209199, "address": "Москва, Сиреневый Бульвар 73к1", "workTime": "Ежедневно 10:00-21:00", "pickupType": null, "fittingRooms": 2, "status": null }, "geometry": { "type": "Point", "coordinates": [ 4210960.635839187540114, 7519422.650097451172769 ] } },
{ "type": "Feature", "properties": { "id": 209225, "address": "Москва, Улица Маршала Тимошенко 44", "workTime": "Ежедневно 10:00-21:00", "pickupType": 3, "fittingRooms": 2, "status": null }, "geometry": { "type": "Point", "coordinates": [ 4163871.044080252293497, 7509038.878262294456363 ] } },
{ "type": "Feature", "properties": { "id": 209251, "address": "Москва, Зеленоград, Берёзовая аллея, 8", "workTime": "Ежедневно 10:00-21:00", "pickupType": 4, "fittingRooms": 2, "status": null }, "geometry": { "type": "Point", "coordinates": [ 4140807.315380247775465, 7558187.722343640401959 ] } },
{ "type": "Feature", "properties": { "id": 209262, "address": "Москва, Восточная Улица 2к1", "workTime": "Ежедневно 10:00-21:00", "pickupType": 3, "fittingRooms": 2, "status": null }, "geometry": { "type": "Point", "coordinates": [ 4192358.926288649439812, 7502176.884799302555621 ] } },
{ "type": "Feature", "properties": { "id": 209263, "address": "Москва, Чечёрский Проезд 30", "workTime": "Ежедневно 10:00-21:00", "pickupType": 3, "fittingRooms": 2, "status": null }, "geometry": { "type": "Point", "coordinates": [ 4178456.569041949696839, 7466321.076970329508185 ] } },
{ "type": "Feature", "properties": { "id": 209270, "address": "Москва, Большая Очаковская Улица 42к1", "workTime": "Ежедневно 10:00-21:00", "pickupType": 3, "fittingRooms": 2, "status": null }, "geometry": { "type": "Point", "coordinates": [ 4168338.963162730447948, 7494349.598736323416233 ] } },
{ "type": "Feature", "properties": { "id": 209277, "address": "Москва, Улица Металлургов 60к1", "workTime": "Ежедневно 10:00-21:00", "pickupType": 3, "fittingRooms": 2, "status": null }, "geometry": { "type": "Point", "coordinates": [ 4208760.962701112031937, 7510725.505529486574233 ] } },
{ "type": "Feature", "properties": { "id": 209280, "address": "Москва, Ходынский Бульвар 13", "workTime": "Ежедневно 10:00-21:00", "pickupType": 3, "fittingRooms": 2, "status": null }, "geometry": { "type": "Point", "coordinates": [ 4177060.622627402190119, 7515822.246242488734424 ] } },
{ "type": "Feature", "properties": { "id": 209286, "address": "Москва, Москва, набережная Академика Туполева, 15Б", "workTime": "Ежедневно 10:00-21:00", "pickupType": 4, "fittingRooms": 2, "status": null }, "geometry": { "type": "Point", "coordinates": [ 4194725.777813483960927, 7510958.050835554488003 ] } },
{ "type": "Feature", "properties": { "id": 209295, "address": "Москва, Дмитровское Шоссе 51к1", "workTime": "Ежедневно 10:00-21:00", "pickupType": 3, "fittingRooms": 2, "status": null }, "geometry": { "type": "Point", "coordinates": [ 4182151.040302397217602, 7527122.365925202146173 ] } },
{ "type": "Feature", "properties": { "id": 209298, "address": "Москва, Профсоюзная Улица 15", "workTime": "Ежедневно 10:00-21:00", "pickupType": 3, "fittingRooms": 2, "status": null }, "geometry": { "type": "Point", "coordinates": [ 4181753.963678737170994, 7494878.71314113587141 ] } },
{ "type": "Feature", "properties": { "id": 209302, "address": "Москва, Улица Подольских Курсантов 10", "workTime": "Ежедневно 10:00-22:00", "pickupType": 3, "fittingRooms": 4, "status": null }, "geometry": { "type": "Point", "coordinates": [ 4187404.429711912758648, 7480823.098308328539133 ] } },
{ "type": "Feature", "properties": { "id": 209435, "address": "Москва, Улица Перерва 45", "workTime": "Ежедневно 10:00-22:00", "pickupType": 3, "fittingRooms": 3, "status": null }, "geometry": { "type": "Point", "coordinates": [ 4202138.009596366435289, 7491026.680874829180539 ] } },
{ "type": "Feature", "properties": { "id": 209436, "address": "Москва, Улица Покрышкина 1к1", "workTime": "Ежедневно 10:00-22:00", "pickupType": 3, "fittingRooms": 2, "status": null }, "geometry": { "type": "Point", "coordinates": [ 4172114.029734512325376, 7491687.795039479620755 ] } },
{ "type": "Feature", "properties": { "id": 209437, "address": "Москва, Минская Улица 1гк2", "workTime": "Ежедневно 10:00-21:00", "pickupType": 3, "fittingRooms": 3, "status": null }, "geometry": { "type": "Point", "coordinates": [ 4174377.043662848416716, 7501319.440907877869904 ] } },
{ "type": "Feature", "properties": { "id": 209449, "address": "Москва, 1-Й Сетуньский Проезд 12", "workTime": "Ежедневно 10:00-21:00", "pickupType": null, "fittingRooms": 2, "status": null }, "geometry": { "type": "Point", "coordinates": [ 4178884.035886596422642, 7505395.075599434785545 ] } },
{ "type": "Feature", "properties": { "id": 209466, "address": "Москва, Улица Молодцова 19к2", "workTime": "Ежедневно 10:00-21:00", "pickupType": 3, "fittingRooms": 2, "status": null }, "geometry": { "type": "Point", "coordinates": [ 4189261.127498853951693, 7533998.068533950485289 ] } },
{ "type": "Feature", "properties": { "id": 209480, "address": "Москва, Улица Черняховского 19", "workTime": "Ежедневно 10:00-21:00", "pickupType": 3, "fittingRooms": 4, "status": null }, "geometry": { "type": "Point", "coordinates": [ 4178851.085317321121693, 7520356.391937496140599 ] } },
{ "type": "Feature", "properties": { "id": 209488, "address": "Москва, Улица Барышиха 30", "workTime": "Ежедневно 10:00-21:00", "pickupType": 3, "fittingRooms": 2, "status": null }, "geometry": { "type": "Point", "coordinates": [ 4157291.950854878406972, 7528253.745492438785732 ] } },
{ "type": "Feature", "properties": { "id": 209503, "address": "Москва, Улица Генерала Белобородова 24", "workTime": "Ежедневно 10:00-21:00", "pickupType": 3, "fittingRooms": 4, "status": null }, "geometry": { "type": "Point", "coordinates": [ 4158238.055207130499184, 7524849.599944190122187 ] } },
{ "type": "Feature", "properties": { "id": 209504, "address": "Москва, Липецкая Улица 34/25", "workTime": "Ежедневно 10:00-21:00", "pickupType": 3, "fittingRooms": 3, "status": null }, "geometry": { "type": "Point", "coordinates": [ 4193896.025817522313446, 7476651.477998450398445 ] } },
{ "type": "Feature", "properties": { "id": 209509, "address": "Москва, Ташкентская Улица 25к1", "workTime": "Ежедневно 10:00-21:00", "pickupType": 3, "fittingRooms": 3, "status": null }, "geometry": { "type": "Point", "coordinates": [ 4209154.811059538275003, 7499029.767716439440846 ] } },
{ "type": "Feature", "properties": { "id": 209546, "address": "Москва, Улица Героев Панфиловцев 5к3с1", "workTime": "Ежедневно 10:00-21:00", "pickupType": 3, "fittingRooms": 2, "status": null }, "geometry": { "type": "Point", "coordinates": [ 4166966.950438703875989, 7529625.66190195735544 ] } },
{ "type": "Feature", "properties": { "id": 209547, "address": "Москва, 1-Й Очаковский Переулок 1", "workTime": "Ежедневно 10:00-21:00", "pickupType": 3, "fittingRooms": 2, "status": null }, "geometry": { "type": "Point", "coordinates": [ 4170181.968652303796262, 7495998.067513826303184 ] } },
{ "type": "Feature", "properties": { "id": 209549, "address": "Москва, Улица Каховка 29а", "workTime": "Ежедневно 10:00-22:00", "pickupType": 3, "fittingRooms": 2, "status": null }, "geometry": { "type": "Point", "coordinates": [ 4182202.024629180785269, 7490308.005426479503512 ] } },
{ "type": "Feature", "properties": { "id": 209566, "address": "Москва, Большая Академическая Улица 37к2", "workTime": "Ежедневно 10:00-21:00", "pickupType": 3, "fittingRooms": 4, "status": null }, "geometry": { "type": "Point", "coordinates": [ 4178015.966497390531003, 7525114.01118640974164 ] } },
{ "type": "Feature", "properties": { "id": 209570, "address": "Москва, Вешняковская Улица 12бс1", "workTime": "Ежедневно 10:00-21:00", "pickupType": 3, "fittingRooms": 2, "status": null }, "geometry": { "type": "Point", "coordinates": [ 4210719.963100092485547, 7505799.000836269930005 ] } },
{ "type": "Feature", "properties": { "id": 209579, "address": "Москва, Бескудниковский Бульвар 32к5", "workTime": "Ежедневно 10:00-21:00", "pickupType": 3, "fittingRooms": 3, "status": null }, "geometry": { "type": "Point", "coordinates": [ 4180837.581630527041852, 7532923.980354714207351 ] } },
{ "type": "Feature", "properties": { "id": 209584, "address": "Москва, Волоколамское Шоссе 71к5", "workTime": "Ежедневно 10:00-21:00", "pickupType": null, "fittingRooms": 2, "status": null }, "geometry": { "type": "Point", "coordinates": [ 4166683.976293107029051, 7521873.121580563485622 ] } },
{ "type": "Feature", "properties": { "id": 209608, "address": "Москва, Улица Каховка 20а", "workTime": "Ежедневно 10:00-21:00", "pickupType": 3, "fittingRooms": 2, "status": null }, "geometry": { "type": "Point", "coordinates": [ 4181948.77278762543574, 7490738.965873780660331 ] } },
{ "type": "Feature", "properties": { "id": 209640, "address": "Москва, Улица Героев Панфиловцев 7к6", "workTime": "Ежедневно 10:00-21:00", "pickupType": null, "fittingRooms": 2, "status": null }, "geometry": { "type": "Point", "coordinates": [ 4167086.95284977927804, 7529651.643016436137259 ] } },
{ "type": "Feature", "properties": { "id": 209648, "address": "Москва, Бульвар Яна Райниса 4к1", "workTime": "Ежедневно 09:00-21:00", "pickupType": 3, "fittingRooms": 3, "status": null }, "geometry": { "type": "Point", "coordinates": [ 4166749.320834203157574, 7528763.574897578917444 ] } },
{ "type": "Feature", "properties": { "id": 209656, "address": "Москва, Россошанская Улица 4к1", "workTime": "Ежедневно 10:00-21:00", "pickupType": 3, "fittingRooms": 3, "status": null }, "geometry": { "type": "Point", "coordinates": [ 4186807.089324316941202, 7477790.652855661697686 ] } },
{ "type": "Feature", "properties": { "id": 209676, "address": "Москва, Улица Героев Панфиловцев 22ас1", "workTime": "Ежедневно 10:00-21:00", "pickupType": 3, "fittingRooms": 2, "status": null }, "geometry": { "type": "Point", "coordinates": [ 4164560.000408771913499, 7529923.359156343154609 ] } },
{ "type": "Feature", "properties": { "id": 209678, "address": "Москва, Балаклавский Проспект 24к1", "workTime": "Ежедневно 10:00-21:00", "pickupType": 3, "fittingRooms": 3, "status": null }, "geometry": { "type": "Point", "coordinates": [ 4185304.053559625521302, 7487706.375377980992198 ] } },
{ "type": "Feature", "properties": { "id": 209687, "address": "Москва, Перовская Улица 66к9", "workTime": "Ежедневно 10:00-22:00", "pickupType": 3, "fittingRooms": 4, "status": null }, "geometry": { "type": "Point", "coordinates": [ 4208632.945286699570715, 7507582.811931014060974 ] } },
{ "type": "Feature", "properties": { "id": 209697, "address": "Москва, Волжский Бульвар 1к1", "workTime": "Ежедневно 10:00-21:00", "pickupType": 3, "fittingRooms": 2, "status": null }, "geometry": { "type": "Point", "coordinates": [ 4201576.06880684196949, 7502836.385011369362473 ] } },
{ "type": "Feature", "properties": { "id": 209720, "address": "Москва, Колодезный Переулок 3с17", "workTime": "Ежедневно 10:00-21:00", "pickupType": 3, "fittingRooms": 2, "status": null }, "geometry": { "type": "Point", "coordinates": [ 4196615.449658111669123, 7518013.932020687498152 ] } },
{ "type": "Feature", "properties": { "id": 209722, "address": "Москва, Улица Михайлова 30ак1", "workTime": "Ежедневно 10:00-21:00", "pickupType": 3, "fittingRooms": 2, "status": null }, "geometry": { "type": "Point", "coordinates": [ 4205037.993651022203267, 7503819.712168444879353 ] } },
{ "type": "Feature", "properties": { "id": 209723, "address": "Москва, Улица Приорова 2а", "workTime": "Ежедневно 10:00-22:00", "pickupType": 3, "fittingRooms": 2, "status": null }, "geometry": { "type": "Point", "coordinates": [ 4178114.038968779146671, 7522318.133098170161247 ] } },
{ "type": "Feature", "properties": { "id": 209724, "address": "Москва, Улица Красного Маяка 11к4", "workTime": "Ежедневно 10:00-21:00", "pickupType": 3, "fittingRooms": 2, "status": null }, "geometry": { "type": "Point", "coordinates": [ 4183943.952021113596857, 7481312.657168364152312 ] } },
{ "type": "Feature", "properties": { "id": 209761, "address": "Москва, Шелепихинская Набережная 34к1", "workTime": "Ежедневно 10:00-21:00", "pickupType": 3, "fittingRooms": 4, "status": null }, "geometry": { "type": "Point", "coordinates": [ 4175872.954980128444731, 7511048.194633582606912 ] } },
{ "type": "Feature", "properties": { "id": 209771, "address": "Москва, Сельскохозяйственная Улица 37", "workTime": "Ежедневно 10:00-21:00", "pickupType": null, "fittingRooms": 2, "status": null }, "geometry": { "type": "Point", "coordinates": [ 4188355.654760742094368, 7529567.551787372678518 ] } },
{ "type": "Feature", "properties": { "id": 209774, "address": "Москва, Пролетарский Проспект 19к3", "workTime": "Ежедневно 10:00-21:00", "pickupType": 3, "fittingRooms": 2, "status": null }, "geometry": { "type": "Point", "coordinates": [ 4192072.389919347129762, 7487209.902335019782186 ] } },
{ "type": "Feature", "properties": { "id": 209791, "address": "Москва, Улица Свободы 39", "workTime": "Ежедневно 10:00-21:00", "pickupType": 3, "fittingRooms": 5, "status": null }, "geometry": { "type": "Point", "coordinates": [ 4169454.050502006430179, 7526983.978632432408631 ] } },
{ "type": "Feature", "properties": { "id": 209792, "address": "Москва, Луговой Проезд 6", "workTime": "Ежедневно 10:00-21:00", "pickupType": 3, "fittingRooms": 3, "status": null }, "geometry": { "type": "Point", "coordinates": [ 4202448.479656188748777, 7488916.822390365414321 ] } },
{ "type": "Feature", "properties": { "id": 209803, "address": "Москва, Щёлковское Шоссе 97", "workTime": "Ежедневно 10:00-21:00", "pickupType": 3, "fittingRooms": 3, "status": null }, "geometry": { "type": "Point", "coordinates": [ 4211659.054324423894286, 7521618.727603302337229 ] } },
{ "type": "Feature", "properties": { "id": 209825, "address": "Москва, Улица Тихомирова 1", "workTime": "Ежедневно 10:00-21:00", "pickupType": 3, "fittingRooms": 2, "status": null }, "geometry": { "type": "Point", "coordinates": [ 4190759.487844931893051, 7535296.976684196852148 ] } },
{ "type": "Feature", "properties": { "id": 209843, "address": "Москва, Улица Исаковского 20к1", "workTime": "Ежедневно 10:00-21:00", "pickupType": 3, "fittingRooms": 2, "status": null }, "geometry": { "type": "Point", "coordinates": [ 4164633.025994732044637, 7520954.25208979845047 ] } },
{ "type": "Feature", "properties": { "id": 209851, "address": "Москва, Суздальская Улица 18г", "workTime": "Ежедневно 10:00-22:00", "pickupType": 3, "fittingRooms": 3, "status": null }, "geometry": { "type": "Point", "coordinates": [ 4213615.049097152426839, 7507010.507912519387901 ] } },
{ "type": "Feature", "properties": { "id": 209852, "address": "Москва, Улица Полины Осипенко 8", "workTime": "Ежедневно 10:00-21:00", "pickupType": 3, "fittingRooms": 3, "status": null }, "geometry": { "type": "Point", "coordinates": [ 4178537.943589719943702, 7514721.787184257991612 ] } },
{ "type": "Feature", "properties": { "id": 209865, "address": "Москва, Елецкая Улица 4/11", "workTime": "Ежедневно 10:00-21:00", "pickupType": 3, "fittingRooms": 2, "status": null }, "geometry": { "type": "Point", "coordinates": [ 4200189.807187993079424, 7481352.272586834616959 ] } },
{ "type": "Feature", "properties": { "id": 209885, "address": "Москва, Каширское Шоссе 144к1", "workTime": "Ежедневно 10:00-21:00", "pickupType": 3, "fittingRooms": 2, "status": null }, "geometry": { "type": "Point", "coordinates": [ 4199380.848448398523033, 7478558.011188076809049 ] } },
{ "type": "Feature", "properties": { "id": 209941, "address": "Москва, Улица Демьяна Бедного 2к3", "workTime": "Ежедневно 10:00-21:00", "pickupType": null, "fittingRooms": 2, "status": null }, "geometry": { "type": "Point", "coordinates": [ 4173308.042592761106789, 7512685.58982596360147 ] } },
{ "type": "Feature", "properties": { "id": 209969, "address": "Москва, Улица Корнейчука 46", "workTime": "Ежедневно 10:00-21:00", "pickupType": 3, "fittingRooms": 4, "status": null }, "geometry": { "type": "Point", "coordinates": [ 4189124.315844669006765, 7537604.790510076098144 ] } },
{ "type": "Feature", "properties": { "id": 209979, "address": "Москва, Яхромская Улица 1а", "workTime": "Ежедневно 10:00-21:00", "pickupType": null, "fittingRooms": 2, "status": null }, "geometry": { "type": "Point", "coordinates": [ 4178740.990340926684439, 7534891.701775513589382 ] } },
{ "type": "Feature", "properties": { "id": 209985, "address": "Москва, Улица 800-Летия Москвы 4к2", "workTime": "Ежедневно 10:00-21:00", "pickupType": null, "fittingRooms": 2, "status": null }, "geometry": { "type": "Point", "coordinates": [ 4178518.017400867771357, 7533788.517313719727099 ] } },
{ "type": "Feature", "properties": { "id": 210058, "address": "Москва, Суворовская Улица 10", "workTime": "Ежедневно 10:00-21:00", "pickupType": 3, "fittingRooms": 2, "status": null }, "geometry": { "type": "Point", "coordinates": [ 4197981.005851673893631, 7517012.953892461955547 ] } },
{ "type": "Feature", "properties": { "id": 210094, "address": "Москва, Кастанаевская Улица 55к1", "workTime": "Ежедневно 10:00-21:00", "pickupType": 3, "fittingRooms": 4, "status": null }, "geometry": { "type": "Point", "coordinates": [ 4169921.035765884444118, 7505028.338494498282671 ] } },
{ "type": "Feature", "properties": { "id": 210129, "address": "Москва, Улица Ленинская Слобода 26с2", "workTime": "Ежедневно 10:00-22:00", "pickupType": 3, "fittingRooms": 2, "status": null }, "geometry": { "type": "Point", "coordinates": [ 4191916.987910199910402, 7501323.392954397015274 ] } },
{ "type": "Feature", "properties": { "id": 210135, "address": "Москва, Улица Сокольнический Вал 38", "workTime": "Ежедневно 08:00 – 22:00\n", "pickupType": null, "fittingRooms": 2, "status": null }, "geometry": { "type": "Point", "coordinates": [ 4193495.053011685609818, 7516954.740764456801116 ] } },
{ "type": "Feature", "properties": { "id": 210149, "address": "Москва, Ленинский Проспект 36", "workTime": "Ежедневно 10:00-22:00", "pickupType": 3, "fittingRooms": 2, "status": null }, "geometry": { "type": "Point", "coordinates": [ 4182640.623422906268388, 7500030.39129021205008 ] } },
{ "type": "Feature", "properties": { "id": 210152, "address": "Москва, Улица Богородский Вал 6к2", "workTime": "Ежедневно 10:00-21:00", "pickupType": 3, "fittingRooms": 2, "status": null }, "geometry": { "type": "Point", "coordinates": [ 4197381.216435278765857, 7519036.430165586061776 ] } },
{ "type": "Feature", "properties": { "id": 210159, "address": "Москва, Луговой Проезд 7", "workTime": "Ежедневно 10:00-21:00", "pickupType": 3, "fittingRooms": 2, "status": null }, "geometry": { "type": "Point", "coordinates": [ 4202690.042951210401952, 7488592.097814442589879 ] } },
{ "type": "Feature", "properties": { "id": 210160, "address": "Москва, Южный Бульвар 4", "workTime": "Ежедневно 10:00-21:00", "pickupType": 3, "fittingRooms": 2, "status": null }, "geometry": { "type": "Point", "coordinates": [ 4185498.973988004494458, 7470936.862617812119424 ] } },
{ "type": "Feature", "properties": { "id": 210186, "address": "Москва, Москва, Дмитровское шоссе, 73Б", "workTime": "Ежедневно 10:00-21:00", "pickupType": 4, "fittingRooms": 2, "status": null }, "geometry": { "type": "Point", "coordinates": [ 4180683.960733232554048, 7529827.166580718941987 ] } },
{ "type": "Feature", "properties": { "id": 210199, "address": "Москва, Большая Переяславская Улица 52с1", "workTime": "Ежедневно 10:00-21:00", "pickupType": 3, "fittingRooms": 4, "status": null }, "geometry": { "type": "Point", "coordinates": [ 4190140.996754083782434, 7516290.271020439453423 ] } },
{ "type": "Feature", "properties": { "id": 210203, "address": "Москва, Большая Филёвская Улица 3к1", "workTime": "Ежедневно 10:00-21:00", "pickupType": 3, "fittingRooms": 2, "status": null }, "geometry": { "type": "Point", "coordinates": [ 4176290.959668057505041, 7509133.031644453294575 ] } },
{ "type": "Feature", "properties": { "id": 210239, "address": "Москва, Улица Миклухо-Маклая 32а", "workTime": "Ежедневно 10:00-22:00", "pickupType": 3, "fittingRooms": 4, "status": null }, "geometry": { "type": "Point", "coordinates": [ 4177860.007890788372606, 7487284.460017275065184 ] } },
{ "type": "Feature", "properties": { "id": 210262, "address": "Москва, Улица Намёткина 9", "workTime": "Ежедневно 10:00-21:00", "pickupType": 3, "fittingRooms": 4, "status": null }, "geometry": { "type": "Point", "coordinates": [ 4180310.372522129677236, 7491749.370343646965921 ] } },
{ "type": "Feature", "properties": { "id": 210264, "address": "Москва, Свободный Проспект 32", "workTime": "Ежедневно 10:00-21:00", "pickupType": 3, "fittingRooms": 3, "status": null }, "geometry": { "type": "Point", "coordinates": [ 4209409.955332436598837, 7507960.943469233810902 ] } },
{ "type": "Feature", "properties": { "id": 210268, "address": "Москва, Улица Зои И Александра Космодемьянских 35/1", "workTime": "Ежедневно 10:00-21:00", "pickupType": null, "fittingRooms": 2, "status": null }, "geometry": { "type": "Point", "coordinates": [ 4177364.970115231350064, 7523688.002521605230868 ] } },
{ "type": "Feature", "properties": { "id": 210281, "address": "Москва, Инженерная Улица 15", "workTime": "Ежедневно 10:00-21:00", "pickupType": 3, "fittingRooms": 2, "status": null }, "geometry": { "type": "Point", "coordinates": [ 4182432.01069715898484, 7534486.845092905685306 ] } },
{ "type": "Feature", "properties": { "id": 210412, "address": "Москва, Южнобутовская Улица 66", "workTime": "Ежедневно 10:00-21:00", "pickupType": 3, "fittingRooms": 2, "status": null }, "geometry": { "type": "Point", "coordinates": [ 4177305.636826637666672, 7466540.60775959957391 ] } },
{ "type": "Feature", "properties": { "id": 210428, "address": "Москва, Улица Соловьиная Роща 8", "workTime": "Ежедневно 10:00-21:00", "pickupType": null, "fittingRooms": 2, "status": null }, "geometry": { "type": "Point", "coordinates": [ 4163442.018762734718621, 7536878.983371764421463 ] } },
{ "type": "Feature", "properties": { "id": 210430, "address": "Москва, Москва, Астраханский переулок, 5", "workTime": "пн - пт 09:00-21:00 сб, вс 10:00-21:00", "pickupType": 4, "fittingRooms": 2, "status": null }, "geometry": { "type": "Point", "coordinates": [ 4190146.340089642442763, 7514524.437771678902209 ] } },
{ "type": "Feature", "properties": { "id": 210442, "address": "Москва, 13-Я Парковая Улица 27к1", "workTime": "Ежедневно 10:00-21:00", "pickupType": 3, "fittingRooms": 2, "status": null }, "geometry": { "type": "Point", "coordinates": [ 4209181.193778856657445, 7519739.959100367501378 ] } },
{ "type": "Feature", "properties": { "id": 210448, "address": "Москва, Улица Серпуховский Вал 18/28", "workTime": "Ежедневно 10:00-21:00", "pickupType": null, "fittingRooms": 2, "status": null }, "geometry": { "type": "Point", "coordinates": [ 4187072.586309858597815, 7501307.584780456498265 ] } },
{ "type": "Feature", "properties": { "id": 210480, "address": "Москва, Плавский Проезд 6", "workTime": "Ежедневно 10:00-21:00", "pickupType": 3, "fittingRooms": 2, "status": null }, "geometry": { "type": "Point", "coordinates": [ 4178193.298446224071085, 7469096.160563296638429 ] } },
{ "type": "Feature", "properties": { "id": 210493, "address": "Москва, Дмитровское Шоссе 71а", "workTime": "Ежедневно 10:00-21:00", "pickupType": 3, "fittingRooms": 2, "status": null }, "geometry": { "type": "Point", "coordinates": [ 4181095.954168658237904, 7529675.839247624389827 ] } },
{ "type": "Feature", "properties": { "id": 210511, "address": "Москва, Улица Плеханова 22", "workTime": "Ежедневно 10:00-21:00", "pickupType": 4, "fittingRooms": 2, "status": null }, "geometry": { "type": "Point", "coordinates": [ 4203993.037590945139527, 7507256.114873575977981 ] } },
{ "type": "Feature", "properties": { "id": 210512, "address": "Москва, Ивантеевская Улица 13к1", "workTime": "Ежедневно 10:00-21:00", "pickupType": null, "fittingRooms": 2, "status": null }, "geometry": { "type": "Point", "coordinates": [ 4199655.028354222886264, 7522277.118050260469317 ] } },
{ "type": "Feature", "properties": { "id": 210562, "address": "Москва, Москва, Каланчёвская улица, 47", "workTime": "Ежедневно 10:00-21:00", "pickupType": 4, "fittingRooms": 2, "status": null }, "geometry": { "type": "Point", "coordinates": [ 4190748.133256870787591, 7514461.88876087218523 ] } },
{ "type": "Feature", "properties": { "id": 210564, "address": "Москва, Каширское Шоссе 70к3", "workTime": "Ежедневно 10:00-21:00", "pickupType": 3, "fittingRooms": 2, "status": null }, "geometry": { "type": "Point", "coordinates": [ 4194127.347719391342252, 7487586.248462123796344 ] } },
{ "type": "Feature", "properties": { "id": 210627, "address": "Москва, Рязанский Проспект 2/1к4", "workTime": "Ежедневно 10:00-21:00", "pickupType": 4, "fittingRooms": 2, "status": null }, "geometry": { "type": "Point", "coordinates": [ 4201178.43558572884649, 7504271.788213981315494 ] } },
{ "type": "Feature", "properties": { "id": 210657, "address": "Москва, Боровское Шоссе 50", "workTime": "Ежедневно 10:00-21:00", "pickupType": 3, "fittingRooms": 3, "status": null }, "geometry": { "type": "Point", "coordinates": [ 4157493.995730668772012, 7486264.186772348359227 ] } },
{ "type": "Feature", "properties": { "id": 210662, "address": "Москва, Каширское Шоссе 7к1", "workTime": "Ежедневно 10:00-21:00", "pickupType": 3, "fittingRooms": 2, "status": null }, "geometry": { "type": "Point", "coordinates": [ 4188833.660654208622873, 7492926.500349830836058 ] } },
{ "type": "Feature", "properties": { "id": 210665, "address": "Москва, 4-Й Вятский Переулок 14", "workTime": "Ежедневно 10:00-21:00", "pickupType": 3, "fittingRooms": 4, "status": null }, "geometry": { "type": "Point", "coordinates": [ 4182734.020475681405514, 7518869.866411161608994 ] } },
{ "type": "Feature", "properties": { "id": 210671, "address": "Москва, Улица Ватутина 18к2", "workTime": "Ежедневно 10:00-21:00", "pickupType": null, "fittingRooms": 2, "status": null }, "geometry": { "type": "Point", "coordinates": [ 4169150.036972650326788, 7503387.823406780138612 ] } },
{ "type": "Feature", "properties": { "id": 210672, "address": "Москва, Нахимовский Проспект 61к2", "workTime": "Ежедневно 10:00-21:00", "pickupType": null, "fittingRooms": 2, "status": null }, "geometry": { "type": "Point", "coordinates": [ 4181058.996097715105861, 7494769.530969045124948 ] } },
{ "type": "Feature", "properties": { "id": 210681, "address": "Москва, Улица Бутлерова 4к3", "workTime": "Ежедневно 10:00-21:00", "pickupType": 3, "fittingRooms": 3, "status": null }, "geometry": { "type": "Point", "coordinates": [ 4177048.822761378251016, 7489475.948813609778881 ] } },
{ "type": "Feature", "properties": { "id": 210706, "address": "Москва, Москва, Домодедовская улица, 7к1с2", "workTime": "Ежедневно 10:00-21:00", "pickupType": 4, "fittingRooms": 2, "status": null }, "geometry": { "type": "Point", "coordinates": [ 4197696.763220477849245, 7481794.338260720483959 ] } },
{ "type": "Feature", "properties": { "id": 210707, "address": "Москва, Москва, Рублёвское шоссе, 40к2", "workTime": "Ежедневно 10:00-21:00", "pickupType": 4, "fittingRooms": 2, "status": null }, "geometry": { "type": "Point", "coordinates": [ 4165004.041946360841393, 7508877.595594850368798 ] } },
{ "type": "Feature", "properties": { "id": 210709, "address": "Москва, Улица Зорге 10к3", "workTime": "Ежедневно 10:00-21:00", "pickupType": 3, "fittingRooms": 2, "status": null }, "geometry": { "type": "Point", "coordinates": [ 4175901.675408753100783, 7515146.392557157203555 ] } },
{ "type": "Feature", "properties": { "id": 210734, "address": "Москва, Нижегородская Улица 56", "workTime": "Ежедневно 10:00-21:00", "pickupType": 3, "fittingRooms": 2, "status": null }, "geometry": { "type": "Point", "coordinates": [ 4197282.698685927316546, 7505743.837993650697172 ] } },
{ "type": "Feature", "properties": { "id": 210794, "address": "Москва, Отрадная Улица 2", "workTime": "Ежедневно 10:00-21:00", "pickupType": 3, "fittingRooms": 2, "status": null }, "geometry": { "type": "Point", "coordinates": [ 4185865.88302965881303, 7530430.125436007976532 ] } },
{ "type": "Feature", "properties": { "id": 210809, "address": "Москва, Бирюлёвская Улица 47а", "workTime": "Ежедневно 10:00-21:00", "pickupType": null, "fittingRooms": 4, "status": null }, "geometry": { "type": "Point", "coordinates": [ 4193288.444036772940308, 7476156.89632045570761 ] } },
{ "type": "Feature", "properties": { "id": 210813, "address": "Москва, Дорожная Улица 7", "workTime": "Ежедневно 10:00-21:00", "pickupType": 3, "fittingRooms": 3, "status": null }, "geometry": { "type": "Point", "coordinates": [ 4188175.985102600883693, 7479342.194158401340246 ] } },
{ "type": "Feature", "properties": { "id": 210837, "address": "Москва, Улица Декабристов 20к2", "workTime": "Ежедневно 10:00-21:00", "pickupType": 3, "fittingRooms": 2, "status": null }, "geometry": { "type": "Point", "coordinates": [ 4186609.051950195804238, 7531060.704258061014116 ] } },
{ "type": "Feature", "properties": { "id": 210871, "address": "Москва, Улица Лётчика Грицевца 9", "workTime": "Ежедневно 10:00-21:00", "pickupType": 3, "fittingRooms": 4, "status": null }, "geometry": { "type": "Point", "coordinates": [ 4153238.028958659619093, 7483847.073319865390658 ] } },
{ "type": "Feature", "properties": { "id": 210900, "address": "Москва, Посёлок Знамя Октября 29", "workTime": "Ежедневно 10:00-21:00", "pickupType": null, "fittingRooms": 2, "status": null }, "geometry": { "type": "Point", "coordinates": [ 4179040.996368614491075, 7454911.889449409209192 ] } },
{ "type": "Feature", "properties": { "id": 210911, "address": "Москва, Новокосинская Улица 14к3", "workTime": "Ежедневно 10:00-21:00", "pickupType": 3, "fittingRooms": 2, "status": null }, "geometry": { "type": "Point", "coordinates": [ 4214390.278031037189066, 7506370.819550246931612 ] } },
{ "type": "Feature", "properties": { "id": 210924, "address": "Москва, Флотская Улица 68к2", "workTime": "Ежедневно 10:00-21:00", "pickupType": null, "fittingRooms": 2, "status": null }, "geometry": { "type": "Point", "coordinates": [ 4175548.013386502861977, 7529839.066628084518015 ] } },
{ "type": "Feature", "properties": { "id": 210949, "address": "Москва, Южнобутовская Улица 84к1", "workTime": "Ежедневно 10:00-21:00", "pickupType": 3, "fittingRooms": 2, "status": null }, "geometry": { "type": "Point", "coordinates": [ 4176147.023566461633891, 7466492.806170078925788 ] } },
{ "type": "Feature", "properties": { "id": 210971, "address": "Москва, Россошанская Улица 7к1", "workTime": "Ежедневно 09:00-21:00", "pickupType": 3, "fittingRooms": 3, "status": null }, "geometry": { "type": "Point", "coordinates": [ 4186826.792874187231064, 7478583.623947973363101 ] } },
{ "type": "Feature", "properties": { "id": 211017, "address": "Москва, Липецкая Улица 7а", "workTime": "Ежедневно 10:00-21:00", "pickupType": 3, "fittingRooms": 2, "status": null }, "geometry": { "type": "Point", "coordinates": [ 4194879.867477153427899, 7475993.224524915218353 ] } },
{ "type": "Feature", "properties": { "id": 211023, "address": "Москва, Линейный Проезд 6", "workTime": "Ежедневно 10:00-21:00", "pickupType": 3, "fittingRooms": 4, "status": null }, "geometry": { "type": "Point", "coordinates": [ 4182651.198774531017989, 7526959.196070113219321 ] } },
{ "type": "Feature", "properties": { "id": 211034, "address": "Москва, Проспект Маршала Жукова 49", "workTime": "Ежедневно 10:00-21:00", "pickupType": 3, "fittingRooms": 3, "status": null }, "geometry": { "type": "Point", "coordinates": [ 4170466.389951280783862, 7513900.158034558407962 ] } },
{ "type": "Feature", "properties": { "id": 211050, "address": "Москва, Улица Борисовские Пруды 34к1", "workTime": "Ежедневно 10:00-21:00", "pickupType": 3, "fittingRooms": 2, "status": null }, "geometry": { "type": "Point", "coordinates": [ 4203923.908187163062394, 7487433.774787556380033 ] } },
{ "type": "Feature", "properties": { "id": 211051, "address": "Москва, Барвихинская Улица 6", "workTime": "Ежедневно 10:00-21:00", "pickupType": 3, "fittingRooms": 4, "status": null }, "geometry": { "type": "Point", "coordinates": [ 4162198.134772610850632, 7502037.363357056863606 ] } },
{ "type": "Feature", "properties": { "id": 211064, "address": "Москва, Авиационная Улица 72к1", "workTime": "Ежедневно 10:00-21:00", "pickupType": 3, "fittingRooms": 3, "status": null }, "geometry": { "type": "Point", "coordinates": [ 4169079.905693450942636, 7520629.167310545220971 ] } },
{ "type": "Feature", "properties": { "id": 211070, "address": "Москва, Дмитровское Шоссе 107ак1", "workTime": "Ежедневно 10:00-21:00", "pickupType": 3, "fittingRooms": 2, "status": null }, "geometry": { "type": "Point", "coordinates": [ 4178978.991412242408842, 7534277.677475558593869 ] } },
{ "type": "Feature", "properties": { "id": 211088, "address": "Москва, Клязьминская Улица 19", "workTime": "Ежедневно 10:00-21:00", "pickupType": 3, "fittingRooms": 2, "status": null }, "geometry": { "type": "Point", "coordinates": [ 4177736.554575499147177, 7536942.508618015795946 ] } },
{ "type": "Feature", "properties": { "id": 211125, "address": "Москва, Улица Алабяна 13к1", "workTime": "Ежедневно 10:00-21:00", "pickupType": null, "fittingRooms": 2, "status": null }, "geometry": { "type": "Point", "coordinates": [ 4175161.957392432261258, 7518681.521006376482546 ] } },
{ "type": "Feature", "properties": { "id": 211128, "address": "Москва, Щербинка, Новостроевская улица, 6", "workTime": "Ежедневно 10:00-21:00", "pickupType": 4, "fittingRooms": 2, "status": null }, "geometry": { "type": "Point", "coordinates": [ 4181069.014851886313409, 7460345.58356015663594 ] } },
{ "type": "Feature", "properties": { "id": 211159, "address": "Москва, Проспект Андропова 35", "workTime": "Ежедневно 10:00-21:00", "pickupType": 3, "fittingRooms": 2, "status": null }, "geometry": { "type": "Point", "coordinates": [ 4192984.764465889893472, 7493756.954673071391881 ] } },
{ "type": "Feature", "properties": { "id": 211160, "address": "Москва, Улица Академика Королёва 1", "workTime": "Ежедневно 10:00-21:00", "pickupType": null, "fittingRooms": 2, "status": null }, "geometry": { "type": "Point", "coordinates": [ 4189540.984698708169162, 7522784.174474543891847 ] } },
{ "type": "Feature", "properties": { "id": 211188, "address": "Москва, Улица Маршала Сергеева 3", "workTime": "Ежедневно 10:00-21:00", "pickupType": 3, "fittingRooms": 3, "status": null }, "geometry": { "type": "Point", "coordinates": [ 4165394.785270230378956, 7506183.569960175082088 ] } },
{ "type": "Feature", "properties": { "id": 211190, "address": "Москва, Солнцевский Проспект 15", "workTime": "Ежедневно 10:00-21:00", "pickupType": 3, "fittingRooms": 3, "status": null }, "geometry": { "type": "Point", "coordinates": [ 4164122.403490463271737, 7488803.976093572564423 ] } },
{ "type": "Feature", "properties": { "id": 211264, "address": "Москва, посёлок Коммунарка, улица Липовый Парк, 9", "workTime": "Ежедневно 10:00-21:00", "pickupType": 4, "fittingRooms": 2, "status": null }, "geometry": { "type": "Point", "coordinates": [ 4173033.256886267568916, 7472749.272757231257856 ] } },
{ "type": "Feature", "properties": { "id": 211268, "address": "Москва, Бульвар Адмирала Ушакова 12", "workTime": "Ежедневно 10:00-21:00", "pickupType": 3, "fittingRooms": 2, "status": null }, "geometry": { "type": "Point", "coordinates": [ 4180081.054371095728129, 7468920.044497010298073 ] } },
{ "type": "Feature", "properties": { "id": 211288, "address": "Москва, Карамышевская Набережная 34", "workTime": "Ежедневно 10:00-21:00", "pickupType": null, "fittingRooms": 2, "status": null }, "geometry": { "type": "Point", "coordinates": [ 4171438.988342341501266, 7512604.453904937952757 ] } },
{ "type": "Feature", "properties": { "id": 211290, "address": "Москва, Улица Александры Монаховой 109к4", "workTime": "Ежедневно 10:00-21:00", "pickupType": null, "fittingRooms": 2, "status": null }, "geometry": { "type": "Point", "coordinates": [ 4174211.956858002580702, 7467952.953435386531055 ] } },
{ "type": "Feature", "properties": { "id": 211298, "address": "Москва, 2-Й Переулок Петра Алексеева 5", "workTime": "Ежедневно 10:00-21:00", "pickupType": null, "fittingRooms": 2, "status": null }, "geometry": { "type": "Point", "coordinates": [ 4166647.018222164362669, 7502458.8997204573825 ] } },
{ "type": "Feature", "properties": { "id": 211299, "address": "Москва, Никулинская Улица 27к1", "workTime": "Ежедневно 10:00-21:00", "pickupType": null, "fittingRooms": 2, "status": null }, "geometry": { "type": "Point", "coordinates": [ 4169167.959410667885095, 7492985.124692688696086 ] } },
{ "type": "Feature", "properties": { "id": 211337, "address": "Москва, Москва, Нагатинская набережная, 10к3", "workTime": "Ежедневно 10:00-21:00", "pickupType": 4, "fittingRooms": 5, "status": null }, "geometry": { "type": "Point", "coordinates": [ 4190737.23819566750899, 7495604.780284606851637 ] } },
{ "type": "Feature", "properties": { "id": 211338, "address": "Москва, Парковая Улица 33", "workTime": "Ежедневно 10:00-21:00", "pickupType": null, "fittingRooms": 2, "status": null }, "geometry": { "type": "Point", "coordinates": [ 4161069.021177494898438, 7528906.158661843277514 ] } },
{ "type": "Feature", "properties": { "id": 211413, "address": "Москва, Улица Маршала Тимошенко 17к1", "workTime": "Ежедневно 10:00-21:00", "pickupType": 3, "fittingRooms": 3, "status": null }, "geometry": { "type": "Point", "coordinates": [ 4162749.054932546336204, 7507943.539518847130239 ] } },
{ "type": "Feature", "properties": { "id": 211422, "address": "Москва, Улица Красного Маяка 4к1", "workTime": "Ежедневно 10:00-21:00", "pickupType": 3, "fittingRooms": 4, "status": null }, "geometry": { "type": "Point", "coordinates": [ 4185419.380552087444812, 7481623.279029542580247 ] } },
{ "type": "Feature", "properties": { "id": 211424, "address": "Москва, Осташковская Улица 28", "workTime": "Ежедневно 10:00-21:00", "pickupType": 3, "fittingRooms": 2, "status": null }, "geometry": { "type": "Point", "coordinates": [ 4193975.953211912885308, 7536710.842513926327229 ] } },
{ "type": "Feature", "properties": { "id": 211432, "address": "Москва, Таллинская Улица 26", "workTime": "Ежедневно 10:00-21:00", "pickupType": 3, "fittingRooms": 3, "status": null }, "geometry": { "type": "Point", "coordinates": [ 4164236.172010054346174, 7518761.334533196873963 ] } },
{ "type": "Feature", "properties": { "id": 211457, "address": "Москва, Стартовая Улица 9к2", "workTime": "Ежедневно 10:00-21:00", "pickupType": 3, "fittingRooms": 3, "status": null }, "geometry": { "type": "Point", "coordinates": [ 4196933.044165344908834, 7535856.497500825673342 ] } },
{ "type": "Feature", "properties": { "id": 211489, "address": "Москва, Беловежская Улица 37", "workTime": "Ежедневно 10:00-21:00", "pickupType": null, "fittingRooms": 2, "status": null }, "geometry": { "type": "Point", "coordinates": [ 4162706.19692859146744, 7501331.889861267991364 ] } },
{ "type": "Feature", "properties": { "id": 211520, "address": "Москва, Туристская Улица 16к4", "workTime": "Ежедневно 09:00-21:00", "pickupType": 3, "fittingRooms": 2, "status": null }, "geometry": { "type": "Point", "coordinates": [ 4166200.961022555362433, 7529583.616314475424588 ] } },
{ "type": "Feature", "properties": { "id": 211523, "address": "Москва, Кочновский Проезд 4к1", "workTime": "Ежедневно 10:00-21:00", "pickupType": null, "fittingRooms": 2, "status": null }, "geometry": { "type": "Point", "coordinates": [ 4179261.96555783925578, 7520028.361131409183145 ] } },
{ "type": "Feature", "properties": { "id": 211536, "address": "Москва, Южнобутовская Улица 52", "workTime": "Ежедневно 10:00-21:00", "pickupType": 3, "fittingRooms": 2, "status": null }, "geometry": { "type": "Point", "coordinates": [ 4177998.044059372507036, 7466930.703376439400017 ] } },
{ "type": "Feature", "properties": { "id": 211608, "address": "Москва, Улица Поляны 57", "workTime": "Ежедневно 10:00-21:00", "pickupType": null, "fittingRooms": 3, "status": null }, "geometry": { "type": "Point", "coordinates": [ 4179417.033608513884246, 7469304.750141930766404 ] } },
{ "type": "Feature", "properties": { "id": 211638, "address": "Москва, Сиреневый Бульвар 3к3", "workTime": "Ежедневно 10:00-21:00", "pickupType": null, "fittingRooms": 2, "status": null }, "geometry": { "type": "Point", "coordinates": [ 4204556.982131304219365, 7519282.618379187770188 ] } },
{ "type": "Feature", "properties": { "id": 211639, "address": "Москва, Перервинский Бульвар 21к1", "workTime": "Ежедневно 10:00-21:00", "pickupType": null, "fittingRooms": 2, "status": null }, "geometry": { "type": "Point", "coordinates": [ 4204880.031293585896492, 7490397.194901317358017 ] } },
{ "type": "Feature", "properties": { "id": 211643, "address": "Москва, Улица Старый Гай 8а", "workTime": "Ежедневно 10:00-21:00", "pickupType": null, "fittingRooms": 3, "status": null }, "geometry": { "type": "Point", "coordinates": [ 4210968.984800997190177, 7506889.289322472177446 ] } },
{ "type": "Feature", "properties": { "id": 211679, "address": "Москва, Улица Академика Пилюгина 18", "workTime": "Ежедневно 10:00-21:00", "pickupType": 3, "fittingRooms": 3, "status": null }, "geometry": { "type": "Point", "coordinates": [ 4178328.55162753816694, 7492698.323642394505441 ] } },
{ "type": "Feature", "properties": { "id": 211692, "address": "Москва, Саранская Улица 8", "workTime": "Ежедневно 09:00-21:00", "pickupType": 3, "fittingRooms": 2, "status": null }, "geometry": { "type": "Point", "coordinates": [ 4214316.584528132341802, 7497251.684272638522089 ] } },
{ "type": "Feature", "properties": { "id": 211713, "address": "Москва, Проспект Вернадского 94к4", "workTime": "Ежедневно 10:00-21:00", "pickupType": 3, "fittingRooms": 2, "status": null }, "geometry": { "type": "Point", "coordinates": [ 4171357.05719711817801, 7489746.253796867094934 ] } },
{ "type": "Feature", "properties": { "id": 211738, "address": "Москва, Привольная Улица 5к1", "workTime": "Ежедневно 10:00-21:00", "pickupType": 3, "fittingRooms": 5, "status": null }, "geometry": { "type": "Point", "coordinates": [ 4212458.884865772910416, 7499419.333679421804845 ] } },
{ "type": "Feature", "properties": { "id": 211741, "address": "Москва, Ярославское Шоссе 69", "workTime": "Ежедневно 09:00-21:00", "pickupType": 3, "fittingRooms": 3, "status": null }, "geometry": { "type": "Point", "coordinates": [ 4197229.821927799843252, 7532015.299226149916649 ] } },
{ "type": "Feature", "properties": { "id": 211760, "address": "Москва, Плетешковский Переулок 17с1", "workTime": "Ежедневно 10:00-21:00", "pickupType": 3, "fittingRooms": 2, "status": null }, "geometry": { "type": "Point", "coordinates": [ 4194018.365937904920429, 7512631.96086547896266 ] } },
{ "type": "Feature", "properties": { "id": 211767, "address": "Москва, Улица Коновалова 16", "workTime": "Ежедневно 10:00-21:00", "pickupType": null, "fittingRooms": 2, "status": null }, "geometry": { "type": "Point", "coordinates": [ 4203917.340337205678225, 7505302.747150519862771 ] } },
{ "type": "Feature", "properties": { "id": 211775, "address": "Москва, Центральная Улица 15", "workTime": "Ежедневно 10:00-21:00", "pickupType": 3, "fittingRooms": 2, "status": null }, "geometry": { "type": "Point", "coordinates": [ 4150771.968279116787016, 7481578.143478835001588 ] } },
{ "type": "Feature", "properties": { "id": 211853, "address": "Москва, Москва, улица Василия Ощепкова, 3", "workTime": "Ежедневно 10:00-21:00", "pickupType": 4, "fittingRooms": 2, "status": null }, "geometry": { "type": "Point", "coordinates": [ 4170472.412224412895739, 7470282.32033630926162 ] } },
{ "type": "Feature", "properties": { "id": 211867, "address": "Москва, Москва, Головинское шоссе, 11", "workTime": "Ежедневно 10:00-21:00", "pickupType": 4, "fittingRooms": 2, "status": null }, "geometry": { "type": "Point", "coordinates": [ 4173981.859470532275736, 7526657.053478023037314 ] } },
{ "type": "Feature", "properties": { "id": 211868, "address": "Москва, Волгоградский Проспект 1с1", "workTime": "Ежедневно 10:00-21:00", "pickupType": null, "fittingRooms": 4, "status": null }, "geometry": { "type": "Point", "coordinates": [ 4193589.006661914754659, 7505429.081216542050242 ] } },
{ "type": "Feature", "properties": { "id": 212024, "address": "Москва, Улица Коминтерна 15", "workTime": "Ежедневно 10:00-21:00", "pickupType": 3, "fittingRooms": 3, "status": null }, "geometry": { "type": "Point", "coordinates": [ 4195433.014026905409992, 7532886.281845374032855 ] } },
{ "type": "Feature", "properties": { "id": 212075, "address": "Москва, Улица Борисовские Пруды 14к5", "workTime": "Ежедневно 10:00-21:00", "pickupType": 3, "fittingRooms": 2, "status": null }, "geometry": { "type": "Point", "coordinates": [ 4201980.047238930128515, 7485658.95011302921921 ] } },
{ "type": "Feature", "properties": { "id": 212112, "address": "Москва, Булатниковская Улица 4а", "workTime": "Ежедневно 10:00-21:00", "pickupType": 3, "fittingRooms": 3, "status": null }, "geometry": { "type": "Point", "coordinates": [ 4190711.954422362614423, 7475472.097699135541916 ] } },
{ "type": "Feature", "properties": { "id": 212122, "address": "Москва, Нижегородская Улица 74", "workTime": "Ежедневно 10:00-21:00", "pickupType": 3, "fittingRooms": 4, "status": null }, "geometry": { "type": "Point", "coordinates": [ 4198064.161511295475066, 7505350.591733489185572 ] } },
{ "type": "Feature", "properties": { "id": 212132, "address": "Москва, Улица Маршала Федоренко 2к1", "workTime": "Ежедневно 10:00-22:00", "pickupType": 3, "fittingRooms": 2, "status": null }, "geometry": { "type": "Point", "coordinates": [ 4173855.734487463254482, 7534419.17259528581053 ] } },
{ "type": "Feature", "properties": { "id": 212149, "address": "Москва, Новоалексеевская Улица 16к4", "workTime": "Ежедневно 10:00-21:00", "pickupType": 3, "fittingRooms": 4, "status": null }, "geometry": { "type": "Point", "coordinates": [ 4191045.022338815964758, 7520081.447296107187867 ] } },
{ "type": "Feature", "properties": { "id": 212160, "address": "Москва, Улица Викторенко 11", "workTime": "Ежедневно 10:00-21:00", "pickupType": 3, "fittingRooms": 2, "status": null }, "geometry": { "type": "Point", "coordinates": [ 4177475.955647551920265, 7517801.646476866677403 ] } },
{ "type": "Feature", "properties": { "id": 212204, "address": "Москва, Кутузовский Проспект 76", "workTime": "Ежедневно 10:00-21:00", "pickupType": 3, "fittingRooms": 2, "status": null }, "geometry": { "type": "Point", "coordinates": [ 4169825.412323293741792, 7504108.508021734654903 ] } },
{ "type": "Feature", "properties": { "id": 212219, "address": "Москва, Аллея Витте 2", "workTime": "Ежедневно 10:00-21:00", "pickupType": 3, "fittingRooms": 2, "status": null }, "geometry": { "type": "Point", "coordinates": [ 4178827.040307309944183, 7469369.886342154815793 ] } },
{ "type": "Feature", "properties": { "id": 212225, "address": "Москва, Варшавское Шоссе 10к1", "workTime": "Ежедневно 10:00-21:00", "pickupType": null, "fittingRooms": 3, "status": null }, "geometry": { "type": "Point", "coordinates": [ 4187842.360588693525642, 7498508.467546819709241 ] } },
{ "type": "Feature", "properties": { "id": 212234, "address": "Москва, Улица Талалихина 1к1", "workTime": "Ежедневно 10:00-21:00", "pickupType": 3, "fittingRooms": 3, "status": null }, "geometry": { "type": "Point", "coordinates": [ 4194321.043633371591568, 7505868.20209245942533 ] } },
{ "type": "Feature", "properties": { "id": 212236, "address": "Москва, Самотёчная Улица 17а", "workTime": "Ежедневно 10:00-21:00", "pickupType": null, "fittingRooms": 2, "status": null }, "geometry": { "type": "Point", "coordinates": [ 4187379.828104447573423, 7514717.630324115976691 ] } },
{ "type": "Feature", "properties": { "id": 212247, "address": "Москва, Улица Вертолётчиков 2ак3", "workTime": "Ежедневно 10:00-21:00", "pickupType": 3, "fittingRooms": 2, "status": null }, "geometry": { "type": "Point", "coordinates": [ 4223740.44734072778374, 7498949.960482613183558 ] } },
{ "type": "Feature", "properties": { "id": 212334, "address": "Москва, Улица Дыбенко 22к1", "workTime": "Ежедневно 10:00-21:00", "pickupType": null, "fittingRooms": 2, "status": null }, "geometry": { "type": "Point", "coordinates": [ 4172763.0223658378236, 7533058.902846868149936 ] } },
{ "type": "Feature", "properties": { "id": 212340, "address": "Москва, Фестивальная Улица 29", "workTime": "Ежедневно 10:00-21:00", "pickupType": null, "fittingRooms": 2, "status": null }, "geometry": { "type": "Point", "coordinates": [ 4172258.967711525503546, 7530261.926905549131334 ] } },
{ "type": "Feature", "properties": { "id": 212364, "address": "Москва, Улица Адмирала Макарова 23к2", "workTime": "Ежедневно 10:00-21:00", "pickupType": null, "fittingRooms": 2, "status": null }, "geometry": { "type": "Point", "coordinates": [ 4173510.978024477139115, 7524947.712502776645124 ] } },
{ "type": "Feature", "properties": { "id": 212390, "address": "Москва, Жулебинский Бульвар 5", "workTime": "Ежедневно 10:00-21:00", "pickupType": null, "fittingRooms": 6, "status": null }, "geometry": { "type": "Point", "coordinates": [ 4212875.998997775837779, 7498639.826341388747096 ] } },
{ "type": "Feature", "properties": { "id": 212433, "address": "Москва, Большая Серпуховская Улица 46с34", "workTime": "Ежедневно 10:00-21:00", "pickupType": 3, "fittingRooms": 3, "status": null }, "geometry": { "type": "Point", "coordinates": [ 4188318.919328779447824, 7503279.311447903513908 ] } },
{ "type": "Feature", "properties": { "id": 212459, "address": "Москва, Рублёвское Шоссе 36к1", "workTime": "Ежедневно 10:00-21:00", "pickupType": 3, "fittingRooms": 4, "status": null }, "geometry": { "type": "Point", "coordinates": [ 4165133.407105847727507, 7508659.111576811410487 ] } },
{ "type": "Feature", "properties": { "id": 212517, "address": "Москва, Улица Маресьева 6к2", "workTime": "Ежедневно 10:00-21:00", "pickupType": 3, "fittingRooms": 3, "status": null }, "geometry": { "type": "Point", "coordinates": [ 4223180.955580000765622, 7500865.561824227683246 ] } },
{ "type": "Feature", "properties": { "id": 212540, "address": "Москва, Проезд Карамзина 5", "workTime": "Ежедневно 09:00-21:00", "pickupType": 3, "fittingRooms": 2, "status": null }, "geometry": { "type": "Point", "coordinates": [ 4178535.160602449439466, 7477543.223122876137495 ] } },
{ "type": "Feature", "properties": { "id": 212573, "address": "Москва, 1-Й Грайвороновский Проезд 1", "workTime": "Ежедневно 10:00-22:00", "pickupType": 3, "fittingRooms": 4, "status": null }, "geometry": { "type": "Point", "coordinates": [ 4199752.544228157028556, 7502679.06429054774344 ] } },
{ "type": "Feature", "properties": { "id": 212655, "address": "Москва, Улица Академика Янгеля 3", "workTime": "Ежедневно 10:00-21:00", "pickupType": 3, "fittingRooms": 3, "status": null }, "geometry": { "type": "Point", "coordinates": [ 4185091.989929664414376, 7478174.815028328448534 ] } },
{ "type": "Feature", "properties": { "id": 212678, "address": "Москва, Новочеркасский Бульвар 20к1", "workTime": "Ежедневно 10:00-21:00", "pickupType": 3, "fittingRooms": 2, "status": null }, "geometry": { "type": "Point", "coordinates": [ 4198788.740076868794858, 7488220.831639179028571 ] } },
{ "type": "Feature", "properties": { "id": 212710, "address": "Москва, Зелёный Проспект 27а", "workTime": "Ежедневно 09:00-22:00", "pickupType": 3, "fittingRooms": 4, "status": null }, "geometry": { "type": "Point", "coordinates": [ 4206630.975564273074269, 7509261.406489321961999 ] } },
{ "type": "Feature", "properties": { "id": 212789, "address": "Москва, Улица Декабристов 2к1", "workTime": "Ежедневно 10:00-21:00", "pickupType": null, "fittingRooms": 2, "status": null }, "geometry": { "type": "Point", "coordinates": [ 4184560.995958580635488, 7532228.174953143112361 ] } },
{ "type": "Feature", "properties": { "id": 212790, "address": "Москва, Карамышевская Набережная 16к1", "workTime": "Ежедневно 10:00-21:00", "pickupType": null, "fittingRooms": 3, "status": null }, "geometry": { "type": "Point", "coordinates": [ 4172404.017008028924465, 7512977.290405532345176 ] } },
{ "type": "Feature", "properties": { "id": 212798, "address": "Москва, Кантемировская Улица 5к4", "workTime": "Ежедневно 10:00-21:00", "pickupType": 3, "fittingRooms": 5, "status": null }, "geometry": { "type": "Point", "coordinates": [ 4194131.800499022938311, 7486377.390419759787619 ] } },
{ "type": "Feature", "properties": { "id": 212829, "address": "Москва, Таганрогская Улица 6с1", "workTime": "Ежедневно 10:00-21:00", "pickupType": 3, "fittingRooms": 2, "status": null }, "geometry": { "type": "Point", "coordinates": [ 4203054.836922540329397, 7495895.583271406590939 ] } },
{ "type": "Feature", "properties": { "id": 212831, "address": "Москва, Улица Молостовых 3б", "workTime": "Ежедневно 10:00-21:00", "pickupType": 3, "fittingRooms": 3, "status": null }, "geometry": { "type": "Point", "coordinates": [ 4211564.321437759324908, 7511252.18226211797446 ] } },
{ "type": "Feature", "properties": { "id": 212962, "address": "Москва, Омская Улица 10", "workTime": "Ежедневно 10:00-21:00", "pickupType": 3, "fittingRooms": 2, "status": null }, "geometry": { "type": "Point", "coordinates": [ 4148545.021865797694772, 7483190.572483241558075 ] } },
{ "type": "Feature", "properties": { "id": 212988, "address": "Москва, Улица Бутлерова 22", "workTime": "Ежедневно 10:00-21:00", "pickupType": 3, "fittingRooms": 2, "status": null }, "geometry": { "type": "Point", "coordinates": [ 4178420.835485405288637, 7488864.344711645506322 ] } },
{ "type": "Feature", "properties": { "id": 213006, "address": "Москва, Москва, шоссе Фрезер, 13", "workTime": "Ежедневно 10:00-21:00", "pickupType": 4, "fittingRooms": 3, "status": null }, "geometry": { "type": "Point", "coordinates": [ 4200661.0225925212726, 7506283.027202077209949 ] } },
{ "type": "Feature", "properties": { "id": 213144, "address": "Москва, Михневская Улица 8", "workTime": "Ежедневно 10:00-21:00", "pickupType": 3, "fittingRooms": 2, "status": null }, "geometry": { "type": "Point", "coordinates": [ 4193329.298289894126356, 7475123.517727391794324 ] } },
{ "type": "Feature", "properties": { "id": 213169, "address": "Москва, Яковлевская Улица 1а", "workTime": "Ежедневно 10:00-21:00", "pickupType": 3, "fittingRooms": 2, "status": null }, "geometry": { "type": "Point", "coordinates": [ 4159938.015151035040617, 7460878.665940568782389 ] } },
{ "type": "Feature", "properties": { "id": 213203, "address": "Москва, Ботаническая Улица 17к1", "workTime": "Ежедневно 10:00-21:00", "pickupType": 3, "fittingRooms": 3, "status": null }, "geometry": { "type": "Point", "coordinates": [ 4185624.987651583272964, 7523998.748853315599263 ] } },
{ "type": "Feature", "properties": { "id": 213209, "address": "Москва, Улица Мусы Джалиля 13а", "workTime": "Ежедневно 10:00-21:00", "pickupType": null, "fittingRooms": 2, "status": null }, "geometry": { "type": "Point", "coordinates": [ 4201598.777982963249087, 7484435.408540626056492 ] } },
{ "type": "Feature", "properties": { "id": 213211, "address": "Москва, Большой Рогожский Переулок 10к2", "workTime": "Ежедневно 10:00-21:00", "pickupType": null, "fittingRooms": 5, "status": null }, "geometry": { "type": "Point", "coordinates": [ 4193140.945711472071707, 7507231.988883845508099 ] } },
{ "type": "Feature", "properties": { "id": 213217, "address": "Москва, Улица Михаила Певцова 11", "workTime": "Ежедневно 10:00-21:00", "pickupType": null, "fittingRooms": 3, "status": null }, "geometry": { "type": "Point", "coordinates": [ 4175673.693091608583927, 7492800.568080874159932 ] } },
{ "type": "Feature", "properties": { "id": 213218, "address": "Москва, Шоссе Энтузиастов 3к2", "workTime": "Ежедневно 10:00-21:00", "pickupType": null, "fittingRooms": 4, "status": null }, "geometry": { "type": "Point", "coordinates": [ 4195960.334454794414341, 7508408.71314343623817 ] } },
{ "type": "Feature", "properties": { "id": 213240, "address": "Москва, Новочеркасский Бульвар 47", "workTime": "Ежедневно 10:00-21:00", "pickupType": null, "fittingRooms": 2, "status": null }, "geometry": { "type": "Point", "coordinates": [ 4201065.112344101071358, 7489047.22899267822504 ] } },
{ "type": "Feature", "properties": { "id": 213321, "address": "Москва, Улица Барклая 13с3", "workTime": "Ежедневно 10:00-21:00", "pickupType": 3, "fittingRooms": 2, "status": null }, "geometry": { "type": "Point", "coordinates": [ 4173875.104078861419111, 7507820.724121189676225 ] } },
{ "type": "Feature", "properties": { "id": 213324, "address": "Москва, Улица Чечулина 26", "workTime": "Ежедневно 10:00-21:00", "pickupType": null, "fittingRooms": 4, "status": null }, "geometry": { "type": "Point", "coordinates": [ 4211861.989756139926612, 7515192.912515203468502 ] } },
{ "type": "Feature", "properties": { "id": 213331, "address": "Москва, Рязанский Проспект вл99ас1", "workTime": "Ежедневно 10:00-21:00", "pickupType": null, "fittingRooms": 2, "status": null }, "geometry": { "type": "Point", "coordinates": [ 4209674.116484089754522, 7501424.76363917067647 ] } },
{ "type": "Feature", "properties": { "id": 213334, "address": "Москва, Авиамоторная Улица 20/17", "workTime": "Ежедневно 10:00-21:00", "pickupType": null, "fittingRooms": 2, "status": null }, "geometry": { "type": "Point", "coordinates": [ 4198646.585087125189602, 7508706.581390351057053 ] } },
{ "type": "Feature", "properties": { "id": 213377, "address": "Москва, Яснополянская Улица 3к1", "workTime": "Ежедневно 10:00-21:00", "pickupType": 3, "fittingRooms": 3, "status": null }, "geometry": { "type": "Point", "coordinates": [ 4206486.037587260827422, 7503283.659803071059287 ] } },
{ "type": "Feature", "properties": { "id": 213378, "address": "Москва, Москва, Уральская улица, 7", "workTime": "Ежедневно 10:00-21:00", "pickupType": 4, "fittingRooms": 2, "status": null }, "geometry": { "type": "Point", "coordinates": [ 4207569.133819953538477, 7521753.349512560293078 ] } },
{ "type": "Feature", "properties": { "id": 213459, "address": "Москва, Улица Кожевнический Вражек 3", "workTime": "Ежедневно 10:00-21:00", "pickupType": 3, "fittingRooms": 4, "status": null }, "geometry": { "type": "Point", "coordinates": [ 4191421.950134641956538, 7504253.799548914656043 ] } },
{ "type": "Feature", "properties": { "id": 213518, "address": "Москва, Харьковский Проезд 7а", "workTime": "Ежедневно 10:00-21:00", "pickupType": 3, "fittingRooms": 2, "status": null }, "geometry": { "type": "Point", "coordinates": [ 4189994.055026236455888, 7477635.811347234994173 ] } },
{ "type": "Feature", "properties": { "id": 213582, "address": "Москва, Улица Юных Ленинцев 99/1", "workTime": "Ежедневно 10:00-21:00", "pickupType": null, "fittingRooms": 2, "status": null }, "geometry": { "type": "Point", "coordinates": [ 4205676.96752817556262, 7498774.940575959160924 ] } },
{ "type": "Feature", "properties": { "id": 213667, "address": "Москва, Боровское Шоссе 30", "workTime": "Ежедневно 10:00-21:00", "pickupType": 3, "fittingRooms": 4, "status": null }, "geometry": { "type": "Point", "coordinates": [ 4158523.367062033619732, 7487386.830070572905242 ] } },
{ "type": "Feature", "properties": { "id": 213670, "address": "Москва, Улица Дыбенко 30к2", "workTime": "Ежедневно 10:00-21:00", "pickupType": 3, "fittingRooms": 2, "status": null }, "geometry": { "type": "Point", "coordinates": [ 4172925.994100358337164, 7533526.98316132184118 ] } },
{ "type": "Feature", "properties": { "id": 213680, "address": "Москва, Улица Александры Монаховой 92к3", "workTime": "Ежедневно 10:00-21:00", "pickupType": 3, "fittingRooms": 3, "status": null }, "geometry": { "type": "Point", "coordinates": [ 4172866.21553380228579, 7467853.0046306271106 ] } },
{ "type": "Feature", "properties": { "id": 213716, "address": "Москва, Сумская Улица 8к1", "workTime": "Ежедневно 10:00-21:00", "pickupType": 3, "fittingRooms": 3, "status": null }, "geometry": { "type": "Point", "coordinates": [ 4185876.458381284959614, 7484021.952468910254538 ] } },
{ "type": "Feature", "properties": { "id": 213786, "address": "Москва, Улица Бусиновская Горка 1к1", "workTime": "Ежедневно 10:00-21:00", "pickupType": 3, "fittingRooms": 3, "status": null }, "geometry": { "type": "Point", "coordinates": [ 4174043.530468432232738, 7534540.030933417379856 ] } },
{ "type": "Feature", "properties": { "id": 213796, "address": "Москва, Сельскохозяйственная Улица 18к1", "workTime": "Ежедневно 10:00-21:00", "pickupType": 3, "fittingRooms": 2, "status": null }, "geometry": { "type": "Point", "coordinates": [ 4190513.137811806052923, 7526087.098876563832164 ] } },
{ "type": "Feature", "properties": { "id": 213797, "address": "Москва, Улица Николая Химушина 17к1", "workTime": "Ежедневно 10:00-21:00", "pickupType": 3, "fittingRooms": 6, "status": null }, "geometry": { "type": "Point", "coordinates": [ 4203943.500417542643845, 7523378.655891565605998 ] } },
{ "type": "Feature", "properties": { "id": 213827, "address": "Москва, 9-Я Парковая Улица 6к1", "workTime": "Ежедневно 10:00-21:00", "pickupType": 3, "fittingRooms": 2, "status": null }, "geometry": { "type": "Point", "coordinates": [ 4208174.976901575922966, 7516731.198516072705388 ] } },
{ "type": "Feature", "properties": { "id": 213889, "address": "Москва, Проезд Одоевского 7к7", "workTime": "Ежедневно 10:00-21:00", "pickupType": 3, "fittingRooms": 4, "status": null }, "geometry": { "type": "Point", "coordinates": [ 4175663.340378964785486, 7479006.246738871559501 ] } },
{ "type": "Feature", "properties": { "id": 213929, "address": "Москва, Рублёвское Шоссе 101", "workTime": "Ежедневно 10:00-21:00", "pickupType": null, "fittingRooms": 2, "status": null }, "geometry": { "type": "Point", "coordinates": [ 4165792.86376930680126, 7507541.47963834181428 ] } },
{ "type": "Feature", "properties": { "id": 213930, "address": "Москва, Улица Паршина 10", "workTime": "Ежедневно 10:00-21:00", "pickupType": null, "fittingRooms": 4, "status": null }, "geometry": { "type": "Point", "coordinates": [ 4169801.144674299750477, 7516712.586787574924529 ] } },
{ "type": "Feature", "properties": { "id": 213934, "address": "Москва, Волоколамское Шоссе 45", "workTime": "Ежедневно 10:00-21:00", "pickupType": null, "fittingRooms": 3, "status": null }, "geometry": { "type": "Point", "coordinates": [ 4171000.500868107192218, 7521503.222828244790435 ] } },
{ "type": "Feature", "properties": { "id": 213949, "address": "Москва, Москва, улица Новый Арбат, 6", "workTime": "Ежедневно 10:00-21:00", "pickupType": 4, "fittingRooms": 2, "status": null }, "geometry": { "type": "Point", "coordinates": [ 4185228.356305885594338, 7509498.777005411684513 ] } },
{ "type": "Feature", "properties": { "id": 214129, "address": "Москва, Дмитровское Шоссе 73с5", "workTime": "Ежедневно 10:00-21:00", "pickupType": 3, "fittingRooms": 2, "status": null }, "geometry": { "type": "Point", "coordinates": [ 4180892.016861524898559, 7529913.442340458743274 ] } },
{ "type": "Feature", "properties": { "id": 214154, "address": "Москва, Краснобогатырская Улица 23", "workTime": "Ежедневно 10:00-21:00", "pickupType": 3, "fittingRooms": 3, "status": null }, "geometry": { "type": "Point", "coordinates": [ 4197046.367406972683966, 7520954.648301428183913 ] } },
{ "type": "Feature", "properties": { "id": 214251, "address": "Москва, Павелецкая Набережная 6а", "workTime": "Ежедневно 10:00-21:00", "pickupType": null, "fittingRooms": 2, "status": null }, "geometry": { "type": "Point", "coordinates": [ 4190738.003183208871633, 7500975.620605213567615 ] } },
{ "type": "Feature", "properties": { "id": 214254, "address": "Москва, Кастанаевская Улица 26", "workTime": "Ежедневно 10:00-21:00", "pickupType": null, "fittingRooms": 2, "status": null }, "geometry": { "type": "Point", "coordinates": [ 4173309.044468177948147, 7506454.460486625321209 ] } },
{ "type": "Feature", "properties": { "id": 214320, "address": "Москва, Зеленоград, , к1624Б", "workTime": "Ежедневно 10:00-21:00", "pickupType": 4, "fittingRooms": 2, "status": null }, "geometry": { "type": "Point", "coordinates": [ 4135497.486988899298012, 7552828.746513498947024 ] } },
{ "type": "Feature", "properties": { "id": 214323, "address": "Москва, Часовая Улица 26", "workTime": "Ежедневно 10:00-21:00", "pickupType": null, "fittingRooms": 5, "status": null }, "geometry": { "type": "Point", "coordinates": [ 4177011.976009925827384, 7520808.843797225505114 ] } },
{ "type": "Feature", "properties": { "id": 214325, "address": "Москва, Песчаный Переулок 4", "workTime": "Ежедневно 10:00-21:00", "pickupType": 3, "fittingRooms": 3, "status": null }, "geometry": { "type": "Point", "coordinates": [ 4175559.034016091376543, 7518766.681870971806347 ] } },
{ "type": "Feature", "properties": { "id": 214339, "address": "Москва, Ильменский Проезд 17к2", "workTime": "Ежедневно 10:00-21:00", "pickupType": null, "fittingRooms": 5, "status": null }, "geometry": { "type": "Point", "coordinates": [ 4179061.033876957837492, 7530679.851487983949482 ] } },
{ "type": "Feature", "properties": { "id": 214423, "address": "Москва, Москва, Новокосинская улица, 24к1", "workTime": "Ежедневно 10:00-21:00", "pickupType": 4, "fittingRooms": 2, "status": null }, "geometry": { "type": "Point", "coordinates": [ 4214763.540855267085135, 7506921.789757785387337 ] } },
{ "type": "Feature", "properties": { "id": 214424, "address": "Москва, Улица Фонвизина 6", "workTime": "Ежедневно 10:00-21:00", "pickupType": 3, "fittingRooms": 2, "status": null }, "geometry": { "type": "Point", "coordinates": [ 4183886.06588590098545, 7522620.303823538124561 ] } },
{ "type": "Feature", "properties": { "id": 214430, "address": "Москва, Петровско-Разумовский Проезд 5", "workTime": "Ежедневно 10:00-21:00", "pickupType": null, "fittingRooms": 4, "status": null }, "geometry": { "type": "Point", "coordinates": [ 4182133.006544888019562, 7517469.763996226713061 ] } },
{ "type": "Feature", "properties": { "id": 214506, "address": "Москва, Улица Гиляровского 56", "workTime": "Ежедневно 10:00-21:00", "pickupType": null, "fittingRooms": 2, "status": null }, "geometry": { "type": "Point", "coordinates": [ 4189306.657170588616282, 7516051.70154220983386 ] } },
{ "type": "Feature", "properties": { "id": 214508, "address": "Москва, 15-Я Парковая Улица 46к5", "workTime": "Ежедневно 10:00-21:00", "pickupType": null, "fittingRooms": 2, "status": null }, "geometry": { "type": "Point", "coordinates": [ 4210602.075759341940284, 7520467.323386897332966 ] } },
{ "type": "Feature", "properties": { "id": 214586, "address": "Москва, Шоссейная Улица 78а", "workTime": "Ежедневно 10:00-21:00", "pickupType": null, "fittingRooms": 5, "status": null }, "geometry": { "type": "Point", "coordinates": [ 4198842.952668884769082, 7493050.855545658618212 ] } },
{ "type": "Feature", "properties": { "id": 214587, "address": "Москва, Бескудниковский Бульвар 52к1", "workTime": "Ежедневно 10:00-21:00", "pickupType": null, "fittingRooms": 4, "status": null }, "geometry": { "type": "Point", "coordinates": [ 4178830.045933561399579, 7533340.461951036937535 ] } },
{ "type": "Feature", "properties": { "id": 214591, "address": "Москва, Гурьевский Проезд 15к1", "workTime": "Ежедневно 09:00-21:00", "pickupType": 3, "fittingRooms": 2, "status": null }, "geometry": { "type": "Point", "coordinates": [ 4202193.891980743966997, 7480220.061176920309663 ] } },
{ "type": "Feature", "properties": { "id": 214621, "address": "Москва, Улица Усиевича 13", "workTime": "Ежедневно 10:00-21:00", "pickupType": 3, "fittingRooms": 4, "status": null }, "geometry": { "type": "Point", "coordinates": [ 4177759.375071112066507, 7519708.267227264121175 ] } },
{ "type": "Feature", "properties": { "id": 214655, "address": "Москва, Дмитровское Шоссе 113к1", "workTime": "Ежедневно 10:00-21:00", "pickupType": 3, "fittingRooms": 2, "status": null }, "geometry": { "type": "Point", "coordinates": [ 4179085.969442895147949, 7535258.472666641697288 ] } },
{ "type": "Feature", "properties": { "id": 214665, "address": "Москва, Вешняковская Улица 39а", "workTime": "Ежедневно 10:00-21:00", "pickupType": 3, "fittingRooms": 2, "status": null }, "geometry": { "type": "Point", "coordinates": [ 4210537.955732644535601, 7502675.309186891652644 ] } },
{ "type": "Feature", "properties": { "id": 214715, "address": "Москва, Крутицкая Набережная 23", "workTime": "Ежедневно 10:00-21:00", "pickupType": 3, "fittingRooms": 2, "status": null }, "geometry": { "type": "Point", "coordinates": [ 4192212.986436218954623, 7502855.160939707420766 ] } },
{ "type": "Feature", "properties": { "id": 214729, "address": "Москва, Зеленоград, улица 1 Мая, 5", "workTime": "Ежедневно 10:00-21:00", "pickupType": 4, "fittingRooms": 2, "status": null }, "geometry": { "type": "Point", "coordinates": [ 4138174.361848439089954, 7553798.578253434039652 ] } },
{ "type": "Feature", "properties": { "id": 214773, "address": "Москва, Дегунинская Улица 2к2", "workTime": "Ежедневно 10:00-21:00", "pickupType": null, "fittingRooms": 2, "status": null }, "geometry": { "type": "Point", "coordinates": [ 4179072.945062472485006, 7531258.080676822923124 ] } },
{ "type": "Feature", "properties": { "id": 214821, "address": "Москва, Улица Головачёва 15", "workTime": "Ежедневно 10:00-21:00", "pickupType": 3, "fittingRooms": 2, "status": null }, "geometry": { "type": "Point", "coordinates": [ 4209032.916217120364308, 7493686.87485430482775 ] } },
{ "type": "Feature", "properties": { "id": 214848, "address": "Москва, Москва, улица Ухтомского Ополчения, 4", "workTime": "Ежедневно 10:00-21:00", "pickupType": 4, "fittingRooms": 2, "status": null }, "geometry": { "type": "Point", "coordinates": [ 4221832.199056073091924, 7498848.79434438701719 ] } },
{ "type": "Feature", "properties": { "id": 214861, "address": "Москва, 6-Я Радиальная Улица 3к3", "workTime": "Ежедневно 10:00-21:00", "pickupType": 3, "fittingRooms": 3, "status": null }, "geometry": { "type": "Point", "coordinates": [ 4192539.486502715852112, 7480486.889450839720666 ] } },
{ "type": "Feature", "properties": { "id": 214884, "address": "Москва, Смольная Улица 61к1", "workTime": "Ежедневно 10:00-22:00", "pickupType": 3, "fittingRooms": 2, "status": null }, "geometry": { "type": "Point", "coordinates": [ 4171380.545609675813466, 7532336.499808219261467 ] } },
{ "type": "Feature", "properties": { "id": 214892, "address": "Москва, Проспект 60-Летия Октября 17", "workTime": "Ежедневно 10:00-21:00", "pickupType": null, "fittingRooms": 4, "status": null }, "geometry": { "type": "Point", "coordinates": [ 4183311.879952389281243, 7497946.909207409247756 ] } },
{ "type": "Feature", "properties": { "id": 214915, "address": "Москва, Улица Декабристов 20к1", "workTime": "Ежедневно 10:00-22:00", "pickupType": 3, "fittingRooms": 3, "status": null }, "geometry": { "type": "Point", "coordinates": [ 4186420.365413300227374, 7531175.16212831158191 ] } },
{ "type": "Feature", "properties": { "id": 214919, "address": "Москва, Краснобогатырская Улица 24", "workTime": "Ежедневно 10:00-21:00", "pickupType": null, "fittingRooms": 5, "status": null }, "geometry": { "type": "Point", "coordinates": [ 4196744.134989468380809, 7520955.242618907243013 ] } },
{ "type": "Feature", "properties": { "id": 214957, "address": "Москва, Краснобогатырская Улица 75к1", "workTime": "Ежедневно 10:00-21:00", "pickupType": 3, "fittingRooms": 4, "status": null }, "geometry": { "type": "Point", "coordinates": [ 4197473.277654164470732, 7520309.048465521074831 ] } },
{ "type": "Feature", "properties": { "id": 215022, "address": "Москва, Москва, улица Эдварда Грига, 18к1", "workTime": "Ежедневно 10:00-21:00", "pickupType": 4, "fittingRooms": 2, "status": null }, "geometry": { "type": "Point", "coordinates": [ 4175080.02624720800668, 7470218.871760041452944 ] } },
{ "type": "Feature", "properties": { "id": 215056, "address": "Москва, Чертановская Улица 47", "workTime": "Ежедневно 10:00-21:00", "pickupType": null, "fittingRooms": 2, "status": null }, "geometry": { "type": "Point", "coordinates": [ 4184598.95590494107455, 7480213.361028623767197 ] } },
{ "type": "Feature", "properties": { "id": 215078, "address": "Москва, Дубнинская Улица 4к1", "workTime": "Ежедневно 10:00-21:00", "pickupType": 3, "fittingRooms": 2, "status": null }, "geometry": { "type": "Point", "coordinates": [ 4182200.466156309470534, 7530021.13964419439435 ] } },
{ "type": "Feature", "properties": { "id": 215117, "address": "Москва, Перовская Улица 33к1", "workTime": "Ежедневно 10:00-21:00", "pickupType": null, "fittingRooms": 3, "status": null }, "geometry": { "type": "Point", "coordinates": [ 4205189.944755954667926, 7508310.415189588442445 ] } },
{ "type": "Feature", "properties": { "id": 215160, "address": "Москва, Улица Амундсена 15к2", "workTime": "Ежедневно 10:00-21:00", "pickupType": 3, "fittingRooms": 2, "status": null }, "geometry": { "type": "Point", "coordinates": [ 4191653.939953456167132, 7529325.596293736249208 ] } },
{ "type": "Feature", "properties": { "id": 215195, "address": "Москва, Донецкая Улица 34к3", "workTime": "Ежедневно 10:00-21:00", "pickupType": 3, "fittingRooms": 2, "status": null }, "geometry": { "type": "Point", "coordinates": [ 4196846.771559979766607, 7487797.704644273966551 ] } },
{ "type": "Feature", "properties": { "id": 215224, "address": "Москва, 1-Й Котляковский Переулок 2ак3", "workTime": "Ежедневно 10:00-21:00", "pickupType": 3, "fittingRooms": 3, "status": null }, "geometry": { "type": "Point", "coordinates": [ 4188916.92763332137838, 7489100.299783285707235 ] } },
{ "type": "Feature", "properties": { "id": 215241, "address": "Москва, Ландышевая Улица вл17", "workTime": "Ежедневно 09:00-21:00", "pickupType": 3, "fittingRooms": 3, "status": null }, "geometry": { "type": "Point", "coordinates": [ 4162399.066453492734581, 7535343.02297848276794 ] } },
{ "type": "Feature", "properties": { "id": 215268, "address": "Москва, поселение Сосенское, бульвар Веласкеса, 10", "workTime": "Ежедневно 10:00-21:00", "pickupType": null, "fittingRooms": 3, "status": null }, "geometry": { "type": "Point", "coordinates": [ 4170322.008571722079068, 7477734.310675592161715 ] } },
{ "type": "Feature", "properties": { "id": 215301, "address": "Москва, Улица Трофимова 15", "workTime": "Ежедневно 10:00-21:00", "pickupType": null, "fittingRooms": 4, "status": null }, "geometry": { "type": "Point", "coordinates": [ 4193801.070291876327246, 7499633.682361691258848 ] } },
{ "type": "Feature", "properties": { "id": 215343, "address": "Москва, Беговая Улица 7", "workTime": "Ежедневно 10:00-21:00", "pickupType": null, "fittingRooms": 5, "status": null }, "geometry": { "type": "Point", "coordinates": [ 4180690.973861151840538, 7514360.148731829598546 ] } },
{ "type": "Feature", "properties": { "id": 215352, "address": "Москва, Бульвар Маршала Рокоссовского 16", "workTime": "Ежедневно 10:00-21:00", "pickupType": 3, "fittingRooms": 5, "status": null }, "geometry": { "type": "Point", "coordinates": [ 4199393.204911876469851, 7521254.586345029994845 ] } },
{ "type": "Feature", "properties": { "id": 215362, "address": "Москва, Матвеевская Улица 42к2", "workTime": "Ежедневно 10:00-21:00", "pickupType": null, "fittingRooms": 4, "status": null }, "geometry": { "type": "Point", "coordinates": [ 4170039.034426126163453, 7500341.371605567634106 ] } },
{ "type": "Feature", "properties": { "id": 215363, "address": "Москва, Митинская Улица 12", "workTime": "Ежедневно 08:00-22:00", "pickupType": null, "fittingRooms": 6, "status": null }, "geometry": { "type": "Point", "coordinates": [ 4160783.041405647061765, 7526866.807380018755794 ] } },
{ "type": "Feature", "properties": { "id": 215369, "address": "Москва, Ярославское Шоссе 55к1", "workTime": "Ежедневно 10:00-21:00", "pickupType": 3, "fittingRooms": 3, "status": null }, "geometry": { "type": "Point", "coordinates": [ 4195734.021930010989308, 7530888.326375724747777 ] } },
{ "type": "Feature", "properties": { "id": 215374, "address": "Москва, Улица Земляной Вал 1/4с2", "workTime": "Ежедневно 10:00-21:00", "pickupType": 3, "fittingRooms": 2, "status": null }, "geometry": { "type": "Point", "coordinates": [ 4192042.111017852090299, 7511547.588068507611752 ] } },
{ "type": "Feature", "properties": { "id": 215378, "address": "Москва, Улица Госпитальный Вал 5с12", "workTime": "Ежедневно 10:00-21:00", "pickupType": null, "fittingRooms": 2, "status": null }, "geometry": { "type": "Point", "coordinates": [ 4197420.957493491470814, 7513377.060812228359282 ] } },
{ "type": "Feature", "properties": { "id": 215422, "address": "Москва, Улица Брусилова 15", "workTime": "Ежедневно 10:00-21:00", "pickupType": 3, "fittingRooms": 2, "status": null }, "geometry": { "type": "Point", "coordinates": [ 4183456.038692966569215, 7459858.529328574426472 ] } },
{ "type": "Feature", "properties": { "id": 215441, "address": "Москва, Улица 800-Летия Москвы 18", "workTime": "Ежедневно 10:00-21:00", "pickupType": 3, "fittingRooms": 2, "status": null }, "geometry": { "type": "Point", "coordinates": [ 4180372.488797992933542, 7534356.461955108679831 ] } },
{ "type": "Feature", "properties": { "id": 215450, "address": "Москва, Улица Шверника 6к2", "workTime": "Ежедневно 10:00-21:00", "pickupType": null, "fittingRooms": 4, "status": null }, "geometry": { "type": "Point", "coordinates": [ 4183579.046730292961001, 7497650.640927882865071 ] } },
{ "type": "Feature", "properties": { "id": 215576, "address": "Москва, Химкинский Бульвар 14к1", "workTime": "Ежедневно 10:00-21:00", "pickupType": null, "fittingRooms": 6, "status": null }, "geometry": { "type": "Point", "coordinates": [ 4168515.961153091862798, 7529084.441655524075031 ] } },
{ "type": "Feature", "properties": { "id": 215584, "address": "Москва, Новокосинская Улица 37", "workTime": "Ежедневно 10:00-21:00", "pickupType": null, "fittingRooms": 3, "status": null }, "geometry": { "type": "Point", "coordinates": [ 4215354.972738252021372, 7507477.009614220820367 ] } },
{ "type": "Feature", "properties": { "id": 215627, "address": "Москва, Москва, Стрелецкая улица, 18", "workTime": "Ежедневно 10:00-21:00", "pickupType": 4, "fittingRooms": 2, "status": null }, "geometry": { "type": "Point", "coordinates": [ 4186578.995687681250274, 7517899.669392670504749 ] } },
{ "type": "Feature", "properties": { "id": 215693, "address": "Москва, поселение Десёновское, 3-я Нововатутинская улица, 6", "workTime": "Ежедневно 10:00-21:00", "pickupType": null, "fittingRooms": 3, "status": null }, "geometry": { "type": "Point", "coordinates": [ 4157867.138663807418197, 7463708.23404975887388 ] } },
{ "type": "Feature", "properties": { "id": 215718, "address": "Москва, Кусковская Улица 16", "workTime": "Ежедневно 10:00-21:00", "pickupType": 3, "fittingRooms": 2, "status": null }, "geometry": { "type": "Point", "coordinates": [ 4205749.993114135228097, 7506605.728312080726027 ] } },
{ "type": "Feature", "properties": { "id": 215723, "address": "Москва, 1-Я Владимирская Улица 31", "workTime": "Ежедневно 10:00-21:00", "pickupType": 3, "fittingRooms": 3, "status": null }, "geometry": { "type": "Point", "coordinates": [ 4205496.295994617976248, 7509295.626954901963472 ] } },
{ "type": "Feature", "properties": { "id": 215731, "address": "Москва, Солдатский Переулок вл26", "workTime": "Ежедневно 10:00-21:00", "pickupType": 3, "fittingRooms": 4, "status": null }, "geometry": { "type": "Point", "coordinates": [ 4197386.225812364369631, 7512277.939922915771604 ] } },
{ "type": "Feature", "properties": { "id": 215740, "address": "Москва, Улица Княжнина 2", "workTime": "Ежедневно 10:00-21:00", "pickupType": 3, "fittingRooms": 3, "status": null }, "geometry": { "type": "Point", "coordinates": [ 4197395.020052136853337, 7512091.338440762832761 ] } },
{ "type": "Feature", "properties": { "id": 215762, "address": "Москва, Улица Довженко 6", "workTime": "Ежедневно 10:00-21:00", "pickupType": 3, "fittingRooms": 3, "status": null }, "geometry": { "type": "Point", "coordinates": [ 4175854.25330567592755, 7503321.016227937303483 ] } },
{ "type": "Feature", "properties": { "id": 215885, "address": "Москва, Люблинская Улица 39/2", "workTime": "Ежедневно 10:00-21:00", "pickupType": 3, "fittingRooms": 3, "status": null }, "geometry": { "type": "Point", "coordinates": [ 4200607.36659795884043, 7497962.908018017187715 ] } },
{ "type": "Feature", "properties": { "id": 215942, "address": "Москва, Флотская Улица 78", "workTime": "Ежедневно 10:00-21:00", "pickupType": 3, "fittingRooms": 4, "status": null }, "geometry": { "type": "Point", "coordinates": [ 4175992.957391203381121, 7530511.449155297130346 ] } },
{ "type": "Feature", "properties": { "id": 215952, "address": "Москва, Керченская Улица 28а", "workTime": "Ежедневно 10:00-21:00", "pickupType": null, "fittingRooms": 2, "status": null }, "geometry": { "type": "Point", "coordinates": [ 4182895.990334786009043, 7488834.752192864194512 ] } },
{ "type": "Feature", "properties": { "id": 215963, "address": "Москва, Проезд Аэропорта 8с4", "workTime": "Ежедневно 10:00-21:00", "pickupType": 3, "fittingRooms": 2, "status": null }, "geometry": { "type": "Point", "coordinates": [ 4176886.184985329862684, 7518283.455948442220688 ] } },
{ "type": "Feature", "properties": { "id": 216007, "address": "Москва, Аминьевское Шоссе 4дк2", "workTime": "Ежедневно 10:00-21:00", "pickupType": 3, "fittingRooms": 3, "status": null }, "geometry": { "type": "Point", "coordinates": [ 4170940.833621041849256, 7498953.121149452403188 ] } },
{ "type": "Feature", "properties": { "id": 216060, "address": "Москва, Улица Короленко 4/14", "workTime": "Ежедневно 09:00-22:00", "pickupType": 3, "fittingRooms": 3, "status": null }, "geometry": { "type": "Point", "coordinates": [ 4195643.964461958967149, 7518042.250403447076678 ] } },
{ "type": "Feature", "properties": { "id": 216141, "address": "Москва, 6-Я Радиальная Улица 3к6", "workTime": "Ежедневно 10:00-21:00", "pickupType": 3, "fittingRooms": 5, "status": null }, "geometry": { "type": "Point", "coordinates": [ 4192812.33057465031743, 7480280.165708142332733 ] } },
{ "type": "Feature", "properties": { "id": 216161, "address": "Москва, Москва, улица Паустовского, 4с3", "workTime": "Ежедневно 10:00-21:00", "pickupType": 4, "fittingRooms": 3, "status": null }, "geometry": { "type": "Point", "coordinates": [ 4178776.876182534731925, 7479483.030812595039606 ] } },
{ "type": "Feature", "properties": { "id": 216207, "address": "Москва, Загорьевская Улица 10к2с2", "workTime": "Ежедневно 10:00-21:00", "pickupType": 3, "fittingRooms": 2, "status": null }, "geometry": { "type": "Point", "coordinates": [ 4194192.024343542288989, 7475175.508319228887558 ] } },
{ "type": "Feature", "properties": { "id": 216296, "address": "Москва, Улица Менжинского 21", "workTime": "Ежедневно 10:00-21:00", "pickupType": 3, "fittingRooms": 2, "status": null }, "geometry": { "type": "Point", "coordinates": [ 4192993.781344642862678, 7532371.02123586833477 ] } },
{ "type": "Feature", "properties": { "id": 216340, "address": "Москва, Прокшинский Проспект 12", "workTime": "Ежедневно 10:00-21:00", "pickupType": 3, "fittingRooms": 3, "status": null }, "geometry": { "type": "Point", "coordinates": [ 4166144.967318686190993, 7477530.615450445562601 ] } },
{ "type": "Feature", "properties": { "id": 216410, "address": "Москва, Москва, Окская улица, 5к3", "workTime": "Ежедневно 10:00-21:00", "pickupType": 4, "fittingRooms": 3, "status": null }, "geometry": { "type": "Point", "coordinates": [ 4203017.251120987348258, 7501868.295996529050171 ] } },
{ "type": "Feature", "properties": { "id": 216472, "address": "Москва, поселение Сосенское, улица Александры Монаховой, 89к2", "workTime": "Ежедневно 10:00-21:00", "pickupType": 4, "fittingRooms": 2, "status": null }, "geometry": { "type": "Point", "coordinates": [ 4173181.361012238077819, 7469031.026668144389987 ] } },
{ "type": "Feature", "properties": { "id": 216544, "address": "Москва, Очаковское Шоссе 11к1", "workTime": "Ежедневно 10:00-21:00", "pickupType": 3, "fittingRooms": 2, "status": null }, "geometry": { "type": "Point", "coordinates": [ 4169535.981647230684757, 7497649.653385960496962 ] } },
{ "type": "Feature", "properties": { "id": 216554, "address": "Москва, Ленинский Проспект 156", "workTime": "Ежедневно 10:00-21:00", "pickupType": null, "fittingRooms": 4, "status": null }, "geometry": { "type": "Point", "coordinates": [ 4172922.988474106881768, 7489443.986367907375097 ] } },
{ "type": "Feature", "properties": { "id": 216667, "address": "Москва, Набережная Новикова-Прибоя 7к2", "workTime": "Ежедневно 10:00-21:00", "pickupType": null, "fittingRooms": 4, "status": null }, "geometry": { "type": "Point", "coordinates": [ 4168685.05545960739255, 7516023.78642576187849 ] } },
{ "type": "Feature", "properties": { "id": 216672, "address": "Москва, Зеленоград, к904", "workTime": "Ежедневно 10:00-21:00", "pickupType": 4, "fittingRooms": 2, "status": null }, "geometry": { "type": "Point", "coordinates": [ 4139886.040951736271381, 7555124.089141929522157 ] } },
{ "type": "Feature", "properties": { "id": 216738, "address": "Москва, Москва, шоссе Энтузиастов, 68", "workTime": "Ежедневно 10:00-21:00", "pickupType": 4, "fittingRooms": 3, "status": null }, "geometry": { "type": "Point", "coordinates": [ 4205578.004500860348344, 7511377.822331265546381 ] } },
{ "type": "Feature", "properties": { "id": 216800, "address": "Москва, Улица Борисовские Пруды 17к1", "workTime": "Ежедневно 10:00-21:00", "pickupType": 3, "fittingRooms": 3, "status": null }, "geometry": { "type": "Point", "coordinates": [ 4199049.784282779321074, 7486236.970811736769974 ] } },
{ "type": "Feature", "properties": { "id": 216819, "address": "Москва, Москва, Киевское шоссе, 21-й километр, 3с1", "workTime": "Ежедневно 10:00-21:00", "pickupType": 4, "fittingRooms": 2, "status": null }, "geometry": { "type": "Point", "coordinates": [ 4169259.731866795103997, 7485908.998808718286455 ] } },
{ "type": "Feature", "properties": { "id": 216991, "address": "Москва, Москва, Новодевичий проезд, 4", "workTime": "Ежедневно 10:00-21:00", "pickupType": 4, "fittingRooms": 3, "status": null }, "geometry": { "type": "Point", "coordinates": [ 4181017.244386859703809, 7504651.912940699607134 ] } },
{ "type": "Feature", "properties": { "id": 217038, "address": "Москва, Варшавское Шоссе 146б", "workTime": "Ежедневно 10:00-21:00", "pickupType": 3, "fittingRooms": 2, "status": null }, "geometry": { "type": "Point", "coordinates": [ 4186065.033598688431084, 7479884.666766996495426 ] } },
{ "type": "Feature", "properties": { "id": 217159, "address": "Москва, Улица Амундсена 14", "workTime": "Ежедневно 10:00-21:00", "pickupType": 3, "fittingRooms": 4, "status": null }, "geometry": { "type": "Point", "coordinates": [ 4191911.199296678882092, 7529420.196020868606865 ] } },
{ "type": "Feature", "properties": { "id": 217226, "address": "Москва, Родионовская Улица 2к1", "workTime": "Ежедневно 09:00-21:00", "pickupType": 3, "fittingRooms": 3, "status": null }, "geometry": { "type": "Point", "coordinates": [ 4163310.216485636308789, 7537668.917349949479103 ] } },
{ "type": "Feature", "properties": { "id": 217421, "address": "Москва, Скобелевская Улица 8", "workTime": "Ежедневно 10:00-21:00", "pickupType": 3, "fittingRooms": 2, "status": null }, "geometry": { "type": "Point", "coordinates": [ 4180464.327377897221595, 7469497.011744936928153 ] } },
{ "type": "Feature", "properties": { "id": 217599, "address": "Москва, Ореховый Бульвар 31", "workTime": "Ежедневно 10:00-21:00", "pickupType": 3, "fittingRooms": 2, "status": null }, "geometry": { "type": "Point", "coordinates": [ 4200515.973296017386019, 7482043.50562855694443 ] } },
{ "type": "Feature", "properties": { "id": 217708, "address": "Москва, 2-Я Владимирская Улица 30", "workTime": "Ежедневно 10:00-21:00", "pickupType": 3, "fittingRooms": 2, "status": null }, "geometry": { "type": "Point", "coordinates": [ 4205833.037454267963767, 7509340.529183312319219 ] } },
{ "type": "Feature", "properties": { "id": 217929, "address": "Москва, Улица Михайлова 30ак4", "workTime": "Ежедневно 09:00-21:00", "pickupType": 3, "fittingRooms": 3, "status": null }, "geometry": { "type": "Point", "coordinates": [ 4205295.141674754209816, 7503518.474619970656931 ] } },
{ "type": "Feature", "properties": { "id": 218138, "address": "Москва, 1-Я Новокузьминская Улица 22к2", "workTime": "Ежедневно 10:00-21:00", "pickupType": 3, "fittingRooms": 2, "status": null }, "geometry": { "type": "Point", "coordinates": [ 4207094.955201899632812, 7501400.655870299786329 ] } },
{ "type": "Feature", "properties": { "id": 218310, "address": "Москва, Мартеновская Улица 6к1", "workTime": "Ежедневно 10:00-21:00", "pickupType": null, "fittingRooms": 3, "status": null }, "geometry": { "type": "Point", "coordinates": [ 4208432.013605817221105, 7510512.035605842247605 ] } },
{ "type": "Feature", "properties": { "id": 218421, "address": "Москва, Новая Улица 21", "workTime": "Ежедневно 10:00-21:00", "pickupType": 3, "fittingRooms": 2, "status": null }, "geometry": { "type": "Point", "coordinates": [ 4176061.975475496146828, 7534086.176998978480697 ] } },
{ "type": "Feature", "properties": { "id": 218538, "address": "Москва, Москва, улица Зворыкина, 14к4", "workTime": "Ежедневно 10:00-21:00", "pickupType": 4, "fittingRooms": 6, "status": null }, "geometry": { "type": "Point", "coordinates": [ 4157853.810492494609207, 7496863.220827206037939 ] } },
{ "type": "Feature", "properties": { "id": 218613, "address": "Москва, Москва, улица Поляны, 5Ак2", "workTime": "Ежедневно 10:00-21:00", "pickupType": 4, "fittingRooms": 3, "status": null }, "geometry": { "type": "Point", "coordinates": [ 4180630.876920852810144, 7470023.181802987121046 ] } },
{ "type": "Feature", "properties": { "id": 219098, "address": "Москва, Москва, Перовская улица, 58", "workTime": "\"Ежедневно 10:00-21:00\"", "pickupType": 4, "fittingRooms": 4, "status": null }, "geometry": { "type": "Point", "coordinates": [ 4207005.75723163690418, 7507830.284468322061002 ] } },
{ "type": "Feature", "properties": { "id": 300167, "address": "Москва, Москва, улица Инессы Арманд, 8/17", "workTime": "\"Ежедневно 10:00-21:00\"", "pickupType": 4, "fittingRooms": 3, "status": null }, "geometry": { "type": "Point", "coordinates": [ 4179444.974800703115761, 7477180.760742115788162 ] } },
{ "type": "Feature", "properties": { "id": 18204212, "address": "Москва, Москва, Производственная улица, 11с1", "workTime": "null", "pickupType": null, "fittingRooms": null, "status": null }, "geometry": { "type": "Point", "coordinates": [ 4160900.817426905967295, 7488349.451057331636548 ] } }
]
}
