{
"type": "FeatureCollection",
"name": "PVZ_addresses",
"crs": { "type": "name", "properties": { "name": "urn:ogc:def:crs:OGC:1.3:CRS84" } },
"features": [
{ "type": "Feature", "properties": { "full_id": "r15414663", "osm_id": "15414663", "osm_type": "relation", "addr:housenumber": "9 к3", "addr:street": "Мантулинская улица", "addr:place": null, "official_status": null, "est_height": null, "bicycle_parking": null, "provided_for:toddler": null, "provided_for:infant": null, "provided_for:child": null, "provided_for:adolescent": null, "floating": null, "ele": null, "payment:visa_electron": null, "payment:visa": null, "payment:mastercard": null, "payment:maestro": null, "social_facility:for": null, "social_facility": null, "architect:wikipedia": null, "name:ky": null, "air_conditioning": null, "parking": null, "provided_for:female": null, "health_specialty:gynaecology": null, "official_name:is": null, "name:is": null, "name:th": null, "subject:wikimedia_commons": null, "emergency:phone": null, "name:bn": null, "official_name:tr": null, "name:tr": null, "was:amenity": null, "toilets": null, "fuel:octane_95": null, "fuel:octane_92": null, "fuel:diesel": null, "car_wash": null, "cafe": null, "barrier": null, "contact:ok": null, "gas": null, "contact:telegram": null, "utility": null, "denomination:ru": null, "roof:orientation": null, "street_cabinet": null, "building:year_built": null, "name:et": null, "alt_name:et": null, "name:tk": null, "consulate": null, "was:man_made": null, "name:signed": null, "service": null, "opening_hours:signed": null, "official_name:az": null, "name:az": null, "addr:source": null, "studio": null, "official_name:tg": null, "name:tg": null, "toilets:disposal": null, "historic:name": null, "health_specialty:toxicology": null, "landuse": null, "demolished:building": null, "name:da": null, "operator:wikipedia": null, "atm": null, "official_name:tl": null, "name:tl": null, "name:ta": null, "name:ms": null, "name:ps": null, "official_name:no": null, "name:no": null, "subway": null, "health_specialty:endocrinology": null, "contact:fax": null, "name:ko": null, "operator:wikidata": null, "operator:ru": null, "operator:en": null, "name:sl": null, "name:lt": null, "name:hr": null, "name:hi": null, "access": null, "old_name:de": null, "healthcare:speciality": null, "addr:full": null, "building:cladding": null, "diet:vegetarian": null, "takeaway": null, "microbrewery": null, "check_date:opening_hours": null, "wikipedia:en": null, "twitter": null, "fax": null, "diplomatic:services:non-immigrant_visas": null, "diplomatic:services:immigrant_visas": null, "diplomatic:services:citizen_services": null, "official_name:ru": null, "official_short_type": null, "dog": null, "ref:temples.ru": null, "emergency": null, "full_name": null, "comment": null, "name:mn": null, "name:uz": null, "name:tt-Latn": null, "name:tt": null, "name:sah": null, "name:hy": null, "name:ba": null, "alt_name:nl": null, "alt_name:fr": null, "design:note": null, "medical_system:western": null, "disused": null, "faculty": null, "training": null, "ownership": null, "education_profile:music": null, "education_form:parttime": null, "addr:unit": null, "construction": null, "year_of_construction": null, "note:cadastre:id": null, "police": null, "fee": null, "theatre:genre": null, "smoking": null, "capacity": null, "building:use": null, "language:ka": null, "rating": null, "roof:height": null, "internet_access:fee": null, "internet_access": null, "building:levels:habitable": null, "cuisine": null, "name:ar": null, "education_level:preschool": null, "service:vehicle:window_tinting": null, "service:vehicle:scratch_removal": null, "service:vehicle:protective_film": null, "service:vehicle:polishing": null, "service:vehicle:painting": null, "service:vehicle:interior_cleaning": null, "service:vehicle:detailing": null, "service:vehicle:ceramic_coating": null, "service:vehicle:car_wash": null, "service:vehicle:car_repair": null, "service:vehicle:body_repair": null, "payment:debit_cards": null, "payment:credit_cards": null, "payment:cash": null, "was:building": null, "ref:mkrf_theaters": null, "ref:mkrf.ru": null, "level": null, "energy_class": null, "source:start_date": null, "ref:sobory.ru": null, "official_name:de": null, "telecom": null, "education_profile:general": null, "education_level:secondary": null, "education_level:primary": null, "education_form:fulltime": null, "name:ml": null, "email": null, "end_date": null, "architect:wikidata": null, "building:min_level": null, "abandoned": null, "research": null, "education_system:ru_standard": null, "education_profile:professional": null, "education_level:higher": null, "education": null, "zoo": null, "is_in:zoo": null, "attraction": null, "was:name": null, "disused:amenity": null, "swimming_pool": null, "sport": null, "leisure": null, "voltage": null, "shop": null, "min_level": null, "max_level": null, "building:parts": null, "addr:region": null, "target": null, "official_name:pl": null, "embassy": null, "diplomatic": null, "country": null, "alt_name:pl": null, "short_name:ru": null, "short_name:en": null, "contact:youtube": null, "contact:twitter": null, "contact:instagram": null, "contact:facebook": null, "official_name:en": null, "int_name": null, "rooms": null, "operator": null, "brand:wikipedia": null, "brand:wikidata": null, "brand:ru": null, "brand:en": null, "brand": null, "wheelchair": null, "layer": null, "old_name:en": null, "aeroway:light": null, "architect": null, "description": null, "old_name": null, "industrial": null, "wikipedia:ru": null, "name:fa": null, "alt_name:en": null, "alt_name:de": null, "design:ref": null, "religion": null, "loc_name": null, "denomination": null, "phone": null, "name:sr": null, "name:sk": null, "name:pt": null, "name:mk": null, "name:ka": null, "name:it": null, "name:hu": null, "name:he": null, "name:es": null, "name:el": null, "name:bg": null, "museum": null, "proposed:name": null, "name:cv": null, "name:cs": null, "name:be": null, "building:levels:underground": null, "contact:vk": null, "website": null, "name:zh": null, "ref": null, "historic": null, "roof:levels": null, "material": null, "building:flats": "171", "addr2:street": null, "addr2:housenumber": null, "heritage:name": null, "heritage": null, "substance": null, "pipeline": null, "man_made": null, "tourism": null, "stars": null, "opening_hours": null, "check_date": null, "addr:street2": null, "addr:housenumber2": null, "substation": null, "power": null, "location": null, "building:part": null, "height": null, "addr:postcode": "123100", "short_name": null, "official_name": null, "government": null, "contact:website": null, "contact:phone": null, "contact:email": null, "office": null, "wikipedia": null, "wikidata": null, "start_date": "2020", "name:vi": null, "name:ru": null, "name:ro": null, "name:pl": null, "name:nl": null, "name:ja": null, "name:fr": null, "name:fi": null, "name:eo": null, "name:en": null, "name:de": null, "name:ca": null, "alt_name": null, "name:uk": null, "name": null, "healthcare": null, "health_facility:type": null, "amenity": null, "type": "multipolygon", "roof:shape": null, "roof:material": null, "roof:colour": null, "roof:angle": null, "building:material": null, "building:levels": "19", "building:colour": null, "building:architecture": null, "building": "apartments", "addr:country": null, "addr:city": "Москва" }, "geometry": { "type": "MultiPolygon", "coordinates": [ [ [ [ 37.5436908, 55.7541993 ], [ 37.5436669, 55.7542266 ], [ 37.5435147, 55.7544014 ], [ 37.5437504, 55.7544665 ], [ 37.5439027, 55.7542917 ], [ 37.5439265, 55.7542643 ], [ 37.544055, 55.7541169 ], [ 37.5441529, 55.7541439 ], [ 37.5443487, 55.754198 ], [ 37.5445444, 55.754252 ], [ 37.5446423, 55.754279 ], [ 37.5445573, 55.7543766 ], [ 37.5445351, 55.754402 ], [ 37.5445129, 55.7544275 ], [ 37.54449, 55.7544537 ], [ 37.5443507, 55.7546136 ], [ 37.5445868, 55.7546787 ], [ 37.5447261, 55.7545189 ], [ 37.544749, 55.7544926 ], [ 37.5447712, 55.7544672 ], [ 37.5447933, 55.7544417 ], [ 37.5448783, 55.7543441 ], [ 37.5449772, 55.7542307 ], [ 37.5447412, 55.7541656 ], [ 37.5446433, 55.7541385 ], [ 37.5444475, 55.7540845 ], [ 37.5442518, 55.7540305 ], [ 37.5441538, 55.7540035 ], [ 37.5439953, 55.7539597 ], [ 37.5439181, 55.7539384 ], [ 37.5438192, 55.7540518 ], [ 37.5438007, 55.7540731 ], [ 37.5436908, 55.7541993 ] ] ] ] } },
{ "type": "Feature", "properties": { "full_id": "w31137110", "osm_id": "31137110", "osm_type": "way", "addr:housenumber": "12", "addr:street": "улица Климашкина", "addr:place": null, "official_status": null, "est_height": null, "bicycle_parking": null, "provided_for:toddler": null, "provided_for:infant": null, "provided_for:child": null, "provided_for:adolescent": null, "floating": null, "ele": null, "payment:visa_electron": null, "payment:visa": null, "payment:mastercard": null, "payment:maestro": null, "social_facility:for": null, "social_facility": null, "architect:wikipedia": null, "name:ky": null, "air_conditioning": null, "parking": null, "provided_for:female": null, "health_specialty:gynaecology": null, "official_name:is": null, "name:is": null, "name:th": null, "subject:wikimedia_commons": null, "emergency:phone": null, "name:bn": null, "official_name:tr": null, "name:tr": null, "was:amenity": null, "toilets": null, "fuel:octane_95": null, "fuel:octane_92": null, "fuel:diesel": null, "car_wash": null, "cafe": null, "barrier": null, "contact:ok": null, "gas": null, "contact:telegram": null, "utility": null, "denomination:ru": null, "roof:orientation": null, "street_cabinet": null, "building:year_built": null, "name:et": null, "alt_name:et": null, "name:tk": null, "consulate": null, "was:man_made": null, "name:signed": null, "service": null, "opening_hours:signed": null, "official_name:az": null, "name:az": null, "addr:source": null, "studio": null, "official_name:tg": null, "name:tg": null, "toilets:disposal": null, "historic:name": null, "health_specialty:toxicology": null, "landuse": null, "demolished:building": null, "name:da": null, "operator:wikipedia": null, "atm": null, "official_name:tl": null, "name:tl": null, "name:ta": null, "name:ms": null, "name:ps": null, "official_name:no": null, "name:no": null, "subway": null, "health_specialty:endocrinology": null, "contact:fax": null, "name:ko": null, "operator:wikidata": null, "operator:ru": null, "operator:en": null, "name:sl": null, "name:lt": null, "name:hr": null, "name:hi": null, "access": null, "old_name:de": null, "healthcare:speciality": null, "addr:full": null, "building:cladding": null, "diet:vegetarian": null, "takeaway": null, "microbrewery": null, "check_date:opening_hours": null, "wikipedia:en": null, "twitter": null, "fax": null, "diplomatic:services:non-immigrant_visas": null, "diplomatic:services:immigrant_visas": null, "diplomatic:services:citizen_services": null, "official_name:ru": null, "official_short_type": null, "dog": null, "ref:temples.ru": null, "emergency": null, "full_name": null, "comment": null, "name:mn": null, "name:uz": null, "name:tt-Latn": null, "name:tt": null, "name:sah": null, "name:hy": null, "name:ba": null, "alt_name:nl": null, "alt_name:fr": null, "design:note": null, "medical_system:western": null, "disused": null, "faculty": null, "training": null, "ownership": null, "education_profile:music": null, "education_form:parttime": null, "addr:unit": null, "construction": null, "year_of_construction": null, "note:cadastre:id": null, "police": null, "fee": null, "theatre:genre": null, "smoking": null, "capacity": null, "building:use": null, "language:ka": null, "rating": null, "roof:height": null, "internet_access:fee": null, "internet_access": null, "building:levels:habitable": null, "cuisine": null, "name:ar": null, "education_level:preschool": null, "service:vehicle:window_tinting": null, "service:vehicle:scratch_removal": null, "service:vehicle:protective_film": null, "service:vehicle:polishing": null, "service:vehicle:painting": null, "service:vehicle:interior_cleaning": null, "service:vehicle:detailing": null, "service:vehicle:ceramic_coating": null, "service:vehicle:car_wash": null, "service:vehicle:car_repair": null, "service:vehicle:body_repair": null, "payment:debit_cards": null, "payment:credit_cards": null, "payment:cash": null, "was:building": null, "ref:mkrf_theaters": null, "ref:mkrf.ru": null, "level": null, "energy_class": null, "source:start_date": null, "ref:sobory.ru": null, "official_name:de": null, "telecom": null, "education_profile:general": null, "education_level:secondary": null, "education_level:primary": null, "education_form:fulltime": null, "name:ml": null, "email": null, "end_date": null, "architect:wikidata": null, "building:min_level": null, "abandoned": null, "research": null, "education_system:ru_standard": null, "education_profile:professional": null, "education_level:higher": null, "education": null, "zoo": null, "is_in:zoo": null, "attraction": null, "was:name": null, "disused:amenity": null, "swimming_pool": null, "sport": null, "leisure": null, "voltage": null, "shop": null, "min_level": null, "max_level": null, "building:parts": null, "addr:region": null, "target": null, "official_name:pl": null, "embassy": null, "diplomatic": null, "country": null, "alt_name:pl": null, "short_name:ru": null, "short_name:en": null, "contact:youtube": null, "contact:twitter": null, "contact:instagram": null, "contact:facebook": null, "official_name:en": null, "int_name": null, "rooms": null, "operator": null, "brand:wikipedia": null, "brand:wikidata": null, "brand:ru": null, "brand:en": null, "brand": null, "wheelchair": null, "layer": null, "old_name:en": null, "aeroway:light": null, "architect": null, "description": null, "old_name": null, "industrial": null, "wikipedia:ru": null, "name:fa": null, "alt_name:en": null, "alt_name:de": null, "design:ref": null, "religion": null, "loc_name": null, "denomination": null, "phone": null, "name:sr": null, "name:sk": null, "name:pt": null, "name:mk": null, "name:ka": null, "name:it": null, "name:hu": null, "name:he": null, "name:es": null, "name:el": null, "name:bg": null, "museum": null, "proposed:name": null, "name:cv": null, "name:cs": null, "name:be": null, "building:levels:underground": null, "contact:vk": null, "website": null, "name:zh": null, "ref": null, "historic": null, "roof:levels": null, "material": null, "building:flats": null, "addr2:street": null, "addr2:housenumber": null, "heritage:name": null, "heritage": null, "substance": null, "pipeline": null, "man_made": null, "tourism": null, "stars": null, "opening_hours": null, "check_date": null, "addr:street2": null, "addr:housenumber2": null, "substation": null, "power": null, "location": null, "building:part": null, "height": null, "addr:postcode": null, "short_name": null, "official_name": null, "government": null, "contact:website": null, "contact:phone": null, "contact:email": null, "office": null, "wikipedia": null, "wikidata": null, "start_date": null, "name:vi": null, "name:ru": null, "name:ro": null, "name:pl": null, "name:nl": null, "name:ja": null, "name:fr": null, "name:fi": null, "name:eo": null, "name:en": null, "name:de": null, "name:ca": null, "alt_name": null, "name:uk": null, "name": null, "healthcare": null, "health_facility:type": null, "amenity": null, "type": null, "roof:shape": null, "roof:material": null, "roof:colour": null, "roof:angle": null, "building:material": null, "building:levels": "7", "building:colour": null, "building:architecture": null, "building": "apartments", "addr:country": null, "addr:city": null }, "geometry": { "type": "MultiPolygon", "coordinates": [ [ [ [ 37.573658, 55.7687742 ], [ 37.573671, 55.7689092 ], [ 37.5741727, 55.7688939 ], [ 37.5741618, 55.7687796 ], [ 37.5742858, 55.7687759 ], [ 37.5742813, 55.7687289 ], [ 37.5742206, 55.7680965 ], [ 37.5742129, 55.768016 ], [ 37.5741186, 55.7680188 ], [ 37.574108, 55.7679085 ], [ 37.5735794, 55.7679246 ], [ 37.5735928, 55.7680644 ], [ 37.57378, 55.7680587 ], [ 37.5738056, 55.7680579 ], [ 37.573804, 55.7680409 ], [ 37.5739684, 55.7680359 ], [ 37.5739749, 55.7681039 ], [ 37.5739818, 55.7681755 ], [ 37.5740041, 55.7684079 ], [ 37.5740241, 55.7686162 ], [ 37.5740356, 55.7687363 ], [ 37.5740399, 55.7687813 ], [ 37.5738521, 55.768787 ], [ 37.5738503, 55.7687684 ], [ 37.5738268, 55.7687691 ], [ 37.573658, 55.7687742 ] ] ] ] } },
{ "type": "Feature", "properties": { "full_id": "w31496308", "osm_id": "31496308", "osm_type": "way", "addr:housenumber": "5-7 с2", "addr:street": "Большой Кисловский переулок", "addr:place": null, "official_status": null, "est_height": null, "bicycle_parking": null, "provided_for:toddler": null, "provided_for:infant": null, "provided_for:child": null, "provided_for:adolescent": null, "floating": null, "ele": null, "payment:visa_electron": null, "payment:visa": null, "payment:mastercard": null, "payment:maestro": null, "social_facility:for": null, "social_facility": null, "architect:wikipedia": null, "name:ky": null, "air_conditioning": null, "parking": null, "provided_for:female": null, "health_specialty:gynaecology": null, "official_name:is": null, "name:is": null, "name:th": null, "subject:wikimedia_commons": null, "emergency:phone": null, "name:bn": null, "official_name:tr": null, "name:tr": null, "was:amenity": null, "toilets": null, "fuel:octane_95": null, "fuel:octane_92": null, "fuel:diesel": null, "car_wash": null, "cafe": null, "barrier": null, "contact:ok": null, "gas": null, "contact:telegram": null, "utility": null, "denomination:ru": null, "roof:orientation": null, "street_cabinet": null, "building:year_built": null, "name:et": null, "alt_name:et": null, "name:tk": null, "consulate": null, "was:man_made": null, "name:signed": null, "service": null, "opening_hours:signed": null, "official_name:az": null, "name:az": null, "addr:source": null, "studio": null, "official_name:tg": null, "name:tg": null, "toilets:disposal": null, "historic:name": null, "health_specialty:toxicology": null, "landuse": null, "demolished:building": null, "name:da": null, "operator:wikipedia": null, "atm": null, "official_name:tl": null, "name:tl": null, "name:ta": null, "name:ms": null, "name:ps": null, "official_name:no": null, "name:no": null, "subway": null, "health_specialty:endocrinology": null, "contact:fax": null, "name:ko": null, "operator:wikidata": null, "operator:ru": null, "operator:en": null, "name:sl": null, "name:lt": null, "name:hr": null, "name:hi": null, "access": null, "old_name:de": null, "healthcare:speciality": null, "addr:full": null, "building:cladding": null, "diet:vegetarian": null, "takeaway": null, "microbrewery": null, "check_date:opening_hours": null, "wikipedia:en": null, "twitter": null, "fax": null, "diplomatic:services:non-immigrant_visas": null, "diplomatic:services:immigrant_visas": null, "diplomatic:services:citizen_services": null, "official_name:ru": null, "official_short_type": null, "dog": null, "ref:temples.ru": null, "emergency": null, "full_name": null, "comment": null, "name:mn": null, "name:uz": null, "name:tt-Latn": null, "name:tt": null, "name:sah": null, "name:hy": null, "name:ba": null, "alt_name:nl": null, "alt_name:fr": null, "design:note": null, "medical_system:western": null, "disused": null, "faculty": null, "training": null, "ownership": null, "education_profile:music": null, "education_form:parttime": null, "addr:unit": null, "construction": null, "year_of_construction": null, "note:cadastre:id": null, "police": null, "fee": null, "theatre:genre": null, "smoking": null, "capacity": null, "building:use": null, "language:ka": null, "rating": null, "roof:height": null, "internet_access:fee": null, "internet_access": null, "building:levels:habitable": null, "cuisine": null, "name:ar": null, "education_level:preschool": null, "service:vehicle:window_tinting": null, "service:vehicle:scratch_removal": null, "service:vehicle:protective_film": null, "service:vehicle:polishing": null, "service:vehicle:painting": null, "service:vehicle:interior_cleaning": null, "service:vehicle:detailing": null, "service:vehicle:ceramic_coating": null, "service:vehicle:car_wash": null, "service:vehicle:car_repair": null, "service:vehicle:body_repair": null, "payment:debit_cards": null, "payment:credit_cards": null, "payment:cash": null, "was:building": null, "ref:mkrf_theaters": null, "ref:mkrf.ru": null, "level": null, "energy_class": null, "source:start_date": null, "ref:sobory.ru": null, "official_name:de": null, "telecom": null, "education_profile:general": null, "education_level:secondary": null, "education_level:primary": null, "education_form:fulltime": null, "name:ml": null, "email": null, "end_date": null, "architect:wikidata": null, "building:min_level": null, "abandoned": null, "research": null, "education_system:ru_standard": null, "education_profile:professional": null, "education_level:higher": null, "education": null, "zoo": null, "is_in:zoo": null, "attraction": null, "was:name": null, "disused:amenity": null, "swimming_pool": null, "sport": null, "leisure": null, "voltage": null, "shop": null, "min_level": null, "max_level": null, "building:parts": null, "addr:region": null, "target": null, "official_name:pl": null, "embassy": null, "diplomatic": null, "country": null, "alt_name:pl": null, "short_name:ru": null, "short_name:en": null, "contact:youtube": null, "contact:twitter": null, "contact:instagram": null, "contact:facebook": null, "official_name:en": null, "int_name": null, "rooms": null, "operator": null, "brand:wikipedia": null, "brand:wikidata": null, "brand:ru": null, "brand:en": null, "brand": null, "wheelchair": null, "layer": null, "old_name:en": null, "aeroway:light": null, "architect": null, "description": null, "old_name": null, "industrial": null, "wikipedia:ru": null, "name:fa": null, "alt_name:en": null, "alt_name:de": null, "design:ref": null, "religion": null, "loc_name": null, "denomination": null, "phone": null, "name:sr": null, "name:sk": null, "name:pt": null, "name:mk": null, "name:ka": null, "name:it": null, "name:hu": null, "name:he": null, "name:es": null, "name:el": null, "name:bg": null, "museum": null, "proposed:name": null, "name:cv": null, "name:cs": null, "name:be": null, "building:levels:underground": null, "contact:vk": null, "website": null, "name:zh": null, "ref": null, "historic": null, "roof:levels": null, "material": null, "building:flats": null, "addr2:street": null, "addr2:housenumber": null, "heritage:name": null, "heritage": null, "substance": null, "pipeline": null, "man_made": null, "tourism": null, "stars": null, "opening_hours": null, "check_date": null, "addr:street2": null, "addr:housenumber2": null, "substation": null, "power": null, "location": null, "building:part": null, "height": null, "addr:postcode": null, "short_name": null, "official_name": null, "government": null, "contact:website": null, "contact:phone": null, "contact:email": null, "office": null, "wikipedia": null, "wikidata": null, "start_date": null, "name:vi": null, "name:ru": null, "name:ro": null, "name:pl": null, "name:nl": null, "name:ja": null, "name:fr": null, "name:fi": null, "name:eo": null, "name:en": null, "name:de": null, "name:ca": null, "alt_name": null, "name:uk": null, "name": null, "healthcare": null, "health_facility:type": null, "amenity": null, "type": null, "roof:shape": "hipped", "roof:material": "metal", "roof:colour": "lightgrey", "roof:angle": "20", "building:material": "plaster", "building:levels": "4", "building:colour": "white", "building:architecture": null, "building": "apartments", "addr:country": null, "addr:city": null }, "geometry": { "type": "MultiPolygon", "coordinates": [ [ [ [ 37.6054916, 55.7546332 ], [ 37.6054967, 55.7546438 ], [ 37.6055387, 55.7546374 ], [ 37.6055788, 55.7546312 ], [ 37.6055737, 55.7546206 ], [ 37.6057839, 55.7545884 ], [ 37.6057886, 55.7545981 ], [ 37.6058222, 55.754593 ], [ 37.6058707, 55.7545855 ], [ 37.605866, 55.7545758 ], [ 37.6058929, 55.7545717 ], [ 37.6059176, 55.7545679 ], [ 37.6059399, 55.7545645 ], [ 37.6059616, 55.7545612 ], [ 37.605953, 55.7545435 ], [ 37.6059141, 55.754463 ], [ 37.6052972, 55.7545576 ], [ 37.6053447, 55.7546557 ], [ 37.6054916, 55.7546332 ] ] ] ] } },
{ "type": "Feature", "properties": { "full_id": "w32045643", "osm_id": "32045643", "osm_type": "way", "addr:housenumber": "13", "addr:street": "Малая Бронная улица", "addr:place": null, "official_status": null, "est_height": null, "bicycle_parking": null, "provided_for:toddler": null, "provided_for:infant": null, "provided_for:child": null, "provided_for:adolescent": null, "floating": null, "ele": null, "payment:visa_electron": null, "payment:visa": null, "payment:mastercard": null, "payment:maestro": null, "social_facility:for": null, "social_facility": null, "architect:wikipedia": null, "name:ky": null, "air_conditioning": null, "parking": null, "provided_for:female": null, "health_specialty:gynaecology": null, "official_name:is": null, "name:is": null, "name:th": null, "subject:wikimedia_commons": null, "emergency:phone": null, "name:bn": null, "official_name:tr": null, "name:tr": null, "was:amenity": null, "toilets": null, "fuel:octane_95": null, "fuel:octane_92": null, "fuel:diesel": null, "car_wash": null, "cafe": null, "barrier": null, "contact:ok": null, "gas": null, "contact:telegram": null, "utility": null, "denomination:ru": null, "roof:orientation": null, "street_cabinet": null, "building:year_built": null, "name:et": null, "alt_name:et": null, "name:tk": null, "consulate": null, "was:man_made": null, "name:signed": null, "service": null, "opening_hours:signed": null, "official_name:az": null, "name:az": null, "addr:source": null, "studio": null, "official_name:tg": null, "name:tg": null, "toilets:disposal": null, "historic:name": null, "health_specialty:toxicology": null, "landuse": null, "demolished:building": null, "name:da": null, "operator:wikipedia": null, "atm": null, "official_name:tl": null, "name:tl": null, "name:ta": null, "name:ms": null, "name:ps": null, "official_name:no": null, "name:no": null, "subway": null, "health_specialty:endocrinology": null, "contact:fax": null, "name:ko": null, "operator:wikidata": null, "operator:ru": null, "operator:en": null, "name:sl": null, "name:lt": null, "name:hr": null, "name:hi": null, "access": null, "old_name:de": null, "healthcare:speciality": null, "addr:full": null, "building:cladding": null, "diet:vegetarian": null, "takeaway": null, "microbrewery": null, "check_date:opening_hours": null, "wikipedia:en": null, "twitter": null, "fax": null, "diplomatic:services:non-immigrant_visas": null, "diplomatic:services:immigrant_visas": null, "diplomatic:services:citizen_services": null, "official_name:ru": null, "official_short_type": null, "dog": null, "ref:temples.ru": null, "emergency": null, "full_name": null, "comment": null, "name:mn": null, "name:uz": null, "name:tt-Latn": null, "name:tt": null, "name:sah": null, "name:hy": null, "name:ba": null, "alt_name:nl": null, "alt_name:fr": null, "design:note": null, "medical_system:western": null, "disused": null, "faculty": null, "training": null, "ownership": null, "education_profile:music": null, "education_form:parttime": null, "addr:unit": null, "construction": null, "year_of_construction": null, "note:cadastre:id": null, "police": null, "fee": null, "theatre:genre": null, "smoking": null, "capacity": null, "building:use": null, "language:ka": null, "rating": null, "roof:height": null, "internet_access:fee": null, "internet_access": null, "building:levels:habitable": null, "cuisine": null, "name:ar": null, "education_level:preschool": null, "service:vehicle:window_tinting": null, "service:vehicle:scratch_removal": null, "service:vehicle:protective_film": null, "service:vehicle:polishing": null, "service:vehicle:painting": null, "service:vehicle:interior_cleaning": null, "service:vehicle:detailing": null, "service:vehicle:ceramic_coating": null, "service:vehicle:car_wash": null, "service:vehicle:car_repair": null, "service:vehicle:body_repair": null, "payment:debit_cards": null, "payment:credit_cards": null, "payment:cash": null, "was:building": null, "ref:mkrf_theaters": null, "ref:mkrf.ru": null, "level": null, "energy_class": null, "source:start_date": null, "ref:sobory.ru": null, "official_name:de": null, "telecom": null, "education_profile:general": null, "education_level:secondary": null, "education_level:primary": null, "education_form:fulltime": null, "name:ml": null, "email": null, "end_date": null, "architect:wikidata": null, "building:min_level": null, "abandoned": null, "research": null, "education_system:ru_standard": null, "education_profile:professional": null, "education_level:higher": null, "education": null, "zoo": null, "is_in:zoo": null, "attraction": null, "was:name": null, "disused:amenity": null, "swimming_pool": null, "sport": null, "leisure": null, "voltage": null, "shop": null, "min_level": null, "max_level": null, "building:parts": null, "addr:region": null, "target": null, "official_name:pl": null, "embassy": null, "diplomatic": null, "country": null, "alt_name:pl": null, "short_name:ru": null, "short_name:en": null, "contact:youtube": null, "contact:twitter": null, "contact:instagram": null, "contact:facebook": null, "official_name:en": null, "int_name": null, "rooms": null, "operator": null, "brand:wikipedia": null, "brand:wikidata": null, "brand:ru": null, "brand:en": null, "brand": null, "wheelchair": null, "layer": null, "old_name:en": null, "aeroway:light": null, "architect": null, "description": null, "old_name": null, "industrial": null, "wikipedia:ru": null, "name:fa": null, "alt_name:en": null, "alt_name:de": null, "design:ref": null, "religion": null, "loc_name": null, "denomination": null, "phone": null, "name:sr": null, "name:sk": null, "name:pt": null, "name:mk": null, "name:ka": null, "name:it": null, "name:hu": null, "name:he": null, "name:es": null, "name:el": null, "name:bg": null, "museum": null, "proposed:name": null, "name:cv": null, "name:cs": null, "name:be": null, "building:levels:underground": null, "contact:vk": null, "website": null, "name:zh": null, "ref": null, "historic": null, "roof:levels": null, "material": null, "building:flats": null, "addr2:street": null, "addr2:housenumber": null, "heritage:name": null, "heritage": null, "substance": null, "pipeline": null, "man_made": null, "tourism": null, "stars": null, "opening_hours": null, "check_date": null, "addr:street2": null, "addr:housenumber2": null, "substation": null, "power": null, "location": null, "building:part": null, "height": null, "addr:postcode": null, "short_name": null, "official_name": null, "government": null, "contact:website": null, "contact:phone": null, "contact:email": null, "office": null, "wikipedia": null, "wikidata": null, "start_date": null, "name:vi": null, "name:ru": null, "name:ro": null, "name:pl": null, "name:nl": null, "name:ja": null, "name:fr": null, "name:fi": null, "name:eo": null, "name:en": null, "name:de": null, "name:ca": null, "alt_name": null, "name:uk": null, "name": null, "healthcare": null, "health_facility:type": null, "amenity": null, "type": null, "roof:shape": null, "roof:material": null, "roof:colour": null, "roof:angle": null, "building:material": null, "building:levels": "5", "building:colour": null, "building:architecture": null, "building": "apartments", "addr:country": null, "addr:city": null }, "geometry": { "type": "MultiPolygon", "coordinates": [ [ [ [ 37.5955026, 55.7596662 ], [ 37.5964931, 55.76011 ], [ 37.5965682, 55.7599806 ], [ 37.5964807, 55.7599414 ], [ 37.5962305, 55.7598293 ], [ 37.596001, 55.7597264 ], [ 37.5957718, 55.7596237 ], [ 37.5956439, 55.7595664 ], [ 37.5955026, 55.7596662 ] ] ] ] } },
{ "type": "Feature", "properties": { "full_id": "w32694416", "osm_id": "32694416", "osm_type": "way", "addr:housenumber": "23А", "addr:street": "Стрельбищенский переулок", "addr:place": null, "official_status": null, "est_height": null, "bicycle_parking": null, "provided_for:toddler": null, "provided_for:infant": null, "provided_for:child": null, "provided_for:adolescent": null, "floating": null, "ele": null, "payment:visa_electron": null, "payment:visa": null, "payment:mastercard": null, "payment:maestro": null, "social_facility:for": null, "social_facility": null, "architect:wikipedia": null, "name:ky": null, "air_conditioning": null, "parking": null, "provided_for:female": null, "health_specialty:gynaecology": null, "official_name:is": null, "name:is": null, "name:th": null, "subject:wikimedia_commons": null, "emergency:phone": null, "name:bn": null, "official_name:tr": null, "name:tr": null, "was:amenity": null, "toilets": null, "fuel:octane_95": null, "fuel:octane_92": null, "fuel:diesel": null, "car_wash": null, "cafe": null, "barrier": null, "contact:ok": null, "gas": null, "contact:telegram": null, "utility": null, "denomination:ru": null, "roof:orientation": null, "street_cabinet": null, "building:year_built": null, "name:et": null, "alt_name:et": null, "name:tk": null, "consulate": null, "was:man_made": null, "name:signed": null, "service": null, "opening_hours:signed": null, "official_name:az": null, "name:az": null, "addr:source": null, "studio": null, "official_name:tg": null, "name:tg": null, "toilets:disposal": null, "historic:name": null, "health_specialty:toxicology": null, "landuse": null, "demolished:building": null, "name:da": null, "operator:wikipedia": null, "atm": null, "official_name:tl": null, "name:tl": null, "name:ta": null, "name:ms": null, "name:ps": null, "official_name:no": null, "name:no": null, "subway": null, "health_specialty:endocrinology": null, "contact:fax": null, "name:ko": null, "operator:wikidata": null, "operator:ru": null, "operator:en": null, "name:sl": null, "name:lt": null, "name:hr": null, "name:hi": null, "access": null, "old_name:de": null, "healthcare:speciality": null, "addr:full": null, "building:cladding": null, "diet:vegetarian": null, "takeaway": null, "microbrewery": null, "check_date:opening_hours": null, "wikipedia:en": null, "twitter": null, "fax": null, "diplomatic:services:non-immigrant_visas": null, "diplomatic:services:immigrant_visas": null, "diplomatic:services:citizen_services": null, "official_name:ru": null, "official_short_type": null, "dog": null, "ref:temples.ru": null, "emergency": null, "full_name": null, "comment": null, "name:mn": null, "name:uz": null, "name:tt-Latn": null, "name:tt": null, "name:sah": null, "name:hy": null, "name:ba": null, "alt_name:nl": null, "alt_name:fr": null, "design:note": null, "medical_system:western": null, "disused": null, "faculty": null, "training": null, "ownership": null, "education_profile:music": null, "education_form:parttime": null, "addr:unit": null, "construction": null, "year_of_construction": null, "note:cadastre:id": null, "police": null, "fee": null, "theatre:genre": null, "smoking": null, "capacity": null, "building:use": null, "language:ka": null, "rating": null, "roof:height": "3", "internet_access:fee": null, "internet_access": null, "building:levels:habitable": null, "cuisine": null, "name:ar": null, "education_level:preschool": null, "service:vehicle:window_tinting": null, "service:vehicle:scratch_removal": null, "service:vehicle:protective_film": null, "service:vehicle:polishing": null, "service:vehicle:painting": null, "service:vehicle:interior_cleaning": null, "service:vehicle:detailing": null, "service:vehicle:ceramic_coating": null, "service:vehicle:car_wash": null, "service:vehicle:car_repair": null, "service:vehicle:body_repair": null, "payment:debit_cards": null, "payment:credit_cards": null, "payment:cash": null, "was:building": null, "ref:mkrf_theaters": null, "ref:mkrf.ru": null, "level": null, "energy_class": null, "source:start_date": null, "ref:sobory.ru": null, "official_name:de": null, "telecom": null, "education_profile:general": null, "education_level:secondary": null, "education_level:primary": null, "education_form:fulltime": null, "name:ml": null, "email": null, "end_date": null, "architect:wikidata": null, "building:min_level": null, "abandoned": null, "research": null, "education_system:ru_standard": null, "education_profile:professional": null, "education_level:higher": null, "education": null, "zoo": null, "is_in:zoo": null, "attraction": null, "was:name": null, "disused:amenity": null, "swimming_pool": null, "sport": null, "leisure": null, "voltage": null, "shop": null, "min_level": null, "max_level": null, "building:parts": null, "addr:region": null, "target": null, "official_name:pl": null, "embassy": null, "diplomatic": null, "country": null, "alt_name:pl": null, "short_name:ru": null, "short_name:en": null, "contact:youtube": null, "contact:twitter": null, "contact:instagram": null, "contact:facebook": null, "official_name:en": null, "int_name": null, "rooms": null, "operator": null, "brand:wikipedia": null, "brand:wikidata": null, "brand:ru": null, "brand:en": null, "brand": null, "wheelchair": null, "layer": null, "old_name:en": null, "aeroway:light": null, "architect": null, "description": null, "old_name": null, "industrial": null, "wikipedia:ru": null, "name:fa": null, "alt_name:en": null, "alt_name:de": null, "design:ref": "1-510-3/М", "religion": null, "loc_name": null, "denomination": null, "phone": null, "name:sr": null, "name:sk": null, "name:pt": null, "name:mk": null, "name:ka": null, "name:it": null, "name:hu": null, "name:he": null, "name:es": null, "name:el": null, "name:bg": null, "museum": null, "proposed:name": null, "name:cv": null, "name:cs": null, "name:be": null, "building:levels:underground": null, "contact:vk": null, "website": null, "name:zh": null, "ref": null, "historic": null, "roof:levels": null, "material": null, "building:flats": "60", "addr2:street": null, "addr2:housenumber": null, "heritage:name": null, "heritage": null, "substance": null, "pipeline": null, "man_made": null, "tourism": null, "stars": null, "opening_hours": null, "check_date": null, "addr:street2": null, "addr:housenumber2": null, "substation": null, "power": null, "location": null, "building:part": null, "height": null, "addr:postcode": "123317", "short_name": null, "official_name": null, "government": null, "contact:website": null, "contact:phone": null, "contact:email": null, "office": null, "wikipedia": null, "wikidata": null, "start_date": "1959", "name:vi": null, "name:ru": null, "name:ro": null, "name:pl": null, "name:nl": null, "name:ja": null, "name:fr": null, "name:fi": null, "name:eo": null, "name:en": null, "name:de": null, "name:ca": null, "alt_name": null, "name:uk": null, "name": null, "healthcare": null, "health_facility:type": null, "amenity": null, "type": null, "roof:shape": "hipped", "roof:material": null, "roof:colour": null, "roof:angle": null, "building:material": null, "building:levels": "5", "building:colour": null, "building:architecture": null, "building": "apartments", "addr:country": null, "addr:city": null }, "geometry": { "type": "MultiPolygon", "coordinates": [ [ [ [ 37.5389277, 55.7641525 ], [ 37.5391322, 55.7641279 ], [ 37.5391118, 55.7640743 ], [ 37.5390465, 55.7639024 ], [ 37.5389812, 55.7637305 ], [ 37.5389509, 55.7636508 ], [ 37.5387464, 55.7636754 ], [ 37.5389277, 55.7641525 ] ] ] ] } },
{ "type": "Feature", "properties": { "full_id": "w32722909", "osm_id": "32722909", "osm_type": "way", "addr:housenumber": "10/7", "addr:street": "Шмитовский проезд", "addr:place": null, "official_status": null, "est_height": null, "bicycle_parking": null, "provided_for:toddler": null, "provided_for:infant": null, "provided_for:child": null, "provided_for:adolescent": null, "floating": null, "ele": null, "payment:visa_electron": null, "payment:visa": null, "payment:mastercard": null, "payment:maestro": null, "social_facility:for": null, "social_facility": null, "architect:wikipedia": null, "name:ky": null, "air_conditioning": null, "parking": null, "provided_for:female": null, "health_specialty:gynaecology": null, "official_name:is": null, "name:is": null, "name:th": null, "subject:wikimedia_commons": null, "emergency:phone": null, "name:bn": null, "official_name:tr": null, "name:tr": null, "was:amenity": null, "toilets": null, "fuel:octane_95": null, "fuel:octane_92": null, "fuel:diesel": null, "car_wash": null, "cafe": null, "barrier": null, "contact:ok": null, "gas": null, "contact:telegram": null, "utility": null, "denomination:ru": null, "roof:orientation": null, "street_cabinet": null, "building:year_built": null, "name:et": null, "alt_name:et": null, "name:tk": null, "consulate": null, "was:man_made": null, "name:signed": null, "service": null, "opening_hours:signed": null, "official_name:az": null, "name:az": null, "addr:source": null, "studio": null, "official_name:tg": null, "name:tg": null, "toilets:disposal": null, "historic:name": null, "health_specialty:toxicology": null, "landuse": null, "demolished:building": null, "name:da": null, "operator:wikipedia": null, "atm": null, "official_name:tl": null, "name:tl": null, "name:ta": null, "name:ms": null, "name:ps": null, "official_name:no": null, "name:no": null, "subway": null, "health_specialty:endocrinology": null, "contact:fax": null, "name:ko": null, "operator:wikidata": null, "operator:ru": null, "operator:en": null, "name:sl": null, "name:lt": null, "name:hr": null, "name:hi": null, "access": null, "old_name:de": null, "healthcare:speciality": null, "addr:full": null, "building:cladding": null, "diet:vegetarian": null, "takeaway": null, "microbrewery": null, "check_date:opening_hours": null, "wikipedia:en": null, "twitter": null, "fax": null, "diplomatic:services:non-immigrant_visas": null, "diplomatic:services:immigrant_visas": null, "diplomatic:services:citizen_services": null, "official_name:ru": null, "official_short_type": null, "dog": null, "ref:temples.ru": null, "emergency": null, "full_name": null, "comment": null, "name:mn": null, "name:uz": null, "name:tt-Latn": null, "name:tt": null, "name:sah": null, "name:hy": null, "name:ba": null, "alt_name:nl": null, "alt_name:fr": null, "design:note": null, "medical_system:western": null, "disused": null, "faculty": null, "training": null, "ownership": null, "education_profile:music": null, "education_form:parttime": null, "addr:unit": null, "construction": null, "year_of_construction": null, "note:cadastre:id": null, "police": null, "fee": null, "theatre:genre": null, "smoking": null, "capacity": null, "building:use": null, "language:ka": null, "rating": null, "roof:height": null, "internet_access:fee": null, "internet_access": null, "building:levels:habitable": null, "cuisine": null, "name:ar": null, "education_level:preschool": null, "service:vehicle:window_tinting": null, "service:vehicle:scratch_removal": null, "service:vehicle:protective_film": null, "service:vehicle:polishing": null, "service:vehicle:painting": null, "service:vehicle:interior_cleaning": null, "service:vehicle:detailing": null, "service:vehicle:ceramic_coating": null, "service:vehicle:car_wash": null, "service:vehicle:car_repair": null, "service:vehicle:body_repair": null, "payment:debit_cards": null, "payment:credit_cards": null, "payment:cash": null, "was:building": null, "ref:mkrf_theaters": null, "ref:mkrf.ru": null, "level": null, "energy_class": null, "source:start_date": null, "ref:sobory.ru": null, "official_name:de": null, "telecom": null, "education_profile:general": null, "education_level:secondary": null, "education_level:primary": null, "education_form:fulltime": null, "name:ml": null, "email": null, "end_date": null, "architect:wikidata": null, "building:min_level": null, "abandoned": null, "research": null, "education_system:ru_standard": null, "education_profile:professional": null, "education_level:higher": null, "education": null, "zoo": null, "is_in:zoo": null, "attraction": null, "was:name": null, "disused:amenity": null, "swimming_pool": null, "sport": null, "leisure": null, "voltage": null, "shop": null, "min_level": null, "max_level": null, "building:parts": null, "addr:region": null, "target": null, "official_name:pl": null, "embassy": null, "diplomatic": null, "country": null, "alt_name:pl": null, "short_name:ru": null, "short_name:en": null, "contact:youtube": null, "contact:twitter": null, "contact:instagram": null, "contact:facebook": null, "official_name:en": null, "int_name": null, "rooms": null, "operator": null, "brand:wikipedia": null, "brand:wikidata": null, "brand:ru": null, "brand:en": null, "brand": null, "wheelchair": null, "layer": null, "old_name:en": null, "aeroway:light": null, "architect": null, "description": null, "old_name": null, "industrial": null, "wikipedia:ru": null, "name:fa": null, "alt_name:en": null, "alt_name:de": null, "design:ref": null, "religion": null, "loc_name": null, "denomination": null, "phone": null, "name:sr": null, "name:sk": null, "name:pt": null, "name:mk": null, "name:ka": null, "name:it": null, "name:hu": null, "name:he": null, "name:es": null, "name:el": null, "name:bg": null, "museum": null, "proposed:name": null, "name:cv": null, "name:cs": null, "name:be": null, "building:levels:underground": null, "contact:vk": null, "website": null, "name:zh": null, "ref": null, "historic": null, "roof:levels": null, "material": null, "building:flats": "57", "addr2:street": null, "addr2:housenumber": null, "heritage:name": null, "heritage": null, "substance": null, "pipeline": null, "man_made": null, "tourism": null, "stars": null, "opening_hours": null, "check_date": null, "addr:street2": null, "addr:housenumber2": null, "substation": null, "power": null, "location": null, "building:part": null, "height": null, "addr:postcode": "123100", "short_name": null, "official_name": null, "government": null, "contact:website": null, "contact:phone": null, "contact:email": null, "office": null, "wikipedia": null, "wikidata": null, "start_date": "1929", "name:vi": null, "name:ru": null, "name:ro": null, "name:pl": null, "name:nl": null, "name:ja": null, "name:fr": null, "name:fi": null, "name:eo": null, "name:en": null, "name:de": null, "name:ca": null, "alt_name": null, "name:uk": null, "name": null, "healthcare": null, "health_facility:type": null, "amenity": null, "type": null, "roof:shape": "hipped", "roof:material": null, "roof:colour": "silver", "roof:angle": null, "building:material": null, "building:levels": "5", "building:colour": null, "building:architecture": "constructivism", "building": "apartments", "addr:country": null, "addr:city": null }, "geometry": { "type": "MultiPolygon", "coordinates": [ [ [ [ 37.5522865, 55.7587129 ], [ 37.5524684, 55.7587429 ], [ 37.5526808, 55.7587779 ], [ 37.5526592, 55.7588972 ], [ 37.5526523, 55.7589353 ], [ 37.5525887, 55.7589316 ], [ 37.5525655, 55.7590597 ], [ 37.5526291, 55.7590633 ], [ 37.5526269, 55.7590752 ], [ 37.5526248, 55.7590871 ], [ 37.5525021, 55.75908 ], [ 37.5524783, 55.7592118 ], [ 37.552601, 55.7592188 ], [ 37.5525979, 55.7592362 ], [ 37.5525947, 55.7592536 ], [ 37.5524719, 55.7592465 ], [ 37.5524584, 55.7593253 ], [ 37.5525812, 55.7593323 ], [ 37.5525766, 55.7593563 ], [ 37.5525675, 55.7594039 ], [ 37.5524849, 55.759399 ], [ 37.5522667, 55.7593861 ], [ 37.5522515, 55.7594675 ], [ 37.5523934, 55.759476 ], [ 37.5523753, 55.75957 ], [ 37.5526616, 55.7595869 ], [ 37.5526641, 55.759576 ], [ 37.5527096, 55.7595787 ], [ 37.5527324, 55.7594569 ], [ 37.55278, 55.7594598 ], [ 37.5528611, 55.7589975 ], [ 37.5528808, 55.7589985 ], [ 37.5529071, 55.7588323 ], [ 37.5528874, 55.7588313 ], [ 37.5529027, 55.7587537 ], [ 37.5528354, 55.7586995 ], [ 37.5523407, 55.7586113 ], [ 37.5522865, 55.7587129 ] ] ] ] } },
{ "type": "Feature", "properties": { "full_id": "w37611507", "osm_id": "37611507", "osm_type": "way", "addr:housenumber": "30 к1", "addr:street": "Студенческая улица", "addr:place": null, "official_status": null, "est_height": null, "bicycle_parking": null, "provided_for:toddler": null, "provided_for:infant": null, "provided_for:child": null, "provided_for:adolescent": null, "floating": null, "ele": null, "payment:visa_electron": null, "payment:visa": null, "payment:mastercard": null, "payment:maestro": null, "social_facility:for": null, "social_facility": null, "architect:wikipedia": null, "name:ky": null, "air_conditioning": null, "parking": null, "provided_for:female": null, "health_specialty:gynaecology": null, "official_name:is": null, "name:is": null, "name:th": null, "subject:wikimedia_commons": null, "emergency:phone": null, "name:bn": null, "official_name:tr": null, "name:tr": null, "was:amenity": null, "toilets": null, "fuel:octane_95": null, "fuel:octane_92": null, "fuel:diesel": null, "car_wash": null, "cafe": null, "barrier": null, "contact:ok": null, "gas": null, "contact:telegram": null, "utility": null, "denomination:ru": null, "roof:orientation": null, "street_cabinet": null, "building:year_built": null, "name:et": null, "alt_name:et": null, "name:tk": null, "consulate": null, "was:man_made": null, "name:signed": null, "service": null, "opening_hours:signed": null, "official_name:az": null, "name:az": null, "addr:source": null, "studio": null, "official_name:tg": null, "name:tg": null, "toilets:disposal": null, "historic:name": null, "health_specialty:toxicology": null, "landuse": null, "demolished:building": null, "name:da": null, "operator:wikipedia": null, "atm": null, "official_name:tl": null, "name:tl": null, "name:ta": null, "name:ms": null, "name:ps": null, "official_name:no": null, "name:no": null, "subway": null, "health_specialty:endocrinology": null, "contact:fax": null, "name:ko": null, "operator:wikidata": null, "operator:ru": null, "operator:en": null, "name:sl": null, "name:lt": null, "name:hr": null, "name:hi": null, "access": null, "old_name:de": null, "healthcare:speciality": null, "addr:full": null, "building:cladding": null, "diet:vegetarian": null, "takeaway": null, "microbrewery": null, "check_date:opening_hours": null, "wikipedia:en": null, "twitter": null, "fax": null, "diplomatic:services:non-immigrant_visas": null, "diplomatic:services:immigrant_visas": null, "diplomatic:services:citizen_services": null, "official_name:ru": null, "official_short_type": null, "dog": null, "ref:temples.ru": null, "emergency": null, "full_name": null, "comment": null, "name:mn": null, "name:uz": null, "name:tt-Latn": null, "name:tt": null, "name:sah": null, "name:hy": null, "name:ba": null, "alt_name:nl": null, "alt_name:fr": null, "design:note": null, "medical_system:western": null, "disused": null, "faculty": null, "training": null, "ownership": null, "education_profile:music": null, "education_form:parttime": null, "addr:unit": null, "construction": null, "year_of_construction": null, "note:cadastre:id": null, "police": null, "fee": null, "theatre:genre": null, "smoking": null, "capacity": null, "building:use": null, "language:ka": null, "rating": null, "roof:height": null, "internet_access:fee": null, "internet_access": null, "building:levels:habitable": null, "cuisine": null, "name:ar": null, "education_level:preschool": null, "service:vehicle:window_tinting": null, "service:vehicle:scratch_removal": null, "service:vehicle:protective_film": null, "service:vehicle:polishing": null, "service:vehicle:painting": null, "service:vehicle:interior_cleaning": null, "service:vehicle:detailing": null, "service:vehicle:ceramic_coating": null, "service:vehicle:car_wash": null, "service:vehicle:car_repair": null, "service:vehicle:body_repair": null, "payment:debit_cards": null, "payment:credit_cards": null, "payment:cash": null, "was:building": null, "ref:mkrf_theaters": null, "ref:mkrf.ru": null, "level": null, "energy_class": null, "source:start_date": null, "ref:sobory.ru": null, "official_name:de": null, "telecom": null, "education_profile:general": null, "education_level:secondary": null, "education_level:primary": null, "education_form:fulltime": null, "name:ml": null, "email": null, "end_date": null, "architect:wikidata": null, "building:min_level": null, "abandoned": null, "research": null, "education_system:ru_standard": null, "education_profile:professional": null, "education_level:higher": null, "education": null, "zoo": null, "is_in:zoo": null, "attraction": null, "was:name": null, "disused:amenity": null, "swimming_pool": null, "sport": null, "leisure": null, "voltage": null, "shop": null, "min_level": null, "max_level": null, "building:parts": null, "addr:region": null, "target": null, "official_name:pl": null, "embassy": null, "diplomatic": null, "country": null, "alt_name:pl": null, "short_name:ru": null, "short_name:en": null, "contact:youtube": null, "contact:twitter": null, "contact:instagram": null, "contact:facebook": null, "official_name:en": null, "int_name": null, "rooms": null, "operator": null, "brand:wikipedia": null, "brand:wikidata": null, "brand:ru": null, "brand:en": null, "brand": null, "wheelchair": null, "layer": null, "old_name:en": null, "aeroway:light": null, "architect": null, "description": null, "old_name": null, "industrial": null, "wikipedia:ru": null, "name:fa": null, "alt_name:en": null, "alt_name:de": null, "design:ref": null, "religion": null, "loc_name": null, "denomination": null, "phone": null, "name:sr": null, "name:sk": null, "name:pt": null, "name:mk": null, "name:ka": null, "name:it": null, "name:hu": null, "name:he": null, "name:es": null, "name:el": null, "name:bg": null, "museum": null, "proposed:name": null, "name:cv": null, "name:cs": null, "name:be": null, "building:levels:underground": null, "contact:vk": null, "website": null, "name:zh": null, "ref": null, "historic": null, "roof:levels": null, "material": null, "building:flats": "49", "addr2:street": null, "addr2:housenumber": null, "heritage:name": null, "heritage": null, "substance": null, "pipeline": null, "man_made": null, "tourism": null, "stars": null, "opening_hours": null, "check_date": null, "addr:street2": null, "addr:housenumber2": null, "substation": null, "power": null, "location": null, "building:part": null, "height": null, "addr:postcode": null, "short_name": null, "official_name": null, "government": null, "contact:website": null, "contact:phone": null, "contact:email": null, "office": null, "wikipedia": null, "wikidata": null, "start_date": "1931", "name:vi": null, "name:ru": null, "name:ro": null, "name:pl": null, "name:nl": null, "name:ja": null, "name:fr": null, "name:fi": null, "name:eo": null, "name:en": null, "name:de": null, "name:ca": null, "alt_name": null, "name:uk": null, "name": null, "healthcare": null, "health_facility:type": null, "amenity": null, "type": null, "roof:shape": null, "roof:material": null, "roof:colour": null, "roof:angle": null, "building:material": null, "building:levels": "5", "building:colour": null, "building:architecture": null, "building": "apartments", "addr:country": null, "addr:city": null }, "geometry": { "type": "MultiPolygon", "coordinates": [ [ [ [ 37.5447597, 55.7410096 ], [ 37.5446464, 55.7410986 ], [ 37.5453394, 55.7413781 ], [ 37.5453213, 55.7413924 ], [ 37.5454398, 55.7414401 ], [ 37.5455885, 55.7415001 ], [ 37.54572, 55.7413968 ], [ 37.5453619, 55.7412524 ], [ 37.5451084, 55.7411502 ], [ 37.5448794, 55.7410578 ], [ 37.5447597, 55.7410096 ] ] ] ] } },
{ "type": "Feature", "properties": { "full_id": "w37645188", "osm_id": "37645188", "osm_type": "way", "addr:housenumber": "28", "addr:street": "Конюшковская улица", "addr:place": null, "official_status": null, "est_height": null, "bicycle_parking": null, "provided_for:toddler": null, "provided_for:infant": null, "provided_for:child": null, "provided_for:adolescent": null, "floating": null, "ele": null, "payment:visa_electron": null, "payment:visa": null, "payment:mastercard": null, "payment:maestro": null, "social_facility:for": null, "social_facility": null, "architect:wikipedia": null, "name:ky": null, "air_conditioning": null, "parking": null, "provided_for:female": null, "health_specialty:gynaecology": null, "official_name:is": null, "name:is": null, "name:th": null, "subject:wikimedia_commons": null, "emergency:phone": null, "name:bn": null, "official_name:tr": null, "name:tr": null, "was:amenity": null, "toilets": null, "fuel:octane_95": null, "fuel:octane_92": null, "fuel:diesel": null, "car_wash": null, "cafe": null, "barrier": null, "contact:ok": null, "gas": null, "contact:telegram": null, "utility": null, "denomination:ru": null, "roof:orientation": null, "street_cabinet": null, "building:year_built": null, "name:et": null, "alt_name:et": null, "name:tk": null, "consulate": null, "was:man_made": null, "name:signed": null, "service": null, "opening_hours:signed": null, "official_name:az": null, "name:az": null, "addr:source": null, "studio": null, "official_name:tg": null, "name:tg": null, "toilets:disposal": null, "historic:name": null, "health_specialty:toxicology": null, "landuse": null, "demolished:building": null, "name:da": null, "operator:wikipedia": null, "atm": null, "official_name:tl": null, "name:tl": null, "name:ta": null, "name:ms": null, "name:ps": null, "official_name:no": null, "name:no": null, "subway": null, "health_specialty:endocrinology": null, "contact:fax": null, "name:ko": null, "operator:wikidata": null, "operator:ru": null, "operator:en": null, "name:sl": null, "name:lt": null, "name:hr": null, "name:hi": null, "access": null, "old_name:de": null, "healthcare:speciality": null, "addr:full": null, "building:cladding": null, "diet:vegetarian": null, "takeaway": null, "microbrewery": null, "check_date:opening_hours": null, "wikipedia:en": null, "twitter": null, "fax": null, "diplomatic:services:non-immigrant_visas": null, "diplomatic:services:immigrant_visas": null, "diplomatic:services:citizen_services": null, "official_name:ru": null, "official_short_type": null, "dog": null, "ref:temples.ru": null, "emergency": null, "full_name": null, "comment": null, "name:mn": null, "name:uz": null, "name:tt-Latn": null, "name:tt": null, "name:sah": null, "name:hy": null, "name:ba": null, "alt_name:nl": null, "alt_name:fr": null, "design:note": null, "medical_system:western": null, "disused": null, "faculty": null, "training": null, "ownership": null, "education_profile:music": null, "education_form:parttime": null, "addr:unit": null, "construction": null, "year_of_construction": null, "note:cadastre:id": null, "police": null, "fee": null, "theatre:genre": null, "smoking": null, "capacity": null, "building:use": null, "language:ka": null, "rating": null, "roof:height": null, "internet_access:fee": null, "internet_access": null, "building:levels:habitable": null, "cuisine": null, "name:ar": null, "education_level:preschool": null, "service:vehicle:window_tinting": null, "service:vehicle:scratch_removal": null, "service:vehicle:protective_film": null, "service:vehicle:polishing": null, "service:vehicle:painting": null, "service:vehicle:interior_cleaning": null, "service:vehicle:detailing": null, "service:vehicle:ceramic_coating": null, "service:vehicle:car_wash": null, "service:vehicle:car_repair": null, "service:vehicle:body_repair": null, "payment:debit_cards": null, "payment:credit_cards": null, "payment:cash": null, "was:building": null, "ref:mkrf_theaters": null, "ref:mkrf.ru": null, "level": null, "energy_class": null, "source:start_date": null, "ref:sobory.ru": null, "official_name:de": null, "telecom": null, "education_profile:general": null, "education_level:secondary": null, "education_level:primary": null, "education_form:fulltime": null, "name:ml": null, "email": null, "end_date": null, "architect:wikidata": null, "building:min_level": null, "abandoned": null, "research": null, "education_system:ru_standard": null, "education_profile:professional": null, "education_level:higher": null, "education": null, "zoo": null, "is_in:zoo": null, "attraction": null, "was:name": null, "disused:amenity": null, "swimming_pool": null, "sport": null, "leisure": null, "voltage": null, "shop": null, "min_level": null, "max_level": null, "building:parts": null, "addr:region": null, "target": null, "official_name:pl": null, "embassy": null, "diplomatic": null, "country": null, "alt_name:pl": null, "short_name:ru": null, "short_name:en": null, "contact:youtube": null, "contact:twitter": null, "contact:instagram": null, "contact:facebook": null, "official_name:en": null, "int_name": null, "rooms": null, "operator": null, "brand:wikipedia": null, "brand:wikidata": null, "brand:ru": null, "brand:en": null, "brand": null, "wheelchair": null, "layer": null, "old_name:en": null, "aeroway:light": null, "architect": null, "description": null, "old_name": null, "industrial": null, "wikipedia:ru": null, "name:fa": null, "alt_name:en": null, "alt_name:de": null, "design:ref": null, "religion": null, "loc_name": null, "denomination": null, "phone": null, "name:sr": null, "name:sk": null, "name:pt": null, "name:mk": null, "name:ka": null, "name:it": null, "name:hu": null, "name:he": null, "name:es": null, "name:el": null, "name:bg": null, "museum": null, "proposed:name": null, "name:cv": null, "name:cs": null, "name:be": null, "building:levels:underground": null, "contact:vk": null, "website": null, "name:zh": null, "ref": null, "historic": null, "roof:levels": null, "material": null, "building:flats": null, "addr2:street": null, "addr2:housenumber": null, "heritage:name": null, "heritage": null, "substance": null, "pipeline": null, "man_made": null, "tourism": null, "stars": null, "opening_hours": null, "check_date": null, "addr:street2": null, "addr:housenumber2": null, "substation": null, "power": null, "location": null, "building:part": null, "height": null, "addr:postcode": null, "short_name": null, "official_name": null, "government": null, "contact:website": null, "contact:phone": null, "contact:email": null, "office": null, "wikipedia": null, "wikidata": null, "start_date": null, "name:vi": null, "name:ru": null, "name:ro": null, "name:pl": null, "name:nl": null, "name:ja": null, "name:fr": null, "name:fi": null, "name:eo": null, "name:en": null, "name:de": null, "name:ca": null, "alt_name": null, "name:uk": null, "name": null, "healthcare": null, "health_facility:type": null, "amenity": null, "type": null, "roof:shape": null, "roof:material": null, "roof:colour": null, "roof:angle": null, "building:material": null, "building:levels": "5", "building:colour": null, "building:architecture": null, "building": "apartments", "addr:country": null, "addr:city": null }, "geometry": { "type": "MultiPolygon", "coordinates": [ [ [ [ 37.5787661, 55.7592582 ], [ 37.5789379, 55.7592644 ], [ 37.5789752, 55.7589318 ], [ 37.5792297, 55.758928 ], [ 37.5792248, 55.7588338 ], [ 37.5789763, 55.7588387 ], [ 37.578954, 55.758838 ], [ 37.5789604, 55.758769 ], [ 37.5788382, 55.7587654 ], [ 37.5788363, 55.7587864 ], [ 37.5788347, 55.758803 ], [ 37.5788848, 55.7588045 ], [ 37.5788819, 55.7588359 ], [ 37.5788226, 55.7588342 ], [ 37.5787661, 55.7592582 ] ] ] ] } },
{ "type": "Feature", "properties": { "full_id": "w39208692", "osm_id": "39208692", "osm_type": "way", "addr:housenumber": "30 с1", "addr:street": "Большой Предтеченский переулок", "addr:place": null, "official_status": null, "est_height": null, "bicycle_parking": null, "provided_for:toddler": null, "provided_for:infant": null, "provided_for:child": null, "provided_for:adolescent": null, "floating": null, "ele": null, "payment:visa_electron": null, "payment:visa": null, "payment:mastercard": null, "payment:maestro": null, "social_facility:for": null, "social_facility": null, "architect:wikipedia": null, "name:ky": null, "air_conditioning": null, "parking": null, "provided_for:female": null, "health_specialty:gynaecology": null, "official_name:is": null, "name:is": null, "name:th": null, "subject:wikimedia_commons": null, "emergency:phone": null, "name:bn": null, "official_name:tr": null, "name:tr": null, "was:amenity": null, "toilets": null, "fuel:octane_95": null, "fuel:octane_92": null, "fuel:diesel": null, "car_wash": null, "cafe": null, "barrier": null, "contact:ok": null, "gas": null, "contact:telegram": null, "utility": null, "denomination:ru": null, "roof:orientation": null, "street_cabinet": null, "building:year_built": null, "name:et": null, "alt_name:et": null, "name:tk": null, "consulate": null, "was:man_made": null, "name:signed": null, "service": null, "opening_hours:signed": null, "official_name:az": null, "name:az": null, "addr:source": null, "studio": null, "official_name:tg": null, "name:tg": null, "toilets:disposal": null, "historic:name": null, "health_specialty:toxicology": null, "landuse": null, "demolished:building": null, "name:da": null, "operator:wikipedia": null, "atm": null, "official_name:tl": null, "name:tl": null, "name:ta": null, "name:ms": null, "name:ps": null, "official_name:no": null, "name:no": null, "subway": null, "health_specialty:endocrinology": null, "contact:fax": null, "name:ko": null, "operator:wikidata": null, "operator:ru": null, "operator:en": null, "name:sl": null, "name:lt": null, "name:hr": null, "name:hi": null, "access": null, "old_name:de": null, "healthcare:speciality": null, "addr:full": null, "building:cladding": null, "diet:vegetarian": null, "takeaway": null, "microbrewery": null, "check_date:opening_hours": null, "wikipedia:en": null, "twitter": null, "fax": null, "diplomatic:services:non-immigrant_visas": null, "diplomatic:services:immigrant_visas": null, "diplomatic:services:citizen_services": null, "official_name:ru": null, "official_short_type": null, "dog": null, "ref:temples.ru": null, "emergency": null, "full_name": null, "comment": null, "name:mn": null, "name:uz": null, "name:tt-Latn": null, "name:tt": null, "name:sah": null, "name:hy": null, "name:ba": null, "alt_name:nl": null, "alt_name:fr": null, "design:note": null, "medical_system:western": null, "disused": null, "faculty": null, "training": null, "ownership": null, "education_profile:music": null, "education_form:parttime": null, "addr:unit": null, "construction": null, "year_of_construction": null, "note:cadastre:id": null, "police": null, "fee": null, "theatre:genre": null, "smoking": null, "capacity": null, "building:use": null, "language:ka": null, "rating": null, "roof:height": null, "internet_access:fee": null, "internet_access": null, "building:levels:habitable": null, "cuisine": null, "name:ar": null, "education_level:preschool": null, "service:vehicle:window_tinting": null, "service:vehicle:scratch_removal": null, "service:vehicle:protective_film": null, "service:vehicle:polishing": null, "service:vehicle:painting": null, "service:vehicle:interior_cleaning": null, "service:vehicle:detailing": null, "service:vehicle:ceramic_coating": null, "service:vehicle:car_wash": null, "service:vehicle:car_repair": null, "service:vehicle:body_repair": null, "payment:debit_cards": null, "payment:credit_cards": null, "payment:cash": null, "was:building": null, "ref:mkrf_theaters": null, "ref:mkrf.ru": null, "level": null, "energy_class": null, "source:start_date": null, "ref:sobory.ru": null, "official_name:de": null, "telecom": null, "education_profile:general": null, "education_level:secondary": null, "education_level:primary": null, "education_form:fulltime": null, "name:ml": null, "email": null, "end_date": null, "architect:wikidata": null, "building:min_level": null, "abandoned": null, "research": null, "education_system:ru_standard": null, "education_profile:professional": null, "education_level:higher": null, "education": null, "zoo": null, "is_in:zoo": null, "attraction": null, "was:name": null, "disused:amenity": null, "swimming_pool": null, "sport": null, "leisure": null, "voltage": null, "shop": null, "min_level": null, "max_level": null, "building:parts": null, "addr:region": null, "target": null, "official_name:pl": null, "embassy": null, "diplomatic": null, "country": null, "alt_name:pl": null, "short_name:ru": null, "short_name:en": null, "contact:youtube": null, "contact:twitter": null, "contact:instagram": null, "contact:facebook": null, "official_name:en": null, "int_name": null, "rooms": null, "operator": null, "brand:wikipedia": null, "brand:wikidata": null, "brand:ru": null, "brand:en": null, "brand": null, "wheelchair": null, "layer": null, "old_name:en": null, "aeroway:light": null, "architect": null, "description": null, "old_name": null, "industrial": null, "wikipedia:ru": null, "name:fa": null, "alt_name:en": null, "alt_name:de": null, "design:ref": null, "religion": null, "loc_name": null, "denomination": null, "phone": null, "name:sr": null, "name:sk": null, "name:pt": null, "name:mk": null, "name:ka": null, "name:it": null, "name:hu": null, "name:he": null, "name:es": null, "name:el": null, "name:bg": null, "museum": null, "proposed:name": null, "name:cv": null, "name:cs": null, "name:be": null, "building:levels:underground": null, "contact:vk": null, "website": null, "name:zh": null, "ref": null, "historic": null, "roof:levels": null, "material": null, "building:flats": null, "addr2:street": null, "addr2:housenumber": null, "heritage:name": null, "heritage": null, "substance": null, "pipeline": null, "man_made": null, "tourism": null, "stars": null, "opening_hours": null, "check_date": null, "addr:street2": null, "addr:housenumber2": null, "substation": null, "power": null, "location": null, "building:part": null, "height": null, "addr:postcode": null, "short_name": null, "official_name": null, "government": null, "contact:website": null, "contact:phone": null, "contact:email": null, "office": null, "wikipedia": null, "wikidata": null, "start_date": null, "name:vi": null, "name:ru": null, "name:ro": null, "name:pl": null, "name:nl": null, "name:ja": null, "name:fr": null, "name:fi": null, "name:eo": null, "name:en": null, "name:de": null, "name:ca": null, "alt_name": null, "name:uk": null, "name": null, "healthcare": null, "health_facility:type": null, "amenity": null, "type": null, "roof:shape": "hipped", "roof:material": "metal", "roof:colour": "lightgrey", "roof:angle": "20", "building:material": "brick;plaster", "building:levels": "6", "building:colour": "red", "building:architecture": null, "building": "office", "addr:country": null, "addr:city": null }, "geometry": { "type": "MultiPolygon", "coordinates": [ [ [ [ 37.5629414, 55.7614103 ], [ 37.5629899, 55.7613992 ], [ 37.5630747, 55.7613797 ], [ 37.5635248, 55.7612764 ], [ 37.5633902, 55.7610907 ], [ 37.5630954, 55.7611584 ], [ 37.5628068, 55.7612246 ], [ 37.5629414, 55.7614103 ] ] ] ] } },
{ "type": "Feature", "properties": { "full_id": "w39537474", "osm_id": "39537474", "osm_type": "way", "addr:housenumber": "1", "addr:street": "улица 1812 Года", "addr:place": null, "official_status": null, "est_height": null, "bicycle_parking": null, "provided_for:toddler": null, "provided_for:infant": null, "provided_for:child": null, "provided_for:adolescent": null, "floating": null, "ele": null, "payment:visa_electron": null, "payment:visa": null, "payment:mastercard": null, "payment:maestro": null, "social_facility:for": null, "social_facility": null, "architect:wikipedia": null, "name:ky": null, "air_conditioning": null, "parking": null, "provided_for:female": null, "health_specialty:gynaecology": null, "official_name:is": null, "name:is": null, "name:th": null, "subject:wikimedia_commons": null, "emergency:phone": null, "name:bn": null, "official_name:tr": null, "name:tr": null, "was:amenity": null, "toilets": null, "fuel:octane_95": null, "fuel:octane_92": null, "fuel:diesel": null, "car_wash": null, "cafe": null, "barrier": null, "contact:ok": null, "gas": null, "contact:telegram": null, "utility": null, "denomination:ru": null, "roof:orientation": null, "street_cabinet": null, "building:year_built": null, "name:et": null, "alt_name:et": null, "name:tk": null, "consulate": null, "was:man_made": null, "name:signed": null, "service": null, "opening_hours:signed": null, "official_name:az": null, "name:az": null, "addr:source": null, "studio": null, "official_name:tg": null, "name:tg": null, "toilets:disposal": null, "historic:name": null, "health_specialty:toxicology": null, "landuse": null, "demolished:building": null, "name:da": null, "operator:wikipedia": null, "atm": null, "official_name:tl": null, "name:tl": null, "name:ta": null, "name:ms": null, "name:ps": null, "official_name:no": null, "name:no": null, "subway": null, "health_specialty:endocrinology": null, "contact:fax": null, "name:ko": null, "operator:wikidata": null, "operator:ru": null, "operator:en": null, "name:sl": null, "name:lt": null, "name:hr": null, "name:hi": null, "access": null, "old_name:de": null, "healthcare:speciality": null, "addr:full": null, "building:cladding": null, "diet:vegetarian": null, "takeaway": null, "microbrewery": null, "check_date:opening_hours": null, "wikipedia:en": null, "twitter": null, "fax": null, "diplomatic:services:non-immigrant_visas": null, "diplomatic:services:immigrant_visas": null, "diplomatic:services:citizen_services": null, "official_name:ru": null, "official_short_type": null, "dog": null, "ref:temples.ru": null, "emergency": null, "full_name": null, "comment": null, "name:mn": null, "name:uz": null, "name:tt-Latn": null, "name:tt": null, "name:sah": null, "name:hy": null, "name:ba": null, "alt_name:nl": null, "alt_name:fr": null, "design:note": null, "medical_system:western": null, "disused": null, "faculty": null, "training": null, "ownership": null, "education_profile:music": null, "education_form:parttime": null, "addr:unit": null, "construction": null, "year_of_construction": null, "note:cadastre:id": null, "police": null, "fee": null, "theatre:genre": null, "smoking": null, "capacity": null, "building:use": null, "language:ka": null, "rating": null, "roof:height": null, "internet_access:fee": null, "internet_access": null, "building:levels:habitable": null, "cuisine": null, "name:ar": null, "education_level:preschool": null, "service:vehicle:window_tinting": null, "service:vehicle:scratch_removal": null, "service:vehicle:protective_film": null, "service:vehicle:polishing": null, "service:vehicle:painting": null, "service:vehicle:interior_cleaning": null, "service:vehicle:detailing": null, "service:vehicle:ceramic_coating": null, "service:vehicle:car_wash": null, "service:vehicle:car_repair": null, "service:vehicle:body_repair": null, "payment:debit_cards": null, "payment:credit_cards": null, "payment:cash": null, "was:building": null, "ref:mkrf_theaters": null, "ref:mkrf.ru": null, "level": null, "energy_class": null, "source:start_date": null, "ref:sobory.ru": null, "official_name:de": null, "telecom": null, "education_profile:general": null, "education_level:secondary": null, "education_level:primary": null, "education_form:fulltime": null, "name:ml": null, "email": null, "end_date": null, "architect:wikidata": null, "building:min_level": null, "abandoned": null, "research": null, "education_system:ru_standard": null, "education_profile:professional": null, "education_level:higher": null, "education": null, "zoo": null, "is_in:zoo": null, "attraction": null, "was:name": null, "disused:amenity": null, "swimming_pool": null, "sport": null, "leisure": null, "voltage": null, "shop": null, "min_level": null, "max_level": null, "building:parts": null, "addr:region": null, "target": null, "official_name:pl": null, "embassy": null, "diplomatic": null, "country": null, "alt_name:pl": null, "short_name:ru": null, "short_name:en": null, "contact:youtube": null, "contact:twitter": null, "contact:instagram": null, "contact:facebook": null, "official_name:en": null, "int_name": null, "rooms": null, "operator": null, "brand:wikipedia": null, "brand:wikidata": null, "brand:ru": null, "brand:en": null, "brand": null, "wheelchair": null, "layer": null, "old_name:en": null, "aeroway:light": null, "architect": null, "description": null, "old_name": null, "industrial": null, "wikipedia:ru": null, "name:fa": null, "alt_name:en": null, "alt_name:de": null, "design:ref": "СМ-6", "religion": null, "loc_name": null, "denomination": null, "phone": null, "name:sr": null, "name:sk": null, "name:pt": null, "name:mk": null, "name:ka": null, "name:it": null, "name:hu": null, "name:he": null, "name:es": null, "name:el": null, "name:bg": null, "museum": null, "proposed:name": null, "name:cv": null, "name:cs": null, "name:be": null, "building:levels:underground": null, "contact:vk": null, "website": null, "name:zh": null, "ref": null, "historic": null, "roof:levels": null, "material": null, "building:flats": "257", "addr2:street": null, "addr2:housenumber": null, "heritage:name": null, "heritage": null, "substance": null, "pipeline": null, "man_made": null, "tourism": null, "stars": null, "opening_hours": null, "check_date": null, "addr:street2": null, "addr:housenumber2": null, "substation": null, "power": null, "location": null, "building:part": null, "height": null, "addr:postcode": null, "short_name": null, "official_name": null, "government": null, "contact:website": null, "contact:phone": null, "contact:email": null, "office": null, "wikipedia": null, "wikidata": null, "start_date": "1958", "name:vi": null, "name:ru": null, "name:ro": null, "name:pl": null, "name:nl": null, "name:ja": null, "name:fr": null, "name:fi": null, "name:eo": null, "name:en": null, "name:de": null, "name:ca": null, "alt_name": null, "name:uk": null, "name": null, "healthcare": null, "health_facility:type": null, "amenity": null, "type": null, "roof:shape": "flat", "roof:material": null, "roof:colour": null, "roof:angle": null, "building:material": null, "building:levels": "8", "building:colour": null, "building:architecture": null, "building": "apartments", "addr:country": null, "addr:city": null }, "geometry": { "type": "MultiPolygon", "coordinates": [ [ [ [ 37.5238997, 55.7347961 ], [ 37.5238597, 55.7348488 ], [ 37.5238108, 55.7349132 ], [ 37.5239885, 55.7349559 ], [ 37.5239426, 55.7350164 ], [ 37.5239917, 55.7350282 ], [ 37.523948, 55.7350858 ], [ 37.5237797, 55.7353075 ], [ 37.5236969, 55.7354167 ], [ 37.5236382, 55.7354026 ], [ 37.5233033, 55.735322 ], [ 37.5233218, 55.7352977 ], [ 37.5231673, 55.7352606 ], [ 37.5230677, 55.7353919 ], [ 37.5232737, 55.7354414 ], [ 37.5238127, 55.7355711 ], [ 37.5242596, 55.7349822 ], [ 37.5240187, 55.7349243 ], [ 37.5241633, 55.7347337 ], [ 37.5238552, 55.7346596 ], [ 37.522872, 55.7344231 ], [ 37.5227002, 55.7346495 ], [ 37.5228975, 55.7346969 ], [ 37.5229546, 55.7346217 ], [ 37.5229886, 55.7345769 ], [ 37.5232604, 55.7346423 ], [ 37.5236147, 55.7347276 ], [ 37.5237721, 55.7347654 ], [ 37.5238997, 55.7347961 ] ] ] ] } },
{ "type": "Feature", "properties": { "full_id": "w41902314", "osm_id": "41902314", "osm_type": "way", "addr:housenumber": "13 к4", "addr:street": "Шелепихинское шоссе", "addr:place": null, "official_status": null, "est_height": null, "bicycle_parking": null, "provided_for:toddler": null, "provided_for:infant": null, "provided_for:child": null, "provided_for:adolescent": null, "floating": null, "ele": null, "payment:visa_electron": null, "payment:visa": null, "payment:mastercard": null, "payment:maestro": null, "social_facility:for": null, "social_facility": null, "architect:wikipedia": null, "name:ky": null, "air_conditioning": null, "parking": null, "provided_for:female": null, "health_specialty:gynaecology": null, "official_name:is": null, "name:is": null, "name:th": null, "subject:wikimedia_commons": null, "emergency:phone": null, "name:bn": null, "official_name:tr": null, "name:tr": null, "was:amenity": null, "toilets": null, "fuel:octane_95": null, "fuel:octane_92": null, "fuel:diesel": null, "car_wash": null, "cafe": null, "barrier": null, "contact:ok": null, "gas": null, "contact:telegram": null, "utility": null, "denomination:ru": null, "roof:orientation": null, "street_cabinet": null, "building:year_built": null, "name:et": null, "alt_name:et": null, "name:tk": null, "consulate": null, "was:man_made": null, "name:signed": null, "service": null, "opening_hours:signed": null, "official_name:az": null, "name:az": null, "addr:source": null, "studio": null, "official_name:tg": null, "name:tg": null, "toilets:disposal": null, "historic:name": null, "health_specialty:toxicology": null, "landuse": null, "demolished:building": null, "name:da": null, "operator:wikipedia": null, "atm": null, "official_name:tl": null, "name:tl": null, "name:ta": null, "name:ms": null, "name:ps": null, "official_name:no": null, "name:no": null, "subway": null, "health_specialty:endocrinology": null, "contact:fax": null, "name:ko": null, "operator:wikidata": null, "operator:ru": null, "operator:en": null, "name:sl": null, "name:lt": null, "name:hr": null, "name:hi": null, "access": null, "old_name:de": null, "healthcare:speciality": null, "addr:full": null, "building:cladding": "brick", "diet:vegetarian": null, "takeaway": null, "microbrewery": null, "check_date:opening_hours": null, "wikipedia:en": null, "twitter": null, "fax": null, "diplomatic:services:non-immigrant_visas": null, "diplomatic:services:immigrant_visas": null, "diplomatic:services:citizen_services": null, "official_name:ru": null, "official_short_type": null, "dog": null, "ref:temples.ru": null, "emergency": null, "full_name": null, "comment": null, "name:mn": null, "name:uz": null, "name:tt-Latn": null, "name:tt": null, "name:sah": null, "name:hy": null, "name:ba": null, "alt_name:nl": null, "alt_name:fr": null, "design:note": null, "medical_system:western": null, "disused": null, "faculty": null, "training": null, "ownership": null, "education_profile:music": null, "education_form:parttime": null, "addr:unit": null, "construction": null, "year_of_construction": null, "note:cadastre:id": null, "police": null, "fee": null, "theatre:genre": null, "smoking": null, "capacity": null, "building:use": null, "language:ka": null, "rating": null, "roof:height": null, "internet_access:fee": null, "internet_access": null, "building:levels:habitable": null, "cuisine": null, "name:ar": null, "education_level:preschool": null, "service:vehicle:window_tinting": null, "service:vehicle:scratch_removal": null, "service:vehicle:protective_film": null, "service:vehicle:polishing": null, "service:vehicle:painting": null, "service:vehicle:interior_cleaning": null, "service:vehicle:detailing": null, "service:vehicle:ceramic_coating": null, "service:vehicle:car_wash": null, "service:vehicle:car_repair": null, "service:vehicle:body_repair": null, "payment:debit_cards": null, "payment:credit_cards": null, "payment:cash": null, "was:building": null, "ref:mkrf_theaters": null, "ref:mkrf.ru": null, "level": null, "energy_class": null, "source:start_date": null, "ref:sobory.ru": null, "official_name:de": null, "telecom": null, "education_profile:general": null, "education_level:secondary": null, "education_level:primary": null, "education_form:fulltime": null, "name:ml": null, "email": null, "end_date": null, "architect:wikidata": null, "building:min_level": null, "abandoned": null, "research": null, "education_system:ru_standard": null, "education_profile:professional": null, "education_level:higher": null, "education": null, "zoo": null, "is_in:zoo": null, "attraction": null, "was:name": null, "disused:amenity": null, "swimming_pool": null, "sport": null, "leisure": null, "voltage": null, "shop": null, "min_level": null, "max_level": null, "building:parts": null, "addr:region": null, "target": null, "official_name:pl": null, "embassy": null, "diplomatic": null, "country": null, "alt_name:pl": null, "short_name:ru": null, "short_name:en": null, "contact:youtube": null, "contact:twitter": null, "contact:instagram": null, "contact:facebook": null, "official_name:en": null, "int_name": null, "rooms": null, "operator": null, "brand:wikipedia": null, "brand:wikidata": null, "brand:ru": null, "brand:en": null, "brand": null, "wheelchair": null, "layer": null, "old_name:en": null, "aeroway:light": null, "architect": null, "description": null, "old_name": null, "industrial": null, "wikipedia:ru": null, "name:fa": null, "alt_name:en": null, "alt_name:de": null, "design:ref": "П44Т-1/17 тип 1;П44Т-4/17 тип 3", "religion": null, "loc_name": null, "denomination": null, "phone": null, "name:sr": null, "name:sk": null, "name:pt": null, "name:mk": null, "name:ka": null, "name:it": null, "name:hu": null, "name:he": null, "name:es": null, "name:el": null, "name:bg": null, "museum": null, "proposed:name": null, "name:cv": null, "name:cs": null, "name:be": null, "building:levels:underground": null, "contact:vk": null, "website": null, "name:zh": null, "ref": null, "historic": null, "roof:levels": null, "material": null, "building:flats": "192", "addr2:street": null, "addr2:housenumber": null, "heritage:name": null, "heritage": null, "substance": null, "pipeline": null, "man_made": null, "tourism": null, "stars": null, "opening_hours": null, "check_date": null, "addr:street2": null, "addr:housenumber2": null, "substation": null, "power": null, "location": null, "building:part": null, "height": null, "addr:postcode": null, "short_name": null, "official_name": null, "government": null, "contact:website": null, "contact:phone": null, "contact:email": null, "office": null, "wikipedia": null, "wikidata": null, "start_date": "2004", "name:vi": null, "name:ru": null, "name:ro": null, "name:pl": null, "name:nl": null, "name:ja": null, "name:fr": null, "name:fi": null, "name:eo": null, "name:en": null, "name:de": null, "name:ca": null, "alt_name": null, "name:uk": null, "name": null, "healthcare": null, "health_facility:type": null, "amenity": null, "type": null, "roof:shape": null, "roof:material": null, "roof:colour": null, "roof:angle": null, "building:material": null, "building:levels": "17", "building:colour": "orange", "building:architecture": null, "building": "apartments", "addr:country": null, "addr:city": null }, "geometry": { "type": "MultiPolygon", "coordinates": [ [ [ [ 37.5203403, 55.7585399 ], [ 37.5198248, 55.7584016 ], [ 37.519729, 55.7585147 ], [ 37.5198714, 55.7585528 ], [ 37.5202324, 55.7586497 ], [ 37.5202661, 55.7586099 ], [ 37.520366, 55.7586367 ], [ 37.5204301, 55.758561 ], [ 37.5205159, 55.7585841 ], [ 37.5207129, 55.7583515 ], [ 37.5207659, 55.758289 ], [ 37.5205923, 55.7582424 ], [ 37.5204015, 55.7584676 ], [ 37.5203403, 55.7585399 ] ] ] ] } },
{ "type": "Feature", "properties": { "full_id": "w47069246", "osm_id": "47069246", "osm_type": "way", "addr:housenumber": "32", "addr:street": "Зоологическая улица", "addr:place": null, "official_status": null, "est_height": null, "bicycle_parking": null, "provided_for:toddler": null, "provided_for:infant": null, "provided_for:child": null, "provided_for:adolescent": null, "floating": null, "ele": null, "payment:visa_electron": null, "payment:visa": null, "payment:mastercard": null, "payment:maestro": null, "social_facility:for": null, "social_facility": null, "architect:wikipedia": null, "name:ky": null, "air_conditioning": null, "parking": null, "provided_for:female": null, "health_specialty:gynaecology": null, "official_name:is": null, "name:is": null, "name:th": null, "subject:wikimedia_commons": null, "emergency:phone": null, "name:bn": null, "official_name:tr": null, "name:tr": null, "was:amenity": null, "toilets": null, "fuel:octane_95": null, "fuel:octane_92": null, "fuel:diesel": null, "car_wash": null, "cafe": null, "barrier": null, "contact:ok": null, "gas": null, "contact:telegram": null, "utility": null, "denomination:ru": null, "roof:orientation": null, "street_cabinet": null, "building:year_built": null, "name:et": null, "alt_name:et": null, "name:tk": null, "consulate": null, "was:man_made": null, "name:signed": null, "service": null, "opening_hours:signed": null, "official_name:az": null, "name:az": null, "addr:source": null, "studio": null, "official_name:tg": null, "name:tg": null, "toilets:disposal": null, "historic:name": null, "health_specialty:toxicology": null, "landuse": null, "demolished:building": null, "name:da": null, "operator:wikipedia": null, "atm": null, "official_name:tl": null, "name:tl": null, "name:ta": null, "name:ms": null, "name:ps": null, "official_name:no": null, "name:no": null, "subway": null, "health_specialty:endocrinology": null, "contact:fax": null, "name:ko": null, "operator:wikidata": null, "operator:ru": null, "operator:en": null, "name:sl": null, "name:lt": null, "name:hr": null, "name:hi": null, "access": null, "old_name:de": null, "healthcare:speciality": null, "addr:full": null, "building:cladding": null, "diet:vegetarian": null, "takeaway": null, "microbrewery": null, "check_date:opening_hours": null, "wikipedia:en": null, "twitter": null, "fax": null, "diplomatic:services:non-immigrant_visas": null, "diplomatic:services:immigrant_visas": null, "diplomatic:services:citizen_services": null, "official_name:ru": null, "official_short_type": null, "dog": null, "ref:temples.ru": null, "emergency": null, "full_name": null, "comment": null, "name:mn": null, "name:uz": null, "name:tt-Latn": null, "name:tt": null, "name:sah": null, "name:hy": null, "name:ba": null, "alt_name:nl": null, "alt_name:fr": null, "design:note": null, "medical_system:western": null, "disused": null, "faculty": null, "training": null, "ownership": null, "education_profile:music": null, "education_form:parttime": null, "addr:unit": null, "construction": null, "year_of_construction": null, "note:cadastre:id": null, "police": null, "fee": null, "theatre:genre": null, "smoking": null, "capacity": null, "building:use": null, "language:ka": null, "rating": null, "roof:height": null, "internet_access:fee": null, "internet_access": null, "building:levels:habitable": null, "cuisine": null, "name:ar": null, "education_level:preschool": null, "service:vehicle:window_tinting": null, "service:vehicle:scratch_removal": null, "service:vehicle:protective_film": null, "service:vehicle:polishing": null, "service:vehicle:painting": null, "service:vehicle:interior_cleaning": null, "service:vehicle:detailing": null, "service:vehicle:ceramic_coating": null, "service:vehicle:car_wash": null, "service:vehicle:car_repair": null, "service:vehicle:body_repair": null, "payment:debit_cards": null, "payment:credit_cards": null, "payment:cash": null, "was:building": null, "ref:mkrf_theaters": null, "ref:mkrf.ru": null, "level": null, "energy_class": null, "source:start_date": null, "ref:sobory.ru": null, "official_name:de": null, "telecom": null, "education_profile:general": null, "education_level:secondary": null, "education_level:primary": null, "education_form:fulltime": null, "name:ml": null, "email": null, "end_date": null, "architect:wikidata": null, "building:min_level": null, "abandoned": null, "research": null, "education_system:ru_standard": null, "education_profile:professional": null, "education_level:higher": null, "education": null, "zoo": null, "is_in:zoo": null, "attraction": null, "was:name": null, "disused:amenity": null, "swimming_pool": null, "sport": null, "leisure": null, "voltage": null, "shop": null, "min_level": null, "max_level": null, "building:parts": null, "addr:region": null, "target": null, "official_name:pl": null, "embassy": null, "diplomatic": null, "country": null, "alt_name:pl": null, "short_name:ru": null, "short_name:en": null, "contact:youtube": null, "contact:twitter": null, "contact:instagram": null, "contact:facebook": null, "official_name:en": null, "int_name": null, "rooms": null, "operator": null, "brand:wikipedia": null, "brand:wikidata": null, "brand:ru": null, "brand:en": null, "brand": null, "wheelchair": null, "layer": null, "old_name:en": null, "aeroway:light": null, "architect": null, "description": null, "old_name": null, "industrial": null, "wikipedia:ru": null, "name:fa": null, "alt_name:en": null, "alt_name:de": null, "design:ref": "II-29-03/Ю37", "religion": null, "loc_name": null, "denomination": null, "phone": null, "name:sr": null, "name:sk": null, "name:pt": null, "name:mk": null, "name:ka": null, "name:it": null, "name:hu": null, "name:he": null, "name:es": null, "name:el": null, "name:bg": null, "museum": null, "proposed:name": null, "name:cv": null, "name:cs": null, "name:be": null, "building:levels:underground": null, "contact:vk": null, "website": null, "name:zh": null, "ref": null, "historic": null, "roof:levels": null, "material": null, "building:flats": "107", "addr2:street": null, "addr2:housenumber": null, "heritage:name": null, "heritage": null, "substance": null, "pipeline": null, "man_made": null, "tourism": null, "stars": null, "opening_hours": null, "check_date": null, "addr:street2": null, "addr:housenumber2": null, "substation": null, "power": null, "location": null, "building:part": null, "height": null, "addr:postcode": "123056", "short_name": null, "official_name": null, "government": null, "contact:website": null, "contact:phone": null, "contact:email": null, "office": null, "wikipedia": null, "wikidata": null, "start_date": "1969", "name:vi": null, "name:ru": null, "name:ro": null, "name:pl": null, "name:nl": null, "name:ja": null, "name:fr": null, "name:fi": null, "name:eo": null, "name:en": null, "name:de": null, "name:ca": null, "alt_name": null, "name:uk": null, "name": null, "healthcare": null, "health_facility:type": null, "amenity": null, "type": null, "roof:shape": "hipped", "roof:material": null, "roof:colour": null, "roof:angle": null, "building:material": null, "building:levels": "9", "building:colour": null, "building:architecture": null, "building": "apartments", "addr:country": null, "addr:city": "Москва" }, "geometry": { "type": "MultiPolygon", "coordinates": [ [ [ [ 37.5863854, 55.7676349 ], [ 37.5862415, 55.7674561 ], [ 37.5860234, 55.7671851 ], [ 37.5858373, 55.7672325 ], [ 37.5858938, 55.7673026 ], [ 37.5860258, 55.7674667 ], [ 37.5861664, 55.7676414 ], [ 37.5861993, 55.7676823 ], [ 37.5863854, 55.7676349 ] ] ] ] } },
{ "type": "Feature", "properties": { "full_id": "w52825876", "osm_id": "52825876", "osm_type": "way", "addr:housenumber": "4", "addr:street": "переулок Капранова", "addr:place": null, "official_status": null, "est_height": null, "bicycle_parking": null, "provided_for:toddler": null, "provided_for:infant": null, "provided_for:child": null, "provided_for:adolescent": null, "floating": null, "ele": null, "payment:visa_electron": null, "payment:visa": null, "payment:mastercard": null, "payment:maestro": null, "social_facility:for": null, "social_facility": null, "architect:wikipedia": null, "name:ky": null, "air_conditioning": null, "parking": null, "provided_for:female": null, "health_specialty:gynaecology": null, "official_name:is": null, "name:is": null, "name:th": null, "subject:wikimedia_commons": null, "emergency:phone": null, "name:bn": null, "official_name:tr": null, "name:tr": null, "was:amenity": null, "toilets": null, "fuel:octane_95": null, "fuel:octane_92": null, "fuel:diesel": null, "car_wash": null, "cafe": null, "barrier": null, "contact:ok": null, "gas": null, "contact:telegram": null, "utility": null, "denomination:ru": null, "roof:orientation": null, "street_cabinet": null, "building:year_built": null, "name:et": null, "alt_name:et": null, "name:tk": null, "consulate": null, "was:man_made": null, "name:signed": null, "service": null, "opening_hours:signed": null, "official_name:az": null, "name:az": null, "addr:source": null, "studio": null, "official_name:tg": null, "name:tg": null, "toilets:disposal": null, "historic:name": null, "health_specialty:toxicology": null, "landuse": null, "demolished:building": null, "name:da": null, "operator:wikipedia": null, "atm": null, "official_name:tl": null, "name:tl": null, "name:ta": null, "name:ms": null, "name:ps": null, "official_name:no": null, "name:no": null, "subway": null, "health_specialty:endocrinology": null, "contact:fax": null, "name:ko": null, "operator:wikidata": null, "operator:ru": null, "operator:en": null, "name:sl": null, "name:lt": null, "name:hr": null, "name:hi": null, "access": null, "old_name:de": null, "healthcare:speciality": null, "addr:full": null, "building:cladding": null, "diet:vegetarian": null, "takeaway": null, "microbrewery": null, "check_date:opening_hours": null, "wikipedia:en": null, "twitter": null, "fax": null, "diplomatic:services:non-immigrant_visas": null, "diplomatic:services:immigrant_visas": null, "diplomatic:services:citizen_services": null, "official_name:ru": null, "official_short_type": null, "dog": null, "ref:temples.ru": null, "emergency": null, "full_name": null, "comment": null, "name:mn": null, "name:uz": null, "name:tt-Latn": null, "name:tt": null, "name:sah": null, "name:hy": null, "name:ba": null, "alt_name:nl": null, "alt_name:fr": null, "design:note": null, "medical_system:western": null, "disused": null, "faculty": null, "training": null, "ownership": null, "education_profile:music": null, "education_form:parttime": null, "addr:unit": null, "construction": null, "year_of_construction": null, "note:cadastre:id": null, "police": null, "fee": null, "theatre:genre": null, "smoking": null, "capacity": null, "building:use": null, "language:ka": null, "rating": null, "roof:height": null, "internet_access:fee": null, "internet_access": null, "building:levels:habitable": null, "cuisine": null, "name:ar": null, "education_level:preschool": null, "service:vehicle:window_tinting": null, "service:vehicle:scratch_removal": null, "service:vehicle:protective_film": null, "service:vehicle:polishing": null, "service:vehicle:painting": null, "service:vehicle:interior_cleaning": null, "service:vehicle:detailing": null, "service:vehicle:ceramic_coating": null, "service:vehicle:car_wash": null, "service:vehicle:car_repair": null, "service:vehicle:body_repair": null, "payment:debit_cards": null, "payment:credit_cards": null, "payment:cash": null, "was:building": null, "ref:mkrf_theaters": null, "ref:mkrf.ru": null, "level": null, "energy_class": null, "source:start_date": null, "ref:sobory.ru": null, "official_name:de": null, "telecom": null, "education_profile:general": null, "education_level:secondary": null, "education_level:primary": null, "education_form:fulltime": null, "name:ml": null, "email": null, "end_date": null, "architect:wikidata": null, "building:min_level": null, "abandoned": null, "research": null, "education_system:ru_standard": null, "education_profile:professional": null, "education_level:higher": null, "education": null, "zoo": null, "is_in:zoo": null, "attraction": null, "was:name": null, "disused:amenity": null, "swimming_pool": null, "sport": null, "leisure": null, "voltage": null, "shop": null, "min_level": null, "max_level": null, "building:parts": null, "addr:region": null, "target": null, "official_name:pl": null, "embassy": null, "diplomatic": null, "country": null, "alt_name:pl": null, "short_name:ru": null, "short_name:en": null, "contact:youtube": null, "contact:twitter": null, "contact:instagram": null, "contact:facebook": null, "official_name:en": null, "int_name": null, "rooms": null, "operator": null, "brand:wikipedia": null, "brand:wikidata": null, "brand:ru": null, "brand:en": null, "brand": null, "wheelchair": null, "layer": null, "old_name:en": null, "aeroway:light": null, "architect": null, "description": null, "old_name": null, "industrial": null, "wikipedia:ru": null, "name:fa": null, "alt_name:en": null, "alt_name:de": null, "design:ref": null, "religion": null, "loc_name": null, "denomination": null, "phone": null, "name:sr": null, "name:sk": null, "name:pt": null, "name:mk": null, "name:ka": null, "name:it": null, "name:hu": null, "name:he": null, "name:es": null, "name:el": null, "name:bg": null, "museum": null, "proposed:name": null, "name:cv": null, "name:cs": null, "name:be": null, "building:levels:underground": null, "contact:vk": null, "website": null, "name:zh": null, "ref": null, "historic": null, "roof:levels": null, "material": null, "building:flats": null, "addr2:street": null, "addr2:housenumber": null, "heritage:name": null, "heritage": null, "substance": null, "pipeline": null, "man_made": null, "tourism": null, "stars": null, "opening_hours": null, "check_date": null, "addr:street2": null, "addr:housenumber2": null, "substation": null, "power": null, "location": null, "building:part": null, "height": null, "addr:postcode": null, "short_name": null, "official_name": null, "government": null, "contact:website": null, "contact:phone": null, "contact:email": null, "office": null, "wikipedia": null, "wikidata": null, "start_date": null, "name:vi": null, "name:ru": null, "name:ro": null, "name:pl": null, "name:nl": null, "name:ja": null, "name:fr": null, "name:fi": null, "name:eo": null, "name:en": null, "name:de": null, "name:ca": null, "alt_name": null, "name:uk": null, "name": null, "healthcare": null, "health_facility:type": null, "amenity": null, "type": null, "roof:shape": null, "roof:material": null, "roof:colour": null, "roof:angle": null, "building:material": null, "building:levels": "13", "building:colour": null, "building:architecture": null, "building": "apartments", "addr:country": null, "addr:city": null }, "geometry": { "type": "MultiPolygon", "coordinates": [ [ [ [ 37.5741088, 55.7578715 ], [ 37.5745447, 55.7577857 ], [ 37.5744862, 55.7576916 ], [ 37.5744377, 55.7576136 ], [ 37.5743809, 55.7576248 ], [ 37.5740018, 55.7576994 ], [ 37.5741088, 55.7578715 ] ] ] ] } },
{ "type": "Feature", "properties": { "full_id": "w52897538", "osm_id": "52897538", "osm_type": "way", "addr:housenumber": "12/9", "addr:street": "Спиридоньевский переулок", "addr:place": null, "official_status": null, "est_height": null, "bicycle_parking": null, "provided_for:toddler": null, "provided_for:infant": null, "provided_for:child": null, "provided_for:adolescent": null, "floating": null, "ele": null, "payment:visa_electron": null, "payment:visa": null, "payment:mastercard": null, "payment:maestro": null, "social_facility:for": null, "social_facility": null, "architect:wikipedia": null, "name:ky": null, "air_conditioning": null, "parking": null, "provided_for:female": null, "health_specialty:gynaecology": null, "official_name:is": null, "name:is": null, "name:th": null, "subject:wikimedia_commons": null, "emergency:phone": null, "name:bn": null, "official_name:tr": null, "name:tr": null, "was:amenity": null, "toilets": null, "fuel:octane_95": null, "fuel:octane_92": null, "fuel:diesel": null, "car_wash": null, "cafe": null, "barrier": null, "contact:ok": null, "gas": null, "contact:telegram": null, "utility": null, "denomination:ru": null, "roof:orientation": null, "street_cabinet": null, "building:year_built": null, "name:et": null, "alt_name:et": null, "name:tk": null, "consulate": null, "was:man_made": null, "name:signed": null, "service": null, "opening_hours:signed": null, "official_name:az": null, "name:az": null, "addr:source": null, "studio": null, "official_name:tg": null, "name:tg": null, "toilets:disposal": null, "historic:name": null, "health_specialty:toxicology": null, "landuse": null, "demolished:building": null, "name:da": null, "operator:wikipedia": null, "atm": null, "official_name:tl": null, "name:tl": null, "name:ta": null, "name:ms": null, "name:ps": null, "official_name:no": null, "name:no": null, "subway": null, "health_specialty:endocrinology": null, "contact:fax": null, "name:ko": null, "operator:wikidata": null, "operator:ru": null, "operator:en": null, "name:sl": null, "name:lt": null, "name:hr": null, "name:hi": null, "access": null, "old_name:de": null, "healthcare:speciality": null, "addr:full": null, "building:cladding": null, "diet:vegetarian": null, "takeaway": null, "microbrewery": null, "check_date:opening_hours": null, "wikipedia:en": null, "twitter": null, "fax": null, "diplomatic:services:non-immigrant_visas": null, "diplomatic:services:immigrant_visas": null, "diplomatic:services:citizen_services": null, "official_name:ru": null, "official_short_type": null, "dog": null, "ref:temples.ru": null, "emergency": null, "full_name": null, "comment": null, "name:mn": null, "name:uz": null, "name:tt-Latn": null, "name:tt": null, "name:sah": null, "name:hy": null, "name:ba": null, "alt_name:nl": null, "alt_name:fr": null, "design:note": null, "medical_system:western": null, "disused": null, "faculty": null, "training": null, "ownership": null, "education_profile:music": null, "education_form:parttime": null, "addr:unit": null, "construction": null, "year_of_construction": null, "note:cadastre:id": null, "police": null, "fee": null, "theatre:genre": null, "smoking": null, "capacity": null, "building:use": null, "language:ka": null, "rating": null, "roof:height": null, "internet_access:fee": null, "internet_access": null, "building:levels:habitable": null, "cuisine": null, "name:ar": null, "education_level:preschool": null, "service:vehicle:window_tinting": null, "service:vehicle:scratch_removal": null, "service:vehicle:protective_film": null, "service:vehicle:polishing": null, "service:vehicle:painting": null, "service:vehicle:interior_cleaning": null, "service:vehicle:detailing": null, "service:vehicle:ceramic_coating": null, "service:vehicle:car_wash": null, "service:vehicle:car_repair": null, "service:vehicle:body_repair": null, "payment:debit_cards": null, "payment:credit_cards": null, "payment:cash": null, "was:building": null, "ref:mkrf_theaters": null, "ref:mkrf.ru": null, "level": null, "energy_class": null, "source:start_date": null, "ref:sobory.ru": null, "official_name:de": null, "telecom": null, "education_profile:general": null, "education_level:secondary": null, "education_level:primary": null, "education_form:fulltime": null, "name:ml": null, "email": null, "end_date": null, "architect:wikidata": null, "building:min_level": null, "abandoned": null, "research": null, "education_system:ru_standard": null, "education_profile:professional": null, "education_level:higher": null, "education": null, "zoo": null, "is_in:zoo": null, "attraction": null, "was:name": null, "disused:amenity": null, "swimming_pool": null, "sport": null, "leisure": null, "voltage": null, "shop": null, "min_level": null, "max_level": null, "building:parts": null, "addr:region": null, "target": null, "official_name:pl": null, "embassy": null, "diplomatic": null, "country": null, "alt_name:pl": null, "short_name:ru": null, "short_name:en": null, "contact:youtube": null, "contact:twitter": null, "contact:instagram": null, "contact:facebook": null, "official_name:en": null, "int_name": null, "rooms": null, "operator": null, "brand:wikipedia": null, "brand:wikidata": null, "brand:ru": null, "brand:en": null, "brand": null, "wheelchair": null, "layer": null, "old_name:en": null, "aeroway:light": null, "architect": null, "description": null, "old_name": null, "industrial": null, "wikipedia:ru": null, "name:fa": null, "alt_name:en": null, "alt_name:de": null, "design:ref": null, "religion": null, "loc_name": null, "denomination": null, "phone": null, "name:sr": null, "name:sk": null, "name:pt": null, "name:mk": null, "name:ka": null, "name:it": null, "name:hu": null, "name:he": null, "name:es": null, "name:el": null, "name:bg": null, "museum": null, "proposed:name": null, "name:cv": null, "name:cs": null, "name:be": null, "building:levels:underground": null, "contact:vk": null, "website": null, "name:zh": null, "ref": null, "historic": null, "roof:levels": null, "material": null, "building:flats": null, "addr2:street": null, "addr2:housenumber": null, "heritage:name": null, "heritage": null, "substance": null, "pipeline": null, "man_made": null, "tourism": null, "stars": null, "opening_hours": null, "check_date": null, "addr:street2": "Большой Козихинский переулок", "addr:housenumber2": "9/12", "substation": null, "power": null, "location": null, "building:part": null, "height": null, "addr:postcode": null, "short_name": null, "official_name": null, "government": null, "contact:website": null, "contact:phone": null, "contact:email": null, "office": null, "wikipedia": null, "wikidata": null, "start_date": null, "name:vi": null, "name:ru": null, "name:ro": null, "name:pl": null, "name:nl": null, "name:ja": null, "name:fr": null, "name:fi": null, "name:eo": null, "name:en": null, "name:de": null, "name:ca": null, "alt_name": null, "name:uk": null, "name": null, "healthcare": null, "health_facility:type": null, "amenity": null, "type": null, "roof:shape": null, "roof:material": null, "roof:colour": null, "roof:angle": null, "building:material": "brick", "building:levels": "5", "building:colour": null, "building:architecture": null, "building": "apartments", "addr:country": null, "addr:city": null }, "geometry": { "type": "MultiPolygon", "coordinates": [ [ [ [ 37.5958194, 55.7627708 ], [ 37.5959705, 55.7628432 ], [ 37.5962201, 55.7629627 ], [ 37.5962639, 55.7629843 ], [ 37.5965746, 55.7631377 ], [ 37.5966183, 55.7631323 ], [ 37.5966919, 55.7630818 ], [ 37.5968653, 55.7629628 ], [ 37.5969108, 55.7629316 ], [ 37.5967795, 55.7628692 ], [ 37.596605, 55.7629848 ], [ 37.5963621, 55.7628688 ], [ 37.5959564, 55.7626687 ], [ 37.5958194, 55.7627708 ] ] ] ] } },
{ "type": "Feature", "properties": { "full_id": "w55503022", "osm_id": "55503022", "osm_type": "way", "addr:housenumber": "20А", "addr:street": "1-й Красногвардейский проезд", "addr:place": null, "official_status": null, "est_height": null, "bicycle_parking": null, "provided_for:toddler": null, "provided_for:infant": null, "provided_for:child": null, "provided_for:adolescent": null, "floating": null, "ele": null, "payment:visa_electron": null, "payment:visa": null, "payment:mastercard": null, "payment:maestro": null, "social_facility:for": null, "social_facility": null, "architect:wikipedia": null, "name:ky": null, "air_conditioning": null, "parking": null, "provided_for:female": null, "health_specialty:gynaecology": null, "official_name:is": null, "name:is": null, "name:th": null, "subject:wikimedia_commons": null, "emergency:phone": null, "name:bn": null, "official_name:tr": null, "name:tr": null, "was:amenity": null, "toilets": null, "fuel:octane_95": null, "fuel:octane_92": null, "fuel:diesel": null, "car_wash": null, "cafe": null, "barrier": null, "contact:ok": null, "gas": null, "contact:telegram": null, "utility": null, "denomination:ru": null, "roof:orientation": null, "street_cabinet": null, "building:year_built": null, "name:et": null, "alt_name:et": null, "name:tk": null, "consulate": null, "was:man_made": null, "name:signed": null, "service": null, "opening_hours:signed": null, "official_name:az": null, "name:az": null, "addr:source": null, "studio": null, "official_name:tg": null, "name:tg": null, "toilets:disposal": null, "historic:name": null, "health_specialty:toxicology": null, "landuse": null, "demolished:building": null, "name:da": null, "operator:wikipedia": null, "atm": null, "official_name:tl": null, "name:tl": null, "name:ta": null, "name:ms": null, "name:ps": null, "official_name:no": null, "name:no": null, "subway": null, "health_specialty:endocrinology": null, "contact:fax": null, "name:ko": null, "operator:wikidata": null, "operator:ru": null, "operator:en": null, "name:sl": null, "name:lt": null, "name:hr": null, "name:hi": null, "access": null, "old_name:de": null, "healthcare:speciality": null, "addr:full": null, "building:cladding": null, "diet:vegetarian": null, "takeaway": null, "microbrewery": null, "check_date:opening_hours": null, "wikipedia:en": null, "twitter": null, "fax": null, "diplomatic:services:non-immigrant_visas": null, "diplomatic:services:immigrant_visas": null, "diplomatic:services:citizen_services": null, "official_name:ru": null, "official_short_type": null, "dog": null, "ref:temples.ru": null, "emergency": null, "full_name": null, "comment": null, "name:mn": null, "name:uz": null, "name:tt-Latn": null, "name:tt": null, "name:sah": null, "name:hy": null, "name:ba": null, "alt_name:nl": null, "alt_name:fr": null, "design:note": null, "medical_system:western": null, "disused": null, "faculty": null, "training": null, "ownership": null, "education_profile:music": null, "education_form:parttime": null, "addr:unit": null, "construction": null, "year_of_construction": null, "note:cadastre:id": null, "police": null, "fee": null, "theatre:genre": null, "smoking": null, "capacity": null, "building:use": null, "language:ka": null, "rating": null, "roof:height": null, "internet_access:fee": null, "internet_access": null, "building:levels:habitable": null, "cuisine": null, "name:ar": null, "education_level:preschool": null, "service:vehicle:window_tinting": null, "service:vehicle:scratch_removal": null, "service:vehicle:protective_film": null, "service:vehicle:polishing": null, "service:vehicle:painting": null, "service:vehicle:interior_cleaning": null, "service:vehicle:detailing": null, "service:vehicle:ceramic_coating": null, "service:vehicle:car_wash": null, "service:vehicle:car_repair": null, "service:vehicle:body_repair": null, "payment:debit_cards": null, "payment:credit_cards": null, "payment:cash": null, "was:building": null, "ref:mkrf_theaters": null, "ref:mkrf.ru": null, "level": null, "energy_class": null, "source:start_date": null, "ref:sobory.ru": null, "official_name:de": null, "telecom": null, "education_profile:general": null, "education_level:secondary": null, "education_level:primary": null, "education_form:fulltime": null, "name:ml": null, "email": null, "end_date": null, "architect:wikidata": null, "building:min_level": null, "abandoned": null, "research": null, "education_system:ru_standard": null, "education_profile:professional": null, "education_level:higher": null, "education": null, "zoo": null, "is_in:zoo": null, "attraction": null, "was:name": null, "disused:amenity": null, "swimming_pool": null, "sport": null, "leisure": null, "voltage": null, "shop": null, "min_level": null, "max_level": null, "building:parts": null, "addr:region": null, "target": null, "official_name:pl": null, "embassy": null, "diplomatic": null, "country": null, "alt_name:pl": null, "short_name:ru": null, "short_name:en": null, "contact:youtube": null, "contact:twitter": null, "contact:instagram": null, "contact:facebook": null, "official_name:en": null, "int_name": null, "rooms": null, "operator": null, "brand:wikipedia": null, "brand:wikidata": null, "brand:ru": null, "brand:en": null, "brand": null, "wheelchair": null, "layer": null, "old_name:en": null, "aeroway:light": null, "architect": null, "description": null, "old_name": null, "industrial": null, "wikipedia:ru": null, "name:fa": null, "alt_name:en": null, "alt_name:de": null, "design:ref": "II-14", "religion": null, "loc_name": null, "denomination": null, "phone": null, "name:sr": null, "name:sk": null, "name:pt": null, "name:mk": null, "name:ka": null, "name:it": null, "name:hu": null, "name:he": null, "name:es": null, "name:el": null, "name:bg": null, "museum": null, "proposed:name": null, "name:cv": null, "name:cs": null, "name:be": null, "building:levels:underground": null, "contact:vk": null, "website": null, "name:zh": null, "ref": null, "historic": null, "roof:levels": null, "material": null, "building:flats": "44", "addr2:street": null, "addr2:housenumber": null, "heritage:name": null, "heritage": null, "substance": null, "pipeline": null, "man_made": null, "tourism": null, "stars": null, "opening_hours": null, "check_date": null, "addr:street2": null, "addr:housenumber2": null, "substation": null, "power": null, "location": null, "building:part": null, "height": null, "addr:postcode": "123317", "short_name": null, "official_name": null, "government": null, "contact:website": null, "contact:phone": null, "contact:email": null, "office": null, "wikipedia": null, "wikidata": null, "start_date": "1960", "name:vi": null, "name:ru": null, "name:ro": null, "name:pl": null, "name:nl": null, "name:ja": null, "name:fr": null, "name:fi": null, "name:eo": null, "name:en": null, "name:de": null, "name:ca": null, "alt_name": null, "name:uk": null, "name": null, "healthcare": null, "health_facility:type": null, "amenity": null, "type": null, "roof:shape": null, "roof:material": null, "roof:colour": null, "roof:angle": null, "building:material": null, "building:levels": "5", "building:colour": null, "building:architecture": null, "building": "apartments", "addr:country": null, "addr:city": null }, "geometry": { "type": "MultiPolygon", "coordinates": [ [ [ [ 37.5374276, 55.7522241 ], [ 37.5378475, 55.7526525 ], [ 37.5379947, 55.7526095 ], [ 37.5380259, 55.7526005 ], [ 37.5376041, 55.7521694 ], [ 37.5374276, 55.7522241 ] ] ] ] } },
{ "type": "Feature", "properties": { "full_id": "w100480829", "osm_id": "100480829", "osm_type": "way", "addr:housenumber": "2/14 с2", "addr:street": "Брюсов переулок", "addr:place": null, "official_status": null, "est_height": null, "bicycle_parking": null, "provided_for:toddler": null, "provided_for:infant": null, "provided_for:child": null, "provided_for:adolescent": null, "floating": null, "ele": null, "payment:visa_electron": null, "payment:visa": null, "payment:mastercard": null, "payment:maestro": null, "social_facility:for": null, "social_facility": null, "architect:wikipedia": null, "name:ky": null, "air_conditioning": null, "parking": null, "provided_for:female": null, "health_specialty:gynaecology": null, "official_name:is": null, "name:is": null, "name:th": null, "subject:wikimedia_commons": null, "emergency:phone": null, "name:bn": null, "official_name:tr": null, "name:tr": null, "was:amenity": null, "toilets": null, "fuel:octane_95": null, "fuel:octane_92": null, "fuel:diesel": null, "car_wash": null, "cafe": null, "barrier": null, "contact:ok": null, "gas": null, "contact:telegram": null, "utility": null, "denomination:ru": null, "roof:orientation": null, "street_cabinet": null, "building:year_built": null, "name:et": null, "alt_name:et": null, "name:tk": null, "consulate": null, "was:man_made": null, "name:signed": null, "service": null, "opening_hours:signed": null, "official_name:az": null, "name:az": null, "addr:source": null, "studio": null, "official_name:tg": null, "name:tg": null, "toilets:disposal": null, "historic:name": null, "health_specialty:toxicology": null, "landuse": null, "demolished:building": null, "name:da": null, "operator:wikipedia": null, "atm": null, "official_name:tl": null, "name:tl": null, "name:ta": null, "name:ms": null, "name:ps": null, "official_name:no": null, "name:no": null, "subway": null, "health_specialty:endocrinology": null, "contact:fax": null, "name:ko": null, "operator:wikidata": null, "operator:ru": null, "operator:en": null, "name:sl": null, "name:lt": null, "name:hr": null, "name:hi": null, "access": null, "old_name:de": null, "healthcare:speciality": null, "addr:full": null, "building:cladding": null, "diet:vegetarian": null, "takeaway": null, "microbrewery": null, "check_date:opening_hours": null, "wikipedia:en": null, "twitter": null, "fax": null, "diplomatic:services:non-immigrant_visas": null, "diplomatic:services:immigrant_visas": null, "diplomatic:services:citizen_services": null, "official_name:ru": null, "official_short_type": null, "dog": null, "ref:temples.ru": null, "emergency": null, "full_name": null, "comment": null, "name:mn": null, "name:uz": null, "name:tt-Latn": null, "name:tt": null, "name:sah": null, "name:hy": null, "name:ba": null, "alt_name:nl": null, "alt_name:fr": null, "design:note": null, "medical_system:western": null, "disused": null, "faculty": null, "training": null, "ownership": null, "education_profile:music": null, "education_form:parttime": null, "addr:unit": null, "construction": null, "year_of_construction": null, "note:cadastre:id": null, "police": null, "fee": null, "theatre:genre": null, "smoking": null, "capacity": null, "building:use": null, "language:ka": null, "rating": null, "roof:height": null, "internet_access:fee": null, "internet_access": null, "building:levels:habitable": null, "cuisine": null, "name:ar": null, "education_level:preschool": null, "service:vehicle:window_tinting": null, "service:vehicle:scratch_removal": null, "service:vehicle:protective_film": null, "service:vehicle:polishing": null, "service:vehicle:painting": null, "service:vehicle:interior_cleaning": null, "service:vehicle:detailing": null, "service:vehicle:ceramic_coating": null, "service:vehicle:car_wash": null, "service:vehicle:car_repair": null, "service:vehicle:body_repair": null, "payment:debit_cards": null, "payment:credit_cards": null, "payment:cash": null, "was:building": null, "ref:mkrf_theaters": null, "ref:mkrf.ru": null, "level": null, "energy_class": null, "source:start_date": null, "ref:sobory.ru": null, "official_name:de": null, "telecom": null, "education_profile:general": null, "education_level:secondary": null, "education_level:primary": null, "education_form:fulltime": null, "name:ml": null, "email": null, "end_date": null, "architect:wikidata": null, "building:min_level": null, "abandoned": null, "research": null, "education_system:ru_standard": null, "education_profile:professional": null, "education_level:higher": null, "education": null, "zoo": null, "is_in:zoo": null, "attraction": null, "was:name": null, "disused:amenity": null, "swimming_pool": null, "sport": null, "leisure": null, "voltage": null, "shop": null, "min_level": null, "max_level": null, "building:parts": null, "addr:region": null, "target": null, "official_name:pl": null, "embassy": null, "diplomatic": null, "country": null, "alt_name:pl": null, "short_name:ru": null, "short_name:en": null, "contact:youtube": null, "contact:twitter": null, "contact:instagram": null, "contact:facebook": null, "official_name:en": null, "int_name": null, "rooms": null, "operator": null, "brand:wikipedia": null, "brand:wikidata": null, "brand:ru": null, "brand:en": null, "brand": null, "wheelchair": null, "layer": null, "old_name:en": null, "aeroway:light": null, "architect": null, "description": null, "old_name": null, "industrial": null, "wikipedia:ru": null, "name:fa": null, "alt_name:en": null, "alt_name:de": null, "design:ref": null, "religion": null, "loc_name": null, "denomination": null, "phone": null, "name:sr": null, "name:sk": null, "name:pt": null, "name:mk": null, "name:ka": null, "name:it": null, "name:hu": null, "name:he": null, "name:es": null, "name:el": null, "name:bg": null, "museum": null, "proposed:name": null, "name:cv": null, "name:cs": null, "name:be": null, "building:levels:underground": null, "contact:vk": null, "website": null, "name:zh": null, "ref": null, "historic": null, "roof:levels": null, "material": null, "building:flats": null, "addr2:street": null, "addr2:housenumber": null, "heritage:name": null, "heritage": null, "substance": null, "pipeline": null, "man_made": null, "tourism": null, "stars": null, "opening_hours": null, "check_date": null, "addr:street2": null, "addr:housenumber2": null, "substation": null, "power": null, "location": null, "building:part": null, "height": null, "addr:postcode": null, "short_name": null, "official_name": null, "government": null, "contact:website": null, "contact:phone": null, "contact:email": null, "office": null, "wikipedia": null, "wikidata": null, "start_date": null, "name:vi": null, "name:ru": null, "name:ro": null, "name:pl": null, "name:nl": null, "name:ja": null, "name:fr": null, "name:fi": null, "name:eo": null, "name:en": null, "name:de": null, "name:ca": null, "alt_name": null, "name:uk": null, "name": null, "healthcare": null, "health_facility:type": null, "amenity": null, "type": null, "roof:shape": "hipped", "roof:material": "metal", "roof:colour": null, "roof:angle": null, "building:material": null, "building:levels": "5", "building:colour": "red", "building:architecture": null, "building": "apartments", "addr:country": null, "addr:city": null }, "geometry": { "type": "MultiPolygon", "coordinates": [ [ [ [ 37.6063656, 55.7582921 ], [ 37.6064849, 55.7582487 ], [ 37.6065754, 55.7582157 ], [ 37.6065196, 55.7581672 ], [ 37.6064914, 55.7581774 ], [ 37.6064561, 55.7581468 ], [ 37.606488, 55.7581352 ], [ 37.60653, 55.7581424 ], [ 37.6067535, 55.7580611 ], [ 37.6067352, 55.7580452 ], [ 37.6067973, 55.7580225 ], [ 37.6066827, 55.7579229 ], [ 37.6063993, 55.7580262 ], [ 37.6063909, 55.758047 ], [ 37.6063601, 55.7580583 ], [ 37.6063227, 55.7580257 ], [ 37.6063686, 55.758009 ], [ 37.606318, 55.7579651 ], [ 37.6062316, 55.7579966 ], [ 37.6060864, 55.7580494 ], [ 37.6063656, 55.7582921 ] ] ] ] } },
{ "type": "Feature", "properties": { "full_id": "w135640392", "osm_id": "135640392", "osm_type": "way", "addr:housenumber": "14 к1", "addr:street": "Большая Дорогомиловская улица", "addr:place": null, "official_status": null, "est_height": null, "bicycle_parking": null, "provided_for:toddler": null, "provided_for:infant": null, "provided_for:child": null, "provided_for:adolescent": null, "floating": null, "ele": null, "payment:visa_electron": null, "payment:visa": null, "payment:mastercard": null, "payment:maestro": null, "social_facility:for": null, "social_facility": null, "architect:wikipedia": null, "name:ky": null, "air_conditioning": null, "parking": null, "provided_for:female": null, "health_specialty:gynaecology": null, "official_name:is": null, "name:is": null, "name:th": null, "subject:wikimedia_commons": null, "emergency:phone": null, "name:bn": null, "official_name:tr": null, "name:tr": null, "was:amenity": null, "toilets": null, "fuel:octane_95": null, "fuel:octane_92": null, "fuel:diesel": null, "car_wash": null, "cafe": null, "barrier": null, "contact:ok": null, "gas": null, "contact:telegram": null, "utility": null, "denomination:ru": null, "roof:orientation": null, "street_cabinet": null, "building:year_built": null, "name:et": null, "alt_name:et": null, "name:tk": null, "consulate": null, "was:man_made": null, "name:signed": null, "service": null, "opening_hours:signed": null, "official_name:az": null, "name:az": null, "addr:source": null, "studio": null, "official_name:tg": null, "name:tg": null, "toilets:disposal": null, "historic:name": null, "health_specialty:toxicology": null, "landuse": null, "demolished:building": null, "name:da": null, "operator:wikipedia": null, "atm": null, "official_name:tl": null, "name:tl": null, "name:ta": null, "name:ms": null, "name:ps": null, "official_name:no": null, "name:no": null, "subway": null, "health_specialty:endocrinology": null, "contact:fax": null, "name:ko": null, "operator:wikidata": null, "operator:ru": null, "operator:en": null, "name:sl": null, "name:lt": null, "name:hr": null, "name:hi": null, "access": null, "old_name:de": null, "healthcare:speciality": null, "addr:full": null, "building:cladding": null, "diet:vegetarian": null, "takeaway": null, "microbrewery": null, "check_date:opening_hours": null, "wikipedia:en": null, "twitter": null, "fax": null, "diplomatic:services:non-immigrant_visas": null, "diplomatic:services:immigrant_visas": null, "diplomatic:services:citizen_services": null, "official_name:ru": null, "official_short_type": null, "dog": null, "ref:temples.ru": null, "emergency": null, "full_name": null, "comment": null, "name:mn": null, "name:uz": null, "name:tt-Latn": null, "name:tt": null, "name:sah": null, "name:hy": null, "name:ba": null, "alt_name:nl": null, "alt_name:fr": null, "design:note": null, "medical_system:western": null, "disused": null, "faculty": null, "training": null, "ownership": null, "education_profile:music": null, "education_form:parttime": null, "addr:unit": null, "construction": null, "year_of_construction": null, "note:cadastre:id": null, "police": null, "fee": null, "theatre:genre": null, "smoking": null, "capacity": null, "building:use": null, "language:ka": null, "rating": null, "roof:height": null, "internet_access:fee": null, "internet_access": null, "building:levels:habitable": null, "cuisine": null, "name:ar": null, "education_level:preschool": null, "service:vehicle:window_tinting": null, "service:vehicle:scratch_removal": null, "service:vehicle:protective_film": null, "service:vehicle:polishing": null, "service:vehicle:painting": null, "service:vehicle:interior_cleaning": null, "service:vehicle:detailing": null, "service:vehicle:ceramic_coating": null, "service:vehicle:car_wash": null, "service:vehicle:car_repair": null, "service:vehicle:body_repair": null, "payment:debit_cards": null, "payment:credit_cards": null, "payment:cash": null, "was:building": null, "ref:mkrf_theaters": null, "ref:mkrf.ru": null, "level": null, "energy_class": null, "source:start_date": null, "ref:sobory.ru": null, "official_name:de": null, "telecom": null, "education_profile:general": null, "education_level:secondary": null, "education_level:primary": null, "education_form:fulltime": null, "name:ml": null, "email": null, "end_date": null, "architect:wikidata": null, "building:min_level": null, "abandoned": null, "research": null, "education_system:ru_standard": null, "education_profile:professional": null, "education_level:higher": null, "education": null, "zoo": null, "is_in:zoo": null, "attraction": null, "was:name": null, "disused:amenity": null, "swimming_pool": null, "sport": null, "leisure": null, "voltage": null, "shop": null, "min_level": null, "max_level": null, "building:parts": null, "addr:region": null, "target": null, "official_name:pl": null, "embassy": null, "diplomatic": null, "country": null, "alt_name:pl": null, "short_name:ru": null, "short_name:en": null, "contact:youtube": null, "contact:twitter": null, "contact:instagram": null, "contact:facebook": null, "official_name:en": null, "int_name": null, "rooms": null, "operator": null, "brand:wikipedia": null, "brand:wikidata": null, "brand:ru": null, "brand:en": null, "brand": null, "wheelchair": null, "layer": null, "old_name:en": null, "aeroway:light": null, "architect": null, "description": null, "old_name": null, "industrial": null, "wikipedia:ru": null, "name:fa": null, "alt_name:en": null, "alt_name:de": null, "design:ref": null, "religion": null, "loc_name": null, "denomination": null, "phone": null, "name:sr": null, "name:sk": null, "name:pt": null, "name:mk": null, "name:ka": null, "name:it": null, "name:hu": null, "name:he": null, "name:es": null, "name:el": null, "name:bg": null, "museum": null, "proposed:name": null, "name:cv": null, "name:cs": null, "name:be": null, "building:levels:underground": null, "contact:vk": null, "website": null, "name:zh": null, "ref": null, "historic": null, "roof:levels": null, "material": null, "building:flats": "64", "addr2:street": null, "addr2:housenumber": null, "heritage:name": null, "heritage": null, "substance": null, "pipeline": null, "man_made": null, "tourism": null, "stars": null, "opening_hours": null, "check_date": null, "addr:street2": null, "addr:housenumber2": null, "substation": null, "power": null, "location": null, "building:part": null, "height": null, "addr:postcode": null, "short_name": null, "official_name": null, "government": null, "contact:website": null, "contact:phone": null, "contact:email": null, "office": null, "wikipedia": null, "wikidata": null, "start_date": "1965", "name:vi": null, "name:ru": null, "name:ro": null, "name:pl": null, "name:nl": null, "name:ja": null, "name:fr": null, "name:fi": null, "name:eo": null, "name:en": null, "name:de": null, "name:ca": null, "alt_name": null, "name:uk": null, "name": null, "healthcare": null, "health_facility:type": null, "amenity": null, "type": null, "roof:shape": "flat", "roof:material": "tar_paper", "roof:colour": "grey", "roof:angle": null, "building:material": "brick", "building:levels": "9", "building:colour": "beige", "building:architecture": null, "building": "apartments", "addr:country": "RU", "addr:city": "Москва" }, "geometry": { "type": "MultiPolygon", "coordinates": [ [ [ [ 37.5595063, 55.7467185 ], [ 37.559472, 55.7465984 ], [ 37.5586667, 55.7466819 ], [ 37.5587105, 55.7468027 ], [ 37.5595063, 55.7467185 ] ] ] ] } },
{ "type": "Feature", "properties": { "full_id": "w467889057", "osm_id": "467889057", "osm_type": "way", "addr:housenumber": "14 к1", "addr:street": "улица Пресненский Вал", "addr:place": null, "official_status": null, "est_height": null, "bicycle_parking": null, "provided_for:toddler": null, "provided_for:infant": null, "provided_for:child": null, "provided_for:adolescent": null, "floating": null, "ele": null, "payment:visa_electron": null, "payment:visa": null, "payment:mastercard": null, "payment:maestro": null, "social_facility:for": null, "social_facility": null, "architect:wikipedia": null, "name:ky": null, "air_conditioning": null, "parking": null, "provided_for:female": null, "health_specialty:gynaecology": null, "official_name:is": null, "name:is": null, "name:th": null, "subject:wikimedia_commons": null, "emergency:phone": null, "name:bn": null, "official_name:tr": null, "name:tr": null, "was:amenity": null, "toilets": null, "fuel:octane_95": null, "fuel:octane_92": null, "fuel:diesel": null, "car_wash": null, "cafe": null, "barrier": null, "contact:ok": null, "gas": null, "contact:telegram": null, "utility": null, "denomination:ru": null, "roof:orientation": null, "street_cabinet": null, "building:year_built": null, "name:et": null, "alt_name:et": null, "name:tk": null, "consulate": null, "was:man_made": null, "name:signed": null, "service": null, "opening_hours:signed": null, "official_name:az": null, "name:az": null, "addr:source": null, "studio": null, "official_name:tg": null, "name:tg": null, "toilets:disposal": null, "historic:name": null, "health_specialty:toxicology": null, "landuse": null, "demolished:building": null, "name:da": null, "operator:wikipedia": null, "atm": null, "official_name:tl": null, "name:tl": null, "name:ta": null, "name:ms": null, "name:ps": null, "official_name:no": null, "name:no": null, "subway": null, "health_specialty:endocrinology": null, "contact:fax": null, "name:ko": null, "operator:wikidata": null, "operator:ru": null, "operator:en": null, "name:sl": null, "name:lt": null, "name:hr": null, "name:hi": null, "access": null, "old_name:de": null, "healthcare:speciality": null, "addr:full": null, "building:cladding": null, "diet:vegetarian": null, "takeaway": null, "microbrewery": null, "check_date:opening_hours": null, "wikipedia:en": null, "twitter": null, "fax": null, "diplomatic:services:non-immigrant_visas": null, "diplomatic:services:immigrant_visas": null, "diplomatic:services:citizen_services": null, "official_name:ru": null, "official_short_type": null, "dog": null, "ref:temples.ru": null, "emergency": null, "full_name": null, "comment": null, "name:mn": null, "name:uz": null, "name:tt-Latn": null, "name:tt": null, "name:sah": null, "name:hy": null, "name:ba": null, "alt_name:nl": null, "alt_name:fr": null, "design:note": null, "medical_system:western": null, "disused": null, "faculty": null, "training": null, "ownership": null, "education_profile:music": null, "education_form:parttime": null, "addr:unit": null, "construction": null, "year_of_construction": null, "note:cadastre:id": null, "police": null, "fee": null, "theatre:genre": null, "smoking": null, "capacity": null, "building:use": null, "language:ka": null, "rating": null, "roof:height": null, "internet_access:fee": null, "internet_access": null, "building:levels:habitable": null, "cuisine": null, "name:ar": null, "education_level:preschool": null, "service:vehicle:window_tinting": null, "service:vehicle:scratch_removal": null, "service:vehicle:protective_film": null, "service:vehicle:polishing": null, "service:vehicle:painting": null, "service:vehicle:interior_cleaning": null, "service:vehicle:detailing": null, "service:vehicle:ceramic_coating": null, "service:vehicle:car_wash": null, "service:vehicle:car_repair": null, "service:vehicle:body_repair": null, "payment:debit_cards": null, "payment:credit_cards": null, "payment:cash": null, "was:building": null, "ref:mkrf_theaters": null, "ref:mkrf.ru": null, "level": null, "energy_class": null, "source:start_date": null, "ref:sobory.ru": null, "official_name:de": null, "telecom": null, "education_profile:general": null, "education_level:secondary": null, "education_level:primary": null, "education_form:fulltime": null, "name:ml": null, "email": null, "end_date": null, "architect:wikidata": null, "building:min_level": null, "abandoned": null, "research": null, "education_system:ru_standard": null, "education_profile:professional": null, "education_level:higher": null, "education": null, "zoo": null, "is_in:zoo": null, "attraction": null, "was:name": null, "disused:amenity": null, "swimming_pool": null, "sport": null, "leisure": null, "voltage": null, "shop": null, "min_level": null, "max_level": null, "building:parts": null, "addr:region": null, "target": null, "official_name:pl": null, "embassy": null, "diplomatic": null, "country": null, "alt_name:pl": null, "short_name:ru": null, "short_name:en": null, "contact:youtube": null, "contact:twitter": null, "contact:instagram": null, "contact:facebook": null, "official_name:en": null, "int_name": null, "rooms": null, "operator": null, "brand:wikipedia": null, "brand:wikidata": null, "brand:ru": null, "brand:en": null, "brand": null, "wheelchair": null, "layer": null, "old_name:en": null, "aeroway:light": null, "architect": null, "description": null, "old_name": null, "industrial": null, "wikipedia:ru": null, "name:fa": null, "alt_name:en": null, "alt_name:de": null, "design:ref": null, "religion": null, "loc_name": null, "denomination": null, "phone": null, "name:sr": null, "name:sk": null, "name:pt": null, "name:mk": null, "name:ka": null, "name:it": null, "name:hu": null, "name:he": null, "name:es": null, "name:el": null, "name:bg": null, "museum": null, "proposed:name": null, "name:cv": null, "name:cs": null, "name:be": null, "building:levels:underground": null, "contact:vk": null, "website": null, "name:zh": null, "ref": null, "historic": null, "roof:levels": null, "material": null, "building:flats": "139", "addr2:street": null, "addr2:housenumber": null, "heritage:name": null, "heritage": null, "substance": null, "pipeline": null, "man_made": null, "tourism": null, "stars": null, "opening_hours": null, "check_date": null, "addr:street2": null, "addr:housenumber2": null, "substation": null, "power": null, "location": null, "building:part": null, "height": null, "addr:postcode": null, "short_name": null, "official_name": null, "government": null, "contact:website": null, "contact:phone": null, "contact:email": null, "office": null, "wikipedia": null, "wikidata": null, "start_date": null, "name:vi": null, "name:ru": null, "name:ro": null, "name:pl": null, "name:nl": null, "name:ja": null, "name:fr": null, "name:fi": null, "name:eo": null, "name:en": null, "name:de": null, "name:ca": null, "alt_name": null, "name:uk": null, "name": null, "healthcare": null, "health_facility:type": null, "amenity": null, "type": null, "roof:shape": null, "roof:material": null, "roof:colour": null, "roof:angle": null, "building:material": null, "building:levels": "12", "building:colour": null, "building:architecture": null, "building": "apartments", "addr:country": null, "addr:city": "Москва" }, "geometry": { "type": "MultiPolygon", "coordinates": [ [ [ [ 37.5687628, 55.7667504 ], [ 37.5692999, 55.7667164 ], [ 37.5692762, 55.7665955 ], [ 37.569115, 55.7666056 ], [ 37.5689273, 55.7666174 ], [ 37.5689096, 55.7665284 ], [ 37.5688858, 55.7664084 ], [ 37.5688687, 55.7663219 ], [ 37.5686802, 55.7663337 ], [ 37.5687628, 55.7667504 ] ] ] ] } },
{ "type": "Feature", "properties": { "full_id": "w1190817435", "osm_id": "1190817435", "osm_type": "way", "addr:housenumber": "1 к3", "addr:street": "улица Братьев Фонченко", "addr:place": null, "official_status": null, "est_height": null, "bicycle_parking": null, "provided_for:toddler": null, "provided_for:infant": null, "provided_for:child": null, "provided_for:adolescent": null, "floating": null, "ele": null, "payment:visa_electron": null, "payment:visa": null, "payment:mastercard": null, "payment:maestro": null, "social_facility:for": null, "social_facility": null, "architect:wikipedia": null, "name:ky": null, "air_conditioning": null, "parking": null, "provided_for:female": null, "health_specialty:gynaecology": null, "official_name:is": null, "name:is": null, "name:th": null, "subject:wikimedia_commons": null, "emergency:phone": null, "name:bn": null, "official_name:tr": null, "name:tr": null, "was:amenity": null, "toilets": null, "fuel:octane_95": null, "fuel:octane_92": null, "fuel:diesel": null, "car_wash": null, "cafe": null, "barrier": null, "contact:ok": null, "gas": null, "contact:telegram": null, "utility": null, "denomination:ru": null, "roof:orientation": null, "street_cabinet": null, "building:year_built": null, "name:et": null, "alt_name:et": null, "name:tk": null, "consulate": null, "was:man_made": null, "name:signed": null, "service": null, "opening_hours:signed": null, "official_name:az": null, "name:az": null, "addr:source": null, "studio": null, "official_name:tg": null, "name:tg": null, "toilets:disposal": null, "historic:name": null, "health_specialty:toxicology": null, "landuse": null, "demolished:building": null, "name:da": null, "operator:wikipedia": null, "atm": null, "official_name:tl": null, "name:tl": null, "name:ta": null, "name:ms": null, "name:ps": null, "official_name:no": null, "name:no": null, "subway": null, "health_specialty:endocrinology": null, "contact:fax": null, "name:ko": null, "operator:wikidata": null, "operator:ru": null, "operator:en": null, "name:sl": null, "name:lt": null, "name:hr": null, "name:hi": null, "access": null, "old_name:de": null, "healthcare:speciality": null, "addr:full": null, "building:cladding": null, "diet:vegetarian": null, "takeaway": null, "microbrewery": null, "check_date:opening_hours": null, "wikipedia:en": null, "twitter": null, "fax": null, "diplomatic:services:non-immigrant_visas": null, "diplomatic:services:immigrant_visas": null, "diplomatic:services:citizen_services": null, "official_name:ru": null, "official_short_type": null, "dog": null, "ref:temples.ru": null, "emergency": null, "full_name": null, "comment": null, "name:mn": null, "name:uz": null, "name:tt-Latn": null, "name:tt": null, "name:sah": null, "name:hy": null, "name:ba": null, "alt_name:nl": null, "alt_name:fr": null, "design:note": null, "medical_system:western": null, "disused": null, "faculty": null, "training": null, "ownership": null, "education_profile:music": null, "education_form:parttime": null, "addr:unit": null, "construction": null, "year_of_construction": null, "note:cadastre:id": null, "police": null, "fee": null, "theatre:genre": null, "smoking": null, "capacity": null, "building:use": null, "language:ka": null, "rating": null, "roof:height": null, "internet_access:fee": null, "internet_access": null, "building:levels:habitable": null, "cuisine": null, "name:ar": null, "education_level:preschool": null, "service:vehicle:window_tinting": null, "service:vehicle:scratch_removal": null, "service:vehicle:protective_film": null, "service:vehicle:polishing": null, "service:vehicle:painting": null, "service:vehicle:interior_cleaning": null, "service:vehicle:detailing": null, "service:vehicle:ceramic_coating": null, "service:vehicle:car_wash": null, "service:vehicle:car_repair": null, "service:vehicle:body_repair": null, "payment:debit_cards": null, "payment:credit_cards": null, "payment:cash": null, "was:building": null, "ref:mkrf_theaters": null, "ref:mkrf.ru": null, "level": null, "energy_class": null, "source:start_date": null, "ref:sobory.ru": null, "official_name:de": null, "telecom": null, "education_profile:general": null, "education_level:secondary": null, "education_level:primary": null, "education_form:fulltime": null, "name:ml": null, "email": null, "end_date": null, "architect:wikidata": null, "building:min_level": null, "abandoned": null, "research": null, "education_system:ru_standard": null, "education_profile:professional": null, "education_level:higher": null, "education": null, "zoo": null, "is_in:zoo": null, "attraction": null, "was:name": null, "disused:amenity": null, "swimming_pool": null, "sport": null, "leisure": null, "voltage": null, "shop": null, "min_level": null, "max_level": null, "building:parts": null, "addr:region": null, "target": null, "official_name:pl": null, "embassy": null, "diplomatic": null, "country": null, "alt_name:pl": null, "short_name:ru": null, "short_name:en": null, "contact:youtube": null, "contact:twitter": null, "contact:instagram": null, "contact:facebook": null, "official_name:en": null, "int_name": null, "rooms": null, "operator": null, "brand:wikipedia": null, "brand:wikidata": null, "brand:ru": null, "brand:en": null, "brand": null, "wheelchair": null, "layer": null, "old_name:en": null, "aeroway:light": null, "architect": null, "description": null, "old_name": null, "industrial": null, "wikipedia:ru": null, "name:fa": null, "alt_name:en": null, "alt_name:de": null, "design:ref": null, "religion": null, "loc_name": null, "denomination": null, "phone": null, "name:sr": null, "name:sk": null, "name:pt": null, "name:mk": null, "name:ka": null, "name:it": null, "name:hu": null, "name:he": null, "name:es": null, "name:el": null, "name:bg": null, "museum": null, "proposed:name": null, "name:cv": null, "name:cs": null, "name:be": null, "building:levels:underground": null, "contact:vk": null, "website": null, "name:zh": null, "ref": null, "historic": null, "roof:levels": null, "material": null, "building:flats": null, "addr2:street": null, "addr2:housenumber": null, "heritage:name": null, "heritage": null, "substance": null, "pipeline": null, "man_made": null, "tourism": null, "stars": null, "opening_hours": null, "check_date": null, "addr:street2": null, "addr:housenumber2": null, "substation": null, "power": null, "location": null, "building:part": null, "height": null, "addr:postcode": null, "short_name": null, "official_name": null, "government": null, "contact:website": null, "contact:phone": null, "contact:email": null, "office": null, "wikipedia": null, "wikidata": null, "start_date": null, "name:vi": null, "name:ru": null, "name:ro": null, "name:pl": null, "name:nl": null, "name:ja": null, "name:fr": null, "name:fi": null, "name:eo": null, "name:en": null, "name:de": null, "name:ca": null, "alt_name": null, "name:uk": null, "name": null, "healthcare": null, "health_facility:type": null, "amenity": null, "type": null, "roof:shape": null, "roof:material": null, "roof:colour": null, "roof:angle": null, "building:material": null, "building:levels": null, "building:colour": null, "building:architecture": null, "building": "apartments", "addr:country": null, "addr:city": null }, "geometry": { "type": "MultiPolygon", "coordinates": [ [ [ [ 37.5164561, 55.7325207 ], [ 37.5167745, 55.7322948 ], [ 37.5164656, 55.7321568 ], [ 37.5161473, 55.7323828 ], [ 37.5164561, 55.7325207 ] ] ] ] } }
]
}
